bar_number,bar_beat_number,note,track_msg_num,msg_type,delta_ticks,total_ticks,total_seconds,note,velocity,raw_data,beat_offset,beat_center,file_beat_number,beat_offset_ms,bar_number,bar_beat_number,style
1,1,36,0:6,note_on,5,5,0.0072674375,36,69,"{'type': 'note_on', 'time': 5, 'note': 36, 'velocity': 69, 'channel': 9}",5,0,0,0.0072674375,1,1,soul/groove3
1,1,42,0:8,note_on,0,16,0.0232558,42,113,"{'type': 'note_on', 'time': 0, 'note': 42, 'velocity': 113, 'channel': 9}",16,0,0,0.0232558,1,1,soul/groove3
1,2,42,0:12,note_on,0,128,0.1860464,42,81,"{'type': 'note_on', 'time': 0, 'note': 42, 'velocity': 81, 'channel': 9}",8,120,1,0.0116279,1,2,soul/groove3
1,3,42,0:15,note_on,0,245,0.3561044375,42,82,"{'type': 'note_on', 'time': 0, 'note': 42, 'velocity': 82, 'channel': 9}",5,240,2,0.0072674375,1,3,soul/groove3
1,4,42,0:18,note_on,0,367,0.5334299125,42,40,"{'type': 'note_on', 'time': 0, 'note': 42, 'velocity': 40, 'channel': 9}",7,360,3,0.0101744125,1,4,soul/groove3
1,4,36,0:19,note_on,8,375,0.5450578125,36,56,"{'type': 'note_on', 'time': 8, 'note': 36, 'velocity': 56, 'channel': 9}",15,360,3,0.0218023125,1,4,soul/groove3
1,5,38,0:22,note_on,39,483,0.7020344625,38,121,"{'type': 'note_on', 'time': 39, 'note': 38, 'velocity': 121, 'channel': 9}",3,480,4,0.0043604625000000004,1,5,soul/groove3
1,5,42,0:24,note_on,0,485,0.7049414375,42,104,"{'type': 'note_on', 'time': 0, 'note': 42, 'velocity': 104, 'channel': 9}",5,480,4,0.0072674375,1,5,soul/groove3
1,6,42,0:28,note_on,0,607,0.8822669125,42,50,"{'type': 'note_on', 'time': 0, 'note': 42, 'velocity': 50, 'channel': 9}",7,600,5,0.0101744125,1,6,soul/groove3
1,7,42,0:31,note_on,0,723,1.0508714625,42,62,"{'type': 'note_on', 'time': 0, 'note': 42, 'velocity': 62, 'channel': 9}",3,720,6,0.0043604625000000004,1,7,soul/groove3
1,8,42,0:34,note_on,0,846,1.229650425,42,95,"{'type': 'note_on', 'time': 0, 'note': 42, 'velocity': 95, 'channel': 9}",6,840,7,0.008720925000000001,1,8,soul/groove3
1,8,38,0:35,note_on,6,852,1.23837135,38,102,"{'type': 'note_on', 'time': 6, 'note': 38, 'velocity': 102, 'channel': 9}",12,840,7,0.017441850000000002,1,8,soul/groove3
1,9,42,0:39,note_on,0,972,1.41278985,42,93,"{'type': 'note_on', 'time': 0, 'note': 42, 'velocity': 93, 'channel': 9}",12,960,8,0.017441850000000002,1,9,soul/groove3
1,10,42,0:42,note_on,0,1092,1.58720835,42,81,"{'type': 'note_on', 'time': 0, 'note': 42, 'velocity': 81, 'channel': 9}",12,1080,9,0.017441850000000002,1,10,soul/groove3
1,10,36,0:43,note_on,27,1119,1.6264525125,36,41,"{'type': 'note_on', 'time': 27, 'note': 36, 'velocity': 41, 'channel': 9}",39,1080,9,0.0566860125,1,10,soul/groove3
1,11,36,0:46,note_on,17,1205,1.7514524375,36,64,"{'type': 'note_on', 'time': 17, 'note': 36, 'velocity': 64, 'channel': 9}",5,1200,10,0.0072674375,1,11,soul/groove3
1,11,42,0:48,note_on,0,1206,1.752905925,42,98,"{'type': 'note_on', 'time': 0, 'note': 42, 'velocity': 98, 'channel': 9}",6,1200,10,0.008720925000000001,1,11,soul/groove3
1,12,42,0:52,note_on,0,1327,1.9287779125,42,53,"{'type': 'note_on', 'time': 0, 'note': 42, 'velocity': 53, 'channel': 9}",7,1320,11,0.0101744125,1,12,soul/groove3
1,13,38,0:54,note_on,55,1452,2.11046385,38,113,"{'type': 'note_on', 'time': 55, 'note': 40, 'velocity': 113, 'channel': 9}",12,1440,12,0.017441850000000002,1,13,soul/groove3
1,13,42,0:56,note_on,0,1455,2.1148243125,42,92,"{'type': 'note_on', 'time': 0, 'note': 42, 'velocity': 92, 'channel': 9}",15,1440,12,0.0218023125,1,13,soul/groove3
1,14,42,0:60,note_on,0,1577,2.2921497875,42,94,"{'type': 'note_on', 'time': 0, 'note': 42, 'velocity': 94, 'channel': 9}",17,1560,13,0.0247092875,1,14,soul/groove3
1,14,36,0:61,note_on,4,1581,2.2979637375,36,63,"{'type': 'note_on', 'time': 4, 'note': 36, 'velocity': 63, 'channel': 9}",21,1560,13,0.0305232375,1,14,soul/groove3
1,15,42,0:65,note_on,0,1697,2.4665682875,42,78,"{'type': 'note_on', 'time': 0, 'note': 42, 'velocity': 78, 'channel': 9}",17,1680,14,0.0247092875,1,15,soul/groove3
1,16,36,0:67,note_on,46,1813,2.6351728375,36,43,"{'type': 'note_on', 'time': 46, 'note': 36, 'velocity': 43, 'channel': 9}",13,1800,15,0.0188953375,1,16,soul/groove3
1,16,42,0:69,note_on,0,1817,2.6409867875,42,83,"{'type': 'note_on', 'time': 0, 'note': 42, 'velocity': 83, 'channel': 9}",17,1800,15,0.0247092875,1,16,soul/groove3
2,1,36,0:72,note_on,27,1914,2.781975075,36,79,"{'type': 'note_on', 'time': 27, 'note': 36, 'velocity': 79, 'channel': 9}",-6,1920,16,-0.008720925000000001,2,1,soul/groove3
2,1,42,0:74,note_on,0,1928,2.8023239,42,89,"{'type': 'note_on', 'time': 0, 'note': 42, 'velocity': 89, 'channel': 9}",8,1920,16,0.0116279,2,1,soul/groove3
2,2,42,0:78,note_on,0,2049,2.9781958875,42,77,"{'type': 'note_on', 'time': 0, 'note': 42, 'velocity': 77, 'channel': 9}",9,2040,17,0.0130813875,2,2,soul/groove3
2,3,42,0:81,note_on,0,2152,3.1279051,42,91,"{'type': 'note_on', 'time': 0, 'note': 42, 'velocity': 91, 'channel': 9}",-8,2160,18,-0.0116279,2,3,soul/groove3
2,4,42,0:84,note_on,0,2270,3.299416625,42,70,"{'type': 'note_on', 'time': 0, 'note': 42, 'velocity': 70, 'channel': 9}",-10,2280,19,-0.014534875,2,4,soul/groove3
2,4,36,0:85,note_on,9,2279,3.3124980125,36,50,"{'type': 'note_on', 'time': 9, 'note': 36, 'velocity': 50, 'channel': 9}",-1,2280,19,-0.0014534875,2,4,soul/groove3
2,5,38,0:88,note_on,41,2390,3.473835125,38,122,"{'type': 'note_on', 'time': 41, 'note': 38, 'velocity': 122, 'channel': 9}",-10,2400,20,-0.014534875,2,5,soul/groove3
2,5,42,0:90,note_on,0,2392,3.4767421,42,83,"{'type': 'note_on', 'time': 0, 'note': 42, 'velocity': 83, 'channel': 9}",-8,2400,20,-0.0116279,2,5,soul/groove3
2,6,42,0:94,note_on,0,2520,3.6627885,42,78,"{'type': 'note_on', 'time': 0, 'note': 42, 'velocity': 78, 'channel': 9}",0,2520,21,0.0,2,6,soul/groove3
2,7,42,0:97,note_on,0,2630,3.822672125,42,79,"{'type': 'note_on', 'time': 0, 'note': 42, 'velocity': 79, 'channel': 9}",-10,2640,22,-0.014534875,2,7,soul/groove3
2,8,42,0:100,note_on,0,2749,3.9956371375,42,90,"{'type': 'note_on', 'time': 0, 'note': 42, 'velocity': 90, 'channel': 9}",-11,2760,23,-0.0159883625,2,8,soul/groove3
2,8,38,0:101,note_on,2,2751,3.9985441125,38,109,"{'type': 'note_on', 'time': 2, 'note': 38, 'velocity': 109, 'channel': 9}",-9,2760,23,-0.0130813875,2,8,soul/groove3
2,9,42,0:105,note_on,0,2866,4.165695175,42,83,"{'type': 'note_on', 'time': 0, 'note': 42, 'velocity': 83, 'channel': 9}",-14,2880,24,-0.020348825,2,9,soul/groove3
2,10,42,0:108,note_on,0,2990,4.345927625,42,86,"{'type': 'note_on', 'time': 0, 'note': 42, 'velocity': 86, 'channel': 9}",-10,3000,25,-0.014534875,2,10,soul/groove3
2,10,36,0:109,note_on,12,3002,4.363369475,36,43,"{'type': 'note_on', 'time': 12, 'note': 36, 'velocity': 43, 'channel': 9}",2,3000,25,0.002906975,2,10,soul/groove3
2,11,36,0:112,note_on,24,3095,4.4985438125,36,69,"{'type': 'note_on', 'time': 24, 'note': 36, 'velocity': 69, 'channel': 9}",-25,3120,26,-0.0363371875,2,11,soul/groove3
2,11,42,0:114,note_on,0,3102,4.508718225,42,87,"{'type': 'note_on', 'time': 0, 'note': 42, 'velocity': 87, 'channel': 9}",-18,3120,26,-0.026162775,2,11,soul/groove3
2,12,42,0:118,note_on,0,3227,4.6904041625,42,55,"{'type': 'note_on', 'time': 0, 'note': 42, 'velocity': 55, 'channel': 9}",-13,3240,27,-0.0188953375,2,12,soul/groove3
2,13,42,0:121,note_on,0,3346,4.863369175,42,91,"{'type': 'note_on', 'time': 0, 'note': 42, 'velocity': 91, 'channel': 9}",-14,3360,28,-0.020348825,2,13,soul/groove3
2,13,38,0:122,note_on,2,3348,4.86627615,38,108,"{'type': 'note_on', 'time': 2, 'note': 40, 'velocity': 108, 'channel': 9}",-12,3360,28,-0.017441850000000002,2,13,soul/groove3
2,14,42,0:126,note_on,0,3469,5.0421481375,42,80,"{'type': 'note_on', 'time': 0, 'note': 42, 'velocity': 80, 'channel': 9}",-11,3480,29,-0.0159883625,2,14,soul/groove3
2,14,36,0:127,note_on,8,3477,5.0537760375,36,62,"{'type': 'note_on', 'time': 8, 'note': 36, 'velocity': 62, 'channel': 9}",-3,3480,29,-0.0043604625000000004,2,14,soul/groove3
2,15,42,0:131,note_on,0,3590,5.218020125,42,96,"{'type': 'note_on', 'time': 0, 'note': 42, 'velocity': 96, 'channel': 9}",-10,3600,30,-0.014534875,2,15,soul/groove3
2,16,42,0:134,note_on,0,3707,5.3880781625,42,86,"{'type': 'note_on', 'time': 0, 'note': 42, 'velocity': 86, 'channel': 9}",-13,3720,31,-0.0188953375,2,16,soul/groove3
2,16,36,0:135,note_on,12,3719,5.4055200125,36,43,"{'type': 'note_on', 'time': 12, 'note': 36, 'velocity': 43, 'channel': 9}",-1,3720,31,-0.0014534875,2,16,soul/groove3
3,1,36,0:138,note_on,29,3818,5.549415275,36,77,"{'type': 'note_on', 'time': 29, 'note': 36, 'velocity': 77, 'channel': 9}",-22,3840,32,-0.031976725,3,1,soul/groove3
3,1,42,0:140,note_on,0,3827,5.5624966625,42,86,"{'type': 'note_on', 'time': 0, 'note': 42, 'velocity': 86, 'channel': 9}",-13,3840,32,-0.0188953375,3,1,soul/groove3
3,2,42,0:144,note_on,0,3947,5.7369151625,42,73,"{'type': 'note_on', 'time': 0, 'note': 42, 'velocity': 73, 'channel': 9}",-13,3960,33,-0.0188953375,3,2,soul/groove3
3,3,42,0:147,note_on,0,4061,5.9026127375,42,98,"{'type': 'note_on', 'time': 0, 'note': 42, 'velocity': 98, 'channel': 9}",-19,4080,34,-0.0276162625,3,3,soul/groove3
3,4,42,0:150,note_on,0,4179,6.0741242625,42,73,"{'type': 'note_on', 'time': 0, 'note': 42, 'velocity': 73, 'channel': 9}",-21,4200,35,-0.0305232375,3,4,soul/groove3
3,4,36,0:151,note_on,11,4190,6.090112625,36,51,"{'type': 'note_on', 'time': 11, 'note': 36, 'velocity': 51, 'channel': 9}",-10,4200,35,-0.014534875,3,4,soul/groove3
3,5,38,0:154,note_on,38,4297,6.2456357875,38,116,"{'type': 'note_on', 'time': 38, 'note': 40, 'velocity': 116, 'channel': 9}",-23,4320,36,-0.0334302125,3,5,soul/groove3
3,5,42,0:156,note_on,0,4299,6.2485427625,42,104,"{'type': 'note_on', 'time': 0, 'note': 42, 'velocity': 104, 'channel': 9}",-21,4320,36,-0.0305232375,3,5,soul/groove3
3,6,42,0:160,note_on,0,4425,6.4316821875,42,85,"{'type': 'note_on', 'time': 0, 'note': 42, 'velocity': 85, 'channel': 9}",-15,4440,37,-0.0218023125,3,6,soul/groove3
3,7,42,0:163,note_on,0,4538,6.595926275,42,90,"{'type': 'note_on', 'time': 0, 'note': 42, 'velocity': 90, 'channel': 9}",-22,4560,38,-0.031976725,3,7,soul/groove3
3,8,42,0:166,note_on,0,4664,6.7790657,42,73,"{'type': 'note_on', 'time': 0, 'note': 42, 'velocity': 73, 'channel': 9}",-16,4680,39,-0.0232558,3,8,soul/groove3
3,8,38,0:167,note_on,6,4670,6.787786625,38,111,"{'type': 'note_on', 'time': 6, 'note': 38, 'velocity': 111, 'channel': 9}",-10,4680,39,-0.014534875,3,8,soul/groove3
3,9,42,0:171,note_on,0,4786,6.956391175,42,99,"{'type': 'note_on', 'time': 0, 'note': 42, 'velocity': 99, 'channel': 9}",-14,4800,40,-0.020348825,3,9,soul/groove3
3,10,42,0:174,note_on,0,4908,7.13371665,42,77,"{'type': 'note_on', 'time': 0, 'note': 42, 'velocity': 77, 'channel': 9}",-12,4920,41,-0.017441850000000002,3,10,soul/groove3
3,10,36,0:175,note_on,9,4917,7.1467980375,36,45,"{'type': 'note_on', 'time': 9, 'note': 36, 'velocity': 45, 'channel': 9}",-3,4920,41,-0.0043604625000000004,3,10,soul/groove3
3,11,36,0:178,note_on,28,5014,7.287786325,36,72,"{'type': 'note_on', 'time': 28, 'note': 36, 'velocity': 72, 'channel': 9}",-26,5040,42,-0.037790675,3,11,soul/groove3
3,11,42,0:180,note_on,0,5021,7.2979607375,42,89,"{'type': 'note_on', 'time': 0, 'note': 42, 'velocity': 89, 'channel': 9}",-19,5040,42,-0.0276162625,3,11,soul/groove3
3,12,42,0:184,note_on,0,5154,7.491274575,42,56,"{'type': 'note_on', 'time': 0, 'note': 42, 'velocity': 56, 'channel': 9}",-6,5160,43,-0.008720925000000001,3,12,soul/groove3
3,13,38,0:186,note_on,43,5266,7.654065175,38,127,"{'type': 'note_on', 'time': 43, 'note': 40, 'velocity': 127, 'channel': 9}",-14,5280,44,-0.020348825,3,13,soul/groove3
3,13,42,0:188,note_on,0,5269,7.6584256375,42,123,"{'type': 'note_on', 'time': 0, 'note': 42, 'velocity': 123, 'channel': 9}",-11,5280,44,-0.0159883625,3,13,soul/groove3
3,14,42,0:192,note_on,0,5393,7.8386580875,42,71,"{'type': 'note_on', 'time': 0, 'note': 42, 'velocity': 71, 'channel': 9}",-7,5400,45,-0.0101744125,3,14,soul/groove3
3,14,36,0:193,note_on,2,5395,7.8415650625,36,58,"{'type': 'note_on', 'time': 2, 'note': 36, 'velocity': 58, 'channel': 9}",-5,5400,45,-0.0072674375,3,14,soul/groove3
3,15,42,0:197,note_on,0,5512,8.0116231,42,106,"{'type': 'note_on', 'time': 0, 'note': 42, 'velocity': 106, 'channel': 9}",-8,5520,46,-0.0116279,3,15,soul/groove3
3,16,42,0:200,note_on,0,5637,8.1933090375,42,79,"{'type': 'note_on', 'time': 0, 'note': 42, 'velocity': 79, 'channel': 9}",-3,5640,47,-0.0043604625000000004,3,16,soul/groove3
3,16,36,0:201,note_on,2,5639,8.1962160125,36,40,"{'type': 'note_on', 'time': 2, 'note': 36, 'velocity': 40, 'channel': 9}",-1,5640,47,-0.0014534875,3,16,soul/groove3
4,1,36,0:204,note_on,30,5738,8.340111275,36,74,"{'type': 'note_on', 'time': 30, 'note': 36, 'velocity': 74, 'channel': 9}",-22,5760,48,-0.031976725,4,1,soul/groove3
4,1,42,0:206,note_on,0,5748,8.35464615,42,109,"{'type': 'note_on', 'time': 0, 'note': 42, 'velocity': 109, 'channel': 9}",-12,5760,48,-0.017441850000000002,4,1,soul/groove3
4,2,42,0:210,note_on,0,5878,8.543599525,42,51,"{'type': 'note_on', 'time': 0, 'note': 42, 'velocity': 51, 'channel': 9}",-2,5880,49,-0.002906975,4,2,soul/groove3
4,3,42,0:213,note_on,0,5984,8.6976692,42,89,"{'type': 'note_on', 'time': 0, 'note': 42, 'velocity': 89, 'channel': 9}",-16,6000,50,-0.0232558,4,3,soul/groove3
4,4,42,0:217,note_on,0,6106,8.874994675,42,41,"{'type': 'note_on', 'time': 0, 'note': 42, 'velocity': 41, 'channel': 9}",-14,6120,51,-0.020348825,4,4,soul/groove3
4,4,36,0:216,note_on,0,6106,8.874994675,36,50,"{'type': 'note_on', 'time': 0, 'note': 36, 'velocity': 50, 'channel': 9}",-14,6120,51,-0.020348825,4,4,soul/groove3
4,5,38,0:221,note_on,0,6224,9.0465062,38,110,"{'type': 'note_on', 'time': 0, 'note': 40, 'velocity': 110, 'channel': 9}",-16,6240,52,-0.0232558,4,5,soul/groove3
4,5,42,0:222,note_on,0,6224,9.0465062,42,127,"{'type': 'note_on', 'time': 0, 'note': 42, 'velocity': 127, 'channel': 9}",-16,6240,52,-0.0232558,4,5,soul/groove3
4,6,42,0:226,note_on,0,6352,9.2325526,42,57,"{'type': 'note_on', 'time': 0, 'note': 42, 'velocity': 57, 'channel': 9}",-8,6360,53,-0.0116279,4,6,soul/groove3
4,7,42,0:229,note_on,0,6466,9.398250175,42,82,"{'type': 'note_on', 'time': 0, 'note': 42, 'velocity': 82, 'channel': 9}",-14,6480,54,-0.020348825,4,7,soul/groove3
4,8,42,0:232,note_on,0,6589,9.5770291375,42,64,"{'type': 'note_on', 'time': 0, 'note': 42, 'velocity': 64, 'channel': 9}",-11,6600,55,-0.0159883625,4,8,soul/groove3
4,8,38,0:233,note_on,14,6603,9.5973779625,38,105,"{'type': 'note_on', 'time': 14, 'note': 38, 'velocity': 105, 'channel': 9}",3,6600,55,0.0043604625000000004,4,8,soul/groove3
4,9,42,0:237,note_on,0,6715,9.7601685625,42,83,"{'type': 'note_on', 'time': 0, 'note': 42, 'velocity': 83, 'channel': 9}",-5,6720,56,-0.0072674375,4,9,soul/groove3
4,10,36,0:239,note_on,51,6835,9.9345870625,36,44,"{'type': 'note_on', 'time': 51, 'note': 36, 'velocity': 44, 'channel': 9}",-5,6840,57,-0.0072674375,4,10,soul/groove3
4,10,42,0:241,note_on,0,6837,9.9374940375,42,58,"{'type': 'note_on', 'time': 0, 'note': 42, 'velocity': 58, 'channel': 9}",-3,6840,57,-0.0043604625000000004,4,10,soul/groove3
4,11,36,0:244,note_on,30,6937,10.0828427875,36,75,"{'type': 'note_on', 'time': 30, 'note': 36, 'velocity': 75, 'channel': 9}",-23,6960,58,-0.0334302125,4,11,soul/groove3
4,11,42,0:246,note_on,0,6947,10.0973776625,42,110,"{'type': 'note_on', 'time': 0, 'note': 42, 'velocity': 110, 'channel': 9}",-13,6960,58,-0.0188953375,4,11,soul/groove3
4,12,42,0:250,note_on,0,7076,10.284877550000001,42,56,"{'type': 'note_on', 'time': 0, 'note': 42, 'velocity': 56, 'channel': 9}",-4,7080,59,-0.00581395,4,12,soul/groove3
4,13,38,0:252,note_on,43,7188,10.44766815,38,102,"{'type': 'note_on', 'time': 43, 'note': 40, 'velocity': 102, 'channel': 9}",-12,7200,60,-0.017441850000000002,4,13,soul/groove3
4,13,42,0:254,note_on,0,7196,10.45929605,42,127,"{'type': 'note_on', 'time': 0, 'note': 42, 'velocity': 127, 'channel': 9}",-4,7200,60,-0.00581395,4,13,soul/groove3
4,14,36,0:257,note_on,50,7316,10.63371455,36,59,"{'type': 'note_on', 'time': 50, 'note': 36, 'velocity': 59, 'channel': 9}",-4,7320,61,-0.00581395,4,14,soul/groove3
4,14,42,0:259,note_on,0,7322,10.642435475,42,68,"{'type': 'note_on', 'time': 0, 'note': 42, 'velocity': 68, 'channel': 9}",2,7320,61,0.002906975,4,14,soul/groove3
4,15,42,0:263,note_on,0,7434,10.805226075,42,103,"{'type': 'note_on', 'time': 0, 'note': 42, 'velocity': 103, 'channel': 9}",-6,7440,62,-0.008720925000000001,4,15,soul/groove3
4,16,42,0:267,note_on,0,7557,10.9840050375,42,86,"{'type': 'note_on', 'time': 0, 'note': 42, 'velocity': 86, 'channel': 9}",-3,7560,63,-0.0043604625000000004,4,16,soul/groove3
4,16,36,0:266,note_on,0,7557,10.9840050375,36,38,"{'type': 'note_on', 'time': 0, 'note': 36, 'velocity': 38, 'channel': 9}",-3,7560,63,-0.0043604625000000004,4,16,soul/groove3
5,1,36,0:270,note_on,33,7660,11.13371425,36,74,"{'type': 'note_on', 'time': 33, 'note': 36, 'velocity': 74, 'channel': 9}",-20,7680,64,-0.02906975,5,1,soul/groove3
5,1,42,0:272,note_on,0,7669,11.1467956375,42,123,"{'type': 'note_on', 'time': 0, 'note': 42, 'velocity': 123, 'channel': 9}",-11,7680,64,-0.0159883625,5,1,soul/groove3
5,2,42,0:276,note_on,0,7800,11.3372025,42,51,"{'type': 'note_on', 'time': 0, 'note': 42, 'velocity': 51, 'channel': 9}",0,7800,65,0.0,5,2,soul/groove3
5,3,42,0:279,note_on,0,7903,11.4869117125,42,93,"{'type': 'note_on', 'time': 0, 'note': 42, 'velocity': 93, 'channel': 9}",-17,7920,66,-0.0247092875,5,3,soul/groove3
5,4,42,0:282,note_on,0,8025,11.6642371875,42,55,"{'type': 'note_on', 'time': 0, 'note': 42, 'velocity': 55, 'channel': 9}",-15,8040,67,-0.0218023125,5,4,soul/groove3
5,4,36,0:283,note_on,9,8034,11.677318575,36,50,"{'type': 'note_on', 'time': 9, 'note': 36, 'velocity': 50, 'channel': 9}",-6,8040,67,-0.008720925000000001,5,4,soul/groove3
5,5,38,0:287,note_on,0,8149,11.8444696375,38,115,"{'type': 'note_on', 'time': 0, 'note': 38, 'velocity': 115, 'channel': 9}",-11,8160,68,-0.0159883625,5,5,soul/groove3
5,5,42,0:288,note_on,0,8149,11.8444696375,42,125,"{'type': 'note_on', 'time': 0, 'note': 42, 'velocity': 125, 'channel': 9}",-11,8160,68,-0.0159883625,5,5,soul/groove3
5,6,42,0:292,note_on,0,8283,12.0392369625,42,54,"{'type': 'note_on', 'time': 0, 'note': 42, 'velocity': 54, 'channel': 9}",3,8280,69,0.0043604625000000004,5,6,soul/groove3
5,7,42,0:295,note_on,0,8393,12.1991205875,42,91,"{'type': 'note_on', 'time': 0, 'note': 42, 'velocity': 91, 'channel': 9}",-7,8400,70,-0.0101744125,5,7,soul/groove3
5,8,38,0:297,note_on,52,8515,12.3764460625,38,112,"{'type': 'note_on', 'time': 52, 'note': 38, 'velocity': 112, 'channel': 9}",-5,8520,71,-0.0072674375,5,8,soul/groove3
5,8,42,0:299,note_on,0,8517,12.3793530375,42,66,"{'type': 'note_on', 'time': 0, 'note': 42, 'velocity': 66, 'channel': 9}",-3,8520,71,-0.0043604625000000004,5,8,soul/groove3
5,9,42,0:303,note_on,0,8639,12.5566785125,42,106,"{'type': 'note_on', 'time': 0, 'note': 42, 'velocity': 106, 'channel': 9}",-1,8640,72,-0.0014534875,5,9,soul/groove3
5,10,36,0:305,note_on,47,8756,12.72673655,36,42,"{'type': 'note_on', 'time': 47, 'note': 36, 'velocity': 42, 'channel': 9}",-4,8760,73,-0.00581395,5,10,soul/groove3
5,10,42,0:307,note_on,0,8766,12.741271425,42,74,"{'type': 'note_on', 'time': 0, 'note': 42, 'velocity': 74, 'channel': 9}",6,8760,73,0.008720925000000001,5,10,soul/groove3
5,11,36,0:310,note_on,21,8856,12.8720853,36,71,"{'type': 'note_on', 'time': 21, 'note': 36, 'velocity': 71, 'channel': 9}",-24,8880,74,-0.034883700000000004,5,11,soul/groove3
5,11,42,0:312,note_on,0,8871,12.8938876125,42,111,"{'type': 'note_on', 'time': 0, 'note': 42, 'velocity': 111, 'channel': 9}",-9,8880,74,-0.0130813875,5,11,soul/groove3
5,12,42,0:316,note_on,0,8998,13.078480525,42,44,"{'type': 'note_on', 'time': 0, 'note': 42, 'velocity': 44, 'channel': 9}",-2,9000,75,-0.002906975,5,12,soul/groove3
5,13,38,0:318,note_on,45,9113,13.2456315875,38,118,"{'type': 'note_on', 'time': 45, 'note': 40, 'velocity': 118, 'channel': 9}",-7,9120,76,-0.0101744125,5,13,soul/groove3
5,13,42,0:320,note_on,0,9115,13.2485385625,42,124,"{'type': 'note_on', 'time': 0, 'note': 42, 'velocity': 124, 'channel': 9}",-5,9120,76,-0.0072674375,5,13,soul/groove3
5,14,36,0:323,note_on,56,9241,13.4316779875,36,60,"{'type': 'note_on', 'time': 56, 'note': 36, 'velocity': 60, 'channel': 9}",1,9240,77,0.0014534875,5,14,soul/groove3
5,14,42,0:325,note_on,0,9246,13.438945425,42,49,"{'type': 'note_on', 'time': 0, 'note': 42, 'velocity': 49, 'channel': 9}",6,9240,77,0.008720925000000001,5,14,soul/groove3
5,15,42,0:329,note_on,0,9357,13.6002825375,42,106,"{'type': 'note_on', 'time': 0, 'note': 42, 'velocity': 106, 'channel': 9}",-3,9360,78,-0.0043604625000000004,5,15,soul/groove3
5,16,42,0:332,note_on,0,9477,13.7747010375,42,89,"{'type': 'note_on', 'time': 0, 'note': 42, 'velocity': 89, 'channel': 9}",-3,9480,79,-0.0043604625000000004,5,16,soul/groove3
5,16,36,0:333,note_on,2,9479,13.7776080125,36,41,"{'type': 'note_on', 'time': 2, 'note': 36, 'velocity': 41, 'channel': 9}",-1,9480,79,-0.0014534875,5,16,soul/groove3
6,1,36,0:336,note_on,34,9582,13.927317225,36,75,"{'type': 'note_on', 'time': 34, 'note': 36, 'velocity': 75, 'channel': 9}",-18,9600,80,-0.026162775,6,1,soul/groove3
6,1,42,0:338,note_on,0,9587,13.9345846625,42,120,"{'type': 'note_on', 'time': 0, 'note': 42, 'velocity': 120, 'channel': 9}",-13,9600,80,-0.0188953375,6,1,soul/groove3
6,2,42,0:342,note_on,0,9721,14.1293519875,42,52,"{'type': 'note_on', 'time': 0, 'note': 42, 'velocity': 52, 'channel': 9}",1,9720,81,0.0014534875,6,2,soul/groove3
6,3,42,0:345,note_on,0,9824,14.2790612,42,119,"{'type': 'note_on', 'time': 0, 'note': 42, 'velocity': 119, 'channel': 9}",-16,9840,82,-0.0232558,6,3,soul/groove3
6,4,36,0:347,note_on,55,9949,14.4607471375,36,52,"{'type': 'note_on', 'time': 55, 'note': 36, 'velocity': 52, 'channel': 9}",-11,9960,83,-0.0159883625,6,4,soul/groove3
6,4,42,0:349,note_on,0,9952,14.4651076,42,62,"{'type': 'note_on', 'time': 0, 'note': 42, 'velocity': 62, 'channel': 9}",-8,9960,83,-0.0116279,6,4,soul/groove3
6,5,38,0:353,note_on,0,10068,14.633712150000001,38,114,"{'type': 'note_on', 'time': 0, 'note': 40, 'velocity': 114, 'channel': 9}",-12,10080,84,-0.017441850000000002,6,5,soul/groove3
6,5,42,0:354,note_on,0,10068,14.633712150000001,42,121,"{'type': 'note_on', 'time': 0, 'note': 42, 'velocity': 121, 'channel': 9}",-12,10080,84,-0.017441850000000002,6,5,soul/groove3
6,6,42,0:358,note_on,0,10193,14.8153980875,42,62,"{'type': 'note_on', 'time': 0, 'note': 42, 'velocity': 62, 'channel': 9}",-7,10200,85,-0.0101744125,6,6,soul/groove3
6,7,42,0:361,note_on,0,10304,14.9767352,42,90,"{'type': 'note_on', 'time': 0, 'note': 42, 'velocity': 90, 'channel': 9}",-16,10320,86,-0.0232558,6,7,soul/groove3
6,8,42,0:364,note_on,0,10428,15.15696765,42,77,"{'type': 'note_on', 'time': 0, 'note': 42, 'velocity': 77, 'channel': 9}",-12,10440,87,-0.017441850000000002,6,8,soul/groove3
6,8,38,0:365,note_on,11,10439,15.1729560125,38,125,"{'type': 'note_on', 'time': 11, 'note': 38, 'velocity': 125, 'channel': 9}",-1,10440,87,-0.0014534875,6,8,soul/groove3
6,9,42,0:369,note_on,0,10557,15.3444675375,42,98,"{'type': 'note_on', 'time': 0, 'note': 42, 'velocity': 98, 'channel': 9}",-3,10560,88,-0.0043604625000000004,6,9,soul/groove3
6,10,42,0:372,note_on,0,10673,15.5130720875,42,104,"{'type': 'note_on', 'time': 0, 'note': 42, 'velocity': 104, 'channel': 9}",-7,10680,89,-0.0101744125,6,10,soul/groove3
6,10,36,0:373,note_on,3,10676,15.51743255,36,44,"{'type': 'note_on', 'time': 3, 'note': 36, 'velocity': 44, 'channel': 9}",-4,10680,89,-0.00581395,6,10,soul/groove3
6,11,36,0:376,note_on,28,10774,15.659874325,36,77,"{'type': 'note_on', 'time': 28, 'note': 36, 'velocity': 77, 'channel': 9}",-26,10800,90,-0.037790675,6,11,soul/groove3
6,11,42,0:378,note_on,0,10779,15.6671417625,42,100,"{'type': 'note_on', 'time': 0, 'note': 42, 'velocity': 100, 'channel': 9}",-21,10800,90,-0.0305232375,6,11,soul/groove3
6,12,42,0:382,note_on,0,10908,15.85464165,42,55,"{'type': 'note_on', 'time': 0, 'note': 42, 'velocity': 55, 'channel': 9}",-12,10920,91,-0.017441850000000002,6,12,soul/groove3
6,13,38,0:384,note_on,44,11022,16.020339225,38,119,"{'type': 'note_on', 'time': 44, 'note': 40, 'velocity': 119, 'channel': 9}",-18,11040,92,-0.026162775,6,13,soul/groove3
6,13,42,0:386,note_on,0,11023,16.0217927125,42,127,"{'type': 'note_on', 'time': 0, 'note': 42, 'velocity': 127, 'channel': 9}",-17,11040,92,-0.0247092875,6,13,soul/groove3
6,14,36,0:389,note_on,59,11152,16.2092926,36,60,"{'type': 'note_on', 'time': 59, 'note': 36, 'velocity': 60, 'channel': 9}",-8,11160,93,-0.0116279,6,14,soul/groove3
6,14,42,0:391,note_on,0,11153,16.2107460875,42,60,"{'type': 'note_on', 'time': 0, 'note': 42, 'velocity': 60, 'channel': 9}",-7,11160,93,-0.0101744125,6,14,soul/groove3
6,15,42,0:395,note_on,0,11259,16.3648157625,42,123,"{'type': 'note_on', 'time': 0, 'note': 42, 'velocity': 123, 'channel': 9}",-21,11280,94,-0.0305232375,6,15,soul/groove3
6,16,42,0:398,note_on,0,11385,16.5479551875,42,101,"{'type': 'note_on', 'time': 0, 'note': 42, 'velocity': 101, 'channel': 9}",-15,11400,95,-0.0218023125,6,16,soul/groove3
6,16,36,0:399,note_on,8,11393,16.5595830875,36,43,"{'type': 'note_on', 'time': 8, 'note': 36, 'velocity': 43, 'channel': 9}",-7,11400,95,-0.0101744125,6,16,soul/groove3
7,1,36,0:402,note_on,29,11491,16.7020248625,36,75,"{'type': 'note_on', 'time': 29, 'note': 36, 'velocity': 75, 'channel': 9}",-29,11520,96,-0.0421511375,7,1,soul/groove3
7,1,42,0:404,note_on,0,11494,16.706385325,42,111,"{'type': 'note_on', 'time': 0, 'note': 42, 'velocity': 111, 'channel': 9}",-26,11520,96,-0.037790675,7,1,soul/groove3
7,2,42,0:408,note_on,0,11632,16.9069666,42,64,"{'type': 'note_on', 'time': 0, 'note': 42, 'velocity': 64, 'channel': 9}",-8,11640,97,-0.0116279,7,2,soul/groove3
7,3,42,0:411,note_on,0,11735,17.0566758125,42,89,"{'type': 'note_on', 'time': 0, 'note': 42, 'velocity': 89, 'channel': 9}",-25,11760,98,-0.0363371875,7,3,soul/groove3
7,4,42,0:414,note_on,0,11857,17.2340012875,42,82,"{'type': 'note_on', 'time': 0, 'note': 42, 'velocity': 82, 'channel': 9}",-23,11880,99,-0.0334302125,7,4,soul/groove3
7,4,36,0:415,note_on,8,11865,17.2456291875,36,52,"{'type': 'note_on', 'time': 8, 'note': 36, 'velocity': 52, 'channel': 9}",-15,11880,99,-0.0218023125,7,4,soul/groove3
7,5,38,0:419,note_on,0,11978,17.409873275,38,112,"{'type': 'note_on', 'time': 0, 'note': 38, 'velocity': 112, 'channel': 9}",-22,12000,100,-0.031976725,7,5,soul/groove3
7,5,42,0:420,note_on,0,11978,17.409873275,42,127,"{'type': 'note_on', 'time': 0, 'note': 42, 'velocity': 127, 'channel': 9}",-22,12000,100,-0.031976725,7,5,soul/groove3
7,6,42,0:424,note_on,0,12103,17.5915592125,42,83,"{'type': 'note_on', 'time': 0, 'note': 42, 'velocity': 83, 'channel': 9}",-17,12120,101,-0.0247092875,7,6,soul/groove3
7,7,42,0:427,note_on,1,12222,17.764524225,42,91,"{'type': 'note_on', 'time': 1, 'note': 42, 'velocity': 91, 'channel': 9}",-18,12240,102,-0.026162775,7,7,soul/groove3
7,8,38,0:429,note_on,61,12351,17.9520241125,38,108,"{'type': 'note_on', 'time': 61, 'note': 40, 'velocity': 108, 'channel': 9}",-9,12360,103,-0.0130813875,7,8,soul/groove3
7,8,42,0:431,note_on,0,12358,17.962198525,42,96,"{'type': 'note_on', 'time': 0, 'note': 42, 'velocity': 96, 'channel': 9}",-2,12360,103,-0.002906975,7,8,soul/groove3
7,9,42,0:435,note_on,0,12476,18.13371005,42,86,"{'type': 'note_on', 'time': 0, 'note': 42, 'velocity': 86, 'channel': 9}",-4,12480,104,-0.00581395,7,9,soul/groove3
7,10,36,0:437,note_on,45,12591,18.3008611125,36,42,"{'type': 'note_on', 'time': 45, 'note': 36, 'velocity': 42, 'channel': 9}",-9,12600,105,-0.0130813875,7,10,soul/groove3
7,10,42,0:439,note_on,0,12600,18.3139425,42,98,"{'type': 'note_on', 'time': 0, 'note': 42, 'velocity': 98, 'channel': 9}",0,12600,105,0.0,7,10,soul/groove3
7,11,36,0:442,note_on,26,12695,18.4520238125,36,77,"{'type': 'note_on', 'time': 26, 'note': 36, 'velocity': 77, 'channel': 9}",-25,12720,106,-0.0363371875,7,11,soul/groove3
7,11,42,0:444,note_on,0,12706,18.468012175,42,101,"{'type': 'note_on', 'time': 0, 'note': 42, 'velocity': 101, 'channel': 9}",-14,12720,106,-0.020348825,7,11,soul/groove3
7,12,42,0:448,note_on,0,12833,18.6526050875,42,77,"{'type': 'note_on', 'time': 0, 'note': 42, 'velocity': 77, 'channel': 9}",-7,12840,107,-0.0101744125,7,12,soul/groove3
7,13,38,0:451,note_on,0,12952,18.8255701,38,127,"{'type': 'note_on', 'time': 0, 'note': 38, 'velocity': 127, 'channel': 9}",-8,12960,108,-0.0116279,7,13,soul/groove3
7,13,42,0:452,note_on,0,12952,18.8255701,42,127,"{'type': 'note_on', 'time': 0, 'note': 42, 'velocity': 127, 'channel': 9}",-8,12960,108,-0.0116279,7,13,soul/groove3
7,14,36,0:455,note_on,61,13083,19.0159769625,36,60,"{'type': 'note_on', 'time': 61, 'note': 36, 'velocity': 60, 'channel': 9}",3,13080,109,0.0043604625000000004,7,14,soul/groove3
7,14,42,0:457,note_on,0,13088,19.0232444,42,67,"{'type': 'note_on', 'time': 0, 'note': 42, 'velocity': 67, 'channel': 9}",8,13080,109,0.0116279,7,14,soul/groove3
7,15,42,0:461,note_on,0,13192,19.1744071,42,117,"{'type': 'note_on', 'time': 0, 'note': 42, 'velocity': 117, 'channel': 9}",-8,13200,110,-0.0116279,7,15,soul/groove3
7,16,42,0:464,note_on,0,13314,19.351732575,42,77,"{'type': 'note_on', 'time': 0, 'note': 42, 'velocity': 77, 'channel': 9}",-6,13320,111,-0.008720925000000001,7,16,soul/groove3
7,16,36,0:465,note_on,2,13316,19.35463955,36,43,"{'type': 'note_on', 'time': 2, 'note': 36, 'velocity': 43, 'channel': 9}",-4,13320,111,-0.00581395,7,16,soul/groove3
8,1,36,0:468,note_on,39,13425,19.5130696875,36,79,"{'type': 'note_on', 'time': 39, 'note': 36, 'velocity': 79, 'channel': 9}",-15,13440,112,-0.0218023125,8,1,soul/groove3
8,1,42,0:470,note_on,0,13430,19.520337125,42,126,"{'type': 'note_on', 'time': 0, 'note': 42, 'velocity': 126, 'channel': 9}",-10,13440,112,-0.014534875,8,1,soul/groove3
8,2,42,0:474,note_on,0,13558,19.706383525,42,71,"{'type': 'note_on', 'time': 0, 'note': 42, 'velocity': 71, 'channel': 9}",-2,13560,113,-0.002906975,8,2,soul/groove3
8,3,42,0:477,note_on,0,13667,19.8648136625,42,127,"{'type': 'note_on', 'time': 0, 'note': 42, 'velocity': 127, 'channel': 9}",-13,13680,114,-0.0188953375,8,3,soul/groove3
8,4,42,0:480,note_on,0,13791,20.0450461125,42,62,"{'type': 'note_on', 'time': 0, 'note': 42, 'velocity': 62, 'channel': 9}",-9,13800,115,-0.0130813875,8,4,soul/groove3
8,4,36,0:481,note_on,10,13801,20.0595809875,36,49,"{'type': 'note_on', 'time': 10, 'note': 36, 'velocity': 49, 'channel': 9}",1,13800,115,0.0014534875,8,4,soul/groove3
8,5,38,0:484,note_on,37,13907,20.2136506625,38,103,"{'type': 'note_on', 'time': 37, 'note': 38, 'velocity': 103, 'channel': 9}",-13,13920,116,-0.0188953375,8,5,soul/groove3
8,5,42,0:486,note_on,0,13910,20.218011125,42,108,"{'type': 'note_on', 'time': 0, 'note': 42, 'velocity': 108, 'channel': 9}",-10,13920,116,-0.014534875,8,5,soul/groove3
8,6,42,0:490,note_on,0,14035,20.3996970625,42,77,"{'type': 'note_on', 'time': 0, 'note': 42, 'velocity': 77, 'channel': 9}",-5,14040,117,-0.0072674375,8,6,soul/groove3
8,7,38,0:492,note_on,24,14129,20.5363248875,38,16,"{'type': 'note_on', 'time': 24, 'note': 38, 'velocity': 16, 'channel': 9}",-31,14160,118,-0.0450581125,8,7,soul/groove3
8,7,42,0:494,note_on,0,14147,20.5624876625,42,96,"{'type': 'note_on', 'time': 0, 'note': 42, 'velocity': 96, 'channel': 9}",-13,14160,118,-0.0188953375,8,7,soul/groove3
8,8,38,0:497,note_on,61,14277,20.7514410375,38,108,"{'type': 'note_on', 'time': 61, 'note': 38, 'velocity': 108, 'channel': 9}",-3,14280,119,-0.0043604625000000004,8,8,soul/groove3
8,8,42,0:499,note_on,0,14281,20.7572549875,42,75,"{'type': 'note_on', 'time': 0, 'note': 42, 'velocity': 75, 'channel': 9}",1,14280,119,0.0014534875,8,8,soul/groove3
8,9,42,0:503,note_on,0,14397,20.9258595375,42,120,"{'type': 'note_on', 'time': 0, 'note': 42, 'velocity': 120, 'channel': 9}",-3,14400,120,-0.0043604625000000004,8,9,soul/groove3
8,10,42,0:506,note_on,0,14519,21.1031850125,42,97,"{'type': 'note_on', 'time': 0, 'note': 42, 'velocity': 97, 'channel': 9}",-1,14520,121,-0.0014534875,8,10,soul/groove3
8,10,36,0:507,note_on,1,14520,21.1046385,36,43,"{'type': 'note_on', 'time': 1, 'note': 36, 'velocity': 43, 'channel': 9}",0,14520,121,0.0,8,10,soul/groove3
8,11,36,0:510,note_on,30,14619,21.2485337625,36,77,"{'type': 'note_on', 'time': 30, 'note': 36, 'velocity': 77, 'channel': 9}",-21,14640,122,-0.0305232375,8,11,soul/groove3
8,11,42,0:512,note_on,0,14627,21.2601616625,42,120,"{'type': 'note_on', 'time': 0, 'note': 42, 'velocity': 120, 'channel': 9}",-13,14640,122,-0.0188953375,8,11,soul/groove3
8,12,42,0:516,note_on,0,14758,21.450568525,42,69,"{'type': 'note_on', 'time': 0, 'note': 42, 'velocity': 69, 'channel': 9}",-2,14760,123,-0.002906975,8,12,soul/groove3
8,13,38,0:518,note_on,43,14871,21.6148126125,38,127,"{'type': 'note_on', 'time': 43, 'note': 40, 'velocity': 127, 'channel': 9}",-9,14880,124,-0.0130813875,8,13,soul/groove3
8,13,42,0:520,note_on,0,14876,21.62208005,42,127,"{'type': 'note_on', 'time': 0, 'note': 42, 'velocity': 127, 'channel': 9}",-4,14880,124,-0.00581395,8,13,soul/groove3
8,14,36,0:524,note_on,0,15005,21.8095799375,36,66,"{'type': 'note_on', 'time': 0, 'note': 36, 'velocity': 66, 'channel': 9}",5,15000,125,0.0072674375,8,14,soul/groove3
8,14,42,0:525,note_on,0,15005,21.8095799375,42,85,"{'type': 'note_on', 'time': 0, 'note': 42, 'velocity': 85, 'channel': 9}",5,15000,125,0.0072674375,8,14,soul/groove3
8,15,42,0:529,note_on,0,15117,21.9723705375,42,110,"{'type': 'note_on', 'time': 0, 'note': 42, 'velocity': 110, 'channel': 9}",-3,15120,126,-0.0043604625000000004,8,15,soul/groove3
8,16,36,0:531,note_on,52,15239,22.1496960125,36,46,"{'type': 'note_on', 'time': 52, 'note': 36, 'velocity': 46, 'channel': 9}",-1,15240,127,-0.0014534875,8,16,soul/groove3
8,16,42,0:533,note_on,0,15247,22.1613239125,42,68,"{'type': 'note_on', 'time': 0, 'note': 42, 'velocity': 68, 'channel': 9}",7,15240,127,0.0101744125,8,16,soul/groove3
9,1,36,0:536,note_on,30,15347,22.3066726625,36,82,"{'type': 'note_on', 'time': 30, 'note': 36, 'velocity': 82, 'channel': 9}",-13,15360,128,-0.0188953375,9,1,soul/groove3
9,1,42,0:538,note_on,0,15357,22.3212075375,42,127,"{'type': 'note_on', 'time': 0, 'note': 42, 'velocity': 127, 'channel': 9}",-3,15360,128,-0.0043604625000000004,9,1,soul/groove3
9,2,42,0:542,note_on,0,15490,22.514521375,42,62,"{'type': 'note_on', 'time': 0, 'note': 42, 'velocity': 62, 'channel': 9}",10,15480,129,0.014534875,9,2,soul/groove3
9,3,42,0:545,note_on,0,15592,22.6627771,42,111,"{'type': 'note_on', 'time': 0, 'note': 42, 'velocity': 111, 'channel': 9}",-8,15600,130,-0.0116279,9,3,soul/groove3
9,4,36,0:547,note_on,52,15714,22.840102575,36,56,"{'type': 'note_on', 'time': 52, 'note': 36, 'velocity': 56, 'channel': 9}",-6,15720,131,-0.008720925000000001,9,4,soul/groove3
9,4,42,0:549,note_on,0,15715,22.8415560625,42,53,"{'type': 'note_on', 'time': 0, 'note': 42, 'velocity': 53, 'channel': 9}",-5,15720,131,-0.0072674375,9,4,soul/groove3
9,5,38,0:553,note_on,0,15833,23.0130675875,38,115,"{'type': 'note_on', 'time': 0, 'note': 40, 'velocity': 115, 'channel': 9}",-7,15840,132,-0.0101744125,9,5,soul/groove3
9,5,42,0:554,note_on,0,15833,23.0130675875,42,127,"{'type': 'note_on', 'time': 0, 'note': 42, 'velocity': 127, 'channel': 9}",-7,15840,132,-0.0101744125,9,5,soul/groove3
9,6,42,0:558,note_on,0,15963,23.2020209625,42,79,"{'type': 'note_on', 'time': 0, 'note': 42, 'velocity': 79, 'channel': 9}",3,15960,133,0.0043604625000000004,9,6,soul/groove3
9,7,42,0:561,note_on,0,16073,23.3619045875,42,104,"{'type': 'note_on', 'time': 0, 'note': 42, 'velocity': 104, 'channel': 9}",-7,16080,134,-0.0101744125,9,7,soul/groove3
9,8,42,0:564,note_on,0,16201,23.5479509875,42,69,"{'type': 'note_on', 'time': 0, 'note': 42, 'velocity': 69, 'channel': 9}",1,16200,135,0.0014534875,9,8,soul/groove3
9,8,38,0:565,note_on,8,16209,23.5595788875,38,118,"{'type': 'note_on', 'time': 8, 'note': 38, 'velocity': 118, 'channel': 9}",9,16200,135,0.0130813875,9,8,soul/groove3
9,9,42,0:569,note_on,0,16318,23.718009025,42,100,"{'type': 'note_on', 'time': 0, 'note': 42, 'velocity': 100, 'channel': 9}",-2,16320,136,-0.002906975,9,9,soul/groove3
9,10,42,0:572,note_on,0,16441,23.8967879875,42,101,"{'type': 'note_on', 'time': 0, 'note': 42, 'velocity': 101, 'channel': 9}",1,16440,137,0.0014534875,9,10,soul/groove3
9,10,36,0:573,note_on,3,16444,23.90114845,36,41,"{'type': 'note_on', 'time': 3, 'note': 36, 'velocity': 41, 'channel': 9}",4,16440,137,0.00581395,9,10,soul/groove3
9,11,36,0:576,note_on,30,16543,24.0450437125,36,85,"{'type': 'note_on', 'time': 30, 'note': 36, 'velocity': 85, 'channel': 9}",-17,16560,138,-0.0247092875,9,11,soul/groove3
9,11,42,0:578,note_on,0,16552,24.0581251,42,100,"{'type': 'note_on', 'time': 0, 'note': 42, 'velocity': 100, 'channel': 9}",-8,16560,138,-0.0116279,9,11,soul/groove3
9,12,42,0:582,note_on,0,16679,24.2427180125,42,67,"{'type': 'note_on', 'time': 0, 'note': 42, 'velocity': 67, 'channel': 9}",-1,16680,139,-0.0014534875,9,12,soul/groove3
9,13,38,0:584,note_on,44,16793,24.4084155875,38,110,"{'type': 'note_on', 'time': 44, 'note': 40, 'velocity': 110, 'channel': 9}",-7,16800,140,-0.0101744125,9,13,soul/groove3
9,13,42,0:586,note_on,0,16796,24.41277605,42,127,"{'type': 'note_on', 'time': 0, 'note': 42, 'velocity': 127, 'channel': 9}",-4,16800,140,-0.00581395,9,13,soul/groove3
9,14,36,0:590,note_on,0,16919,24.5915550125,36,64,"{'type': 'note_on', 'time': 0, 'note': 36, 'velocity': 64, 'channel': 9}",-1,16920,141,-0.0014534875,9,14,soul/groove3
9,14,42,0:591,note_on,0,16919,24.5915550125,42,67,"{'type': 'note_on', 'time': 0, 'note': 42, 'velocity': 67, 'channel': 9}",-1,16920,141,-0.0014534875,9,14,soul/groove3
9,15,42,0:595,note_on,0,17040,24.767427,42,95,"{'type': 'note_on', 'time': 0, 'note': 42, 'velocity': 95, 'channel': 9}",0,17040,142,0.0,9,15,soul/groove3
9,16,36,0:597,note_on,44,17154,24.933124575,36,45,"{'type': 'note_on', 'time': 44, 'note': 36, 'velocity': 45, 'channel': 9}",-6,17160,143,-0.008720925000000001,9,16,soul/groove3
9,16,42,0:599,note_on,0,17167,24.9520199125,42,106,"{'type': 'note_on', 'time': 0, 'note': 42, 'velocity': 106, 'channel': 9}",7,17160,143,0.0101744125,9,16,soul/groove3
10,1,36,0:602,note_on,29,17266,25.095915175000002,36,75,"{'type': 'note_on', 'time': 29, 'note': 36, 'velocity': 75, 'channel': 9}",-14,17280,144,-0.020348825,10,1,soul/groove3
10,1,42,0:604,note_on,0,17276,25.11045005,42,127,"{'type': 'note_on', 'time': 0, 'note': 42, 'velocity': 127, 'channel': 9}",-4,17280,144,-0.00581395,10,1,soul/groove3
10,2,42,0:608,note_on,0,17402,25.293589475,42,55,"{'type': 'note_on', 'time': 0, 'note': 42, 'velocity': 55, 'channel': 9}",2,17400,145,0.002906975,10,2,soul/groove3
10,3,42,0:611,note_on,0,17507,25.4462056625,42,107,"{'type': 'note_on', 'time': 0, 'note': 42, 'velocity': 107, 'channel': 9}",-13,17520,146,-0.0188953375,10,3,soul/groove3
10,4,36,0:613,note_on,52,17629,25.6235311375,36,55,"{'type': 'note_on', 'time': 52, 'note': 36, 'velocity': 55, 'channel': 9}",-11,17640,147,-0.0159883625,10,4,soul/groove3
10,4,42,0:615,note_on,0,17639,25.6380660125,42,44,"{'type': 'note_on', 'time': 0, 'note': 42, 'velocity': 44, 'channel': 9}",-1,17640,147,-0.0014534875,10,4,soul/groove3
10,5,38,0:619,note_on,0,17748,25.79649615,38,118,"{'type': 'note_on', 'time': 0, 'note': 38, 'velocity': 118, 'channel': 9}",-12,17760,148,-0.017441850000000002,10,5,soul/groove3
10,5,42,0:620,note_on,0,17748,25.79649615,42,127,"{'type': 'note_on', 'time': 0, 'note': 42, 'velocity': 127, 'channel': 9}",-12,17760,148,-0.017441850000000002,10,5,soul/groove3
10,6,42,0:624,note_on,0,17878,25.985449525,42,69,"{'type': 'note_on', 'time': 0, 'note': 42, 'velocity': 69, 'channel': 9}",-2,17880,149,-0.002906975,10,6,soul/groove3
10,7,42,0:627,note_on,0,17986,26.142426175,42,115,"{'type': 'note_on', 'time': 0, 'note': 42, 'velocity': 115, 'channel': 9}",-14,18000,150,-0.020348825,10,7,soul/groove3
10,8,38,0:629,note_on,61,18117,26.3328330375,38,110,"{'type': 'note_on', 'time': 61, 'note': 38, 'velocity': 110, 'channel': 9}",-3,18120,151,-0.0043604625000000004,10,8,soul/groove3
10,8,42,0:631,note_on,0,18118,26.334286525,42,65,"{'type': 'note_on', 'time': 0, 'note': 42, 'velocity': 65, 'channel': 9}",-2,18120,151,-0.002906975,10,8,soul/groove3
10,9,42,0:635,note_on,0,18234,26.502891075,42,123,"{'type': 'note_on', 'time': 0, 'note': 42, 'velocity': 123, 'channel': 9}",-6,18240,152,-0.008720925000000001,10,9,soul/groove3
10,10,36,0:638,note_on,0,18356,26.68021655,36,43,"{'type': 'note_on', 'time': 0, 'note': 36, 'velocity': 43, 'channel': 9}",-4,18360,153,-0.00581395,10,10,soul/groove3
10,10,42,0:639,note_on,0,18356,26.68021655,42,74,"{'type': 'note_on', 'time': 0, 'note': 42, 'velocity': 74, 'channel': 9}",-4,18360,153,-0.00581395,10,10,soul/groove3
10,11,36,0:642,note_on,27,18453,26.8212048375,36,73,"{'type': 'note_on', 'time': 27, 'note': 36, 'velocity': 73, 'channel': 9}",-27,18480,154,-0.0392441625,10,11,soul/groove3
10,11,42,0:644,note_on,0,18463,26.8357397125,42,127,"{'type': 'note_on', 'time': 0, 'note': 42, 'velocity': 127, 'channel': 9}",-17,18480,154,-0.0247092875,10,11,soul/groove3
10,12,42,0:648,note_on,0,18592,27.0232396,42,69,"{'type': 'note_on', 'time': 0, 'note': 42, 'velocity': 69, 'channel': 9}",-8,18600,155,-0.0116279,10,12,soul/groove3
10,13,38,0:650,note_on,45,18706,27.188937175,38,114,"{'type': 'note_on', 'time': 45, 'note': 40, 'velocity': 114, 'channel': 9}",-14,18720,156,-0.020348825,10,13,soul/groove3
10,13,42,0:652,note_on,0,18708,27.19184415,42,127,"{'type': 'note_on', 'time': 0, 'note': 42, 'velocity': 127, 'channel': 9}",-12,18720,156,-0.017441850000000002,10,13,soul/groove3
10,14,36,0:655,note_on,50,18828,27.36626265,36,60,"{'type': 'note_on', 'time': 50, 'note': 36, 'velocity': 60, 'channel': 9}",-12,18840,157,-0.017441850000000002,10,14,soul/groove3
10,14,42,0:657,note_on,0,18838,27.380797525,42,76,"{'type': 'note_on', 'time': 0, 'note': 42, 'velocity': 76, 'channel': 9}",-2,18840,157,-0.002906975,10,14,soul/groove3
10,15,42,0:661,note_on,0,18953,27.5479485875,42,121,"{'type': 'note_on', 'time': 0, 'note': 42, 'velocity': 121, 'channel': 9}",-7,18960,158,-0.0101744125,10,15,soul/groove3
10,16,36,0:663,note_on,49,19071,27.7194601125,36,44,"{'type': 'note_on', 'time': 49, 'note': 36, 'velocity': 44, 'channel': 9}",-9,19080,159,-0.0130813875,10,16,soul/groove3
10,16,42,0:665,note_on,0,19075,27.7252740625,42,83,"{'type': 'note_on', 'time': 0, 'note': 42, 'velocity': 83, 'channel': 9}",-5,19080,159,-0.0072674375,10,16,soul/groove3
11,1,36,0:668,note_on,28,19173,27.8677158375,36,78,"{'type': 'note_on', 'time': 28, 'note': 36, 'velocity': 78, 'channel': 9}",-27,19200,160,-0.0392441625,11,1,soul/groove3
11,1,42,0:670,note_on,0,19185,27.8851576875,42,127,"{'type': 'note_on', 'time': 0, 'note': 42, 'velocity': 127, 'channel': 9}",-15,19200,160,-0.0218023125,11,1,soul/groove3
11,2,42,0:674,note_on,0,19312,28.0697506,42,66,"{'type': 'note_on', 'time': 0, 'note': 42, 'velocity': 66, 'channel': 9}",-8,19320,161,-0.0116279,11,2,soul/groove3
11,3,42,0:677,note_on,0,19421,28.2281807375,42,127,"{'type': 'note_on', 'time': 0, 'note': 42, 'velocity': 127, 'channel': 9}",-19,19440,162,-0.0276162625,11,3,soul/groove3
11,4,42,0:680,note_on,0,19545,28.4084131875,42,57,"{'type': 'note_on', 'time': 0, 'note': 42, 'velocity': 57, 'channel': 9}",-15,19560,163,-0.0218023125,11,4,soul/groove3
11,4,36,0:681,note_on,1,19546,28.409866675,36,54,"{'type': 'note_on', 'time': 1, 'note': 36, 'velocity': 54, 'channel': 9}",-14,19560,163,-0.020348825,11,4,soul/groove3
11,5,42,0:685,note_on,0,19667,28.5857386625,42,127,"{'type': 'note_on', 'time': 0, 'note': 42, 'velocity': 127, 'channel': 9}",-13,19680,164,-0.0188953375,11,5,soul/groove3
11,5,38,0:686,note_on,2,19669,28.5886456375,38,111,"{'type': 'note_on', 'time': 2, 'note': 38, 'velocity': 111, 'channel': 9}",-11,19680,164,-0.0159883625,11,5,soul/groove3
11,6,42,0:690,note_on,0,19797,28.7746920375,42,78,"{'type': 'note_on', 'time': 0, 'note': 42, 'velocity': 78, 'channel': 9}",-3,19800,165,-0.0043604625000000004,11,6,soul/groove3
11,7,42,0:693,note_on,0,19908,28.93602915,42,112,"{'type': 'note_on', 'time': 0, 'note': 42, 'velocity': 112, 'channel': 9}",-12,19920,166,-0.017441850000000002,11,7,soul/groove3
11,8,38,0:695,note_on,55,20033,29.1177150875,38,127,"{'type': 'note_on', 'time': 55, 'note': 38, 'velocity': 127, 'channel': 9}",-7,20040,167,-0.0101744125,11,8,soul/groove3
11,8,42,0:697,note_on,0,20036,29.12207555,42,90,"{'type': 'note_on', 'time': 0, 'note': 42, 'velocity': 90, 'channel': 9}",-4,20040,167,-0.00581395,11,8,soul/groove3
11,9,42,0:701,note_on,0,20158,29.299401025,42,114,"{'type': 'note_on', 'time': 0, 'note': 42, 'velocity': 114, 'channel': 9}",-2,20160,168,-0.002906975,11,9,soul/groove3
11,10,36,0:703,note_on,53,20281,29.4781799875,36,43,"{'type': 'note_on', 'time': 53, 'note': 36, 'velocity': 43, 'channel': 9}",1,20280,169,0.0014534875,11,10,soul/groove3
11,10,42,0:705,note_on,0,20284,29.48254045,42,91,"{'type': 'note_on', 'time': 0, 'note': 42, 'velocity': 91, 'channel': 9}",4,20280,169,0.00581395,11,10,soul/groove3
11,11,36,0:708,note_on,28,20382,29.624982225,36,78,"{'type': 'note_on', 'time': 28, 'note': 36, 'velocity': 78, 'channel': 9}",-18,20400,170,-0.026162775,11,11,soul/groove3
11,11,42,0:710,note_on,0,20391,29.6380636125,42,127,"{'type': 'note_on', 'time': 0, 'note': 42, 'velocity': 127, 'channel': 9}",-9,20400,170,-0.0130813875,11,11,soul/groove3
11,12,42,0:714,note_on,0,20523,29.8299239625,42,50,"{'type': 'note_on', 'time': 0, 'note': 42, 'velocity': 50, 'channel': 9}",3,20520,171,0.0043604625000000004,11,12,soul/groove3
11,13,38,0:717,note_on,0,20633,29.9898075875,38,109,"{'type': 'note_on', 'time': 0, 'note': 40, 'velocity': 109, 'channel': 9}",-7,20640,172,-0.0101744125,11,13,soul/groove3
11,13,42,0:718,note_on,0,20633,29.9898075875,42,127,"{'type': 'note_on', 'time': 0, 'note': 42, 'velocity': 127, 'channel': 9}",-7,20640,172,-0.0101744125,11,13,soul/groove3
11,14,42,0:722,note_on,0,20762,30.177307475,42,102,"{'type': 'note_on', 'time': 0, 'note': 42, 'velocity': 102, 'channel': 9}",2,20760,173,0.002906975,11,14,soul/groove3
11,14,36,0:723,note_on,1,20763,30.1787609625,36,60,"{'type': 'note_on', 'time': 1, 'note': 36, 'velocity': 60, 'channel': 9}",3,20760,173,0.0043604625000000004,11,14,soul/groove3
11,15,42,0:727,note_on,0,20873,30.3386445875,42,127,"{'type': 'note_on', 'time': 0, 'note': 42, 'velocity': 127, 'channel': 9}",-7,20880,174,-0.0101744125,11,15,soul/groove3
11,16,36,0:729,note_on,57,21000,30.5232375,36,41,"{'type': 'note_on', 'time': 57, 'note': 36, 'velocity': 41, 'channel': 9}",0,21000,175,0.0,11,16,soul/groove3
11,16,42,0:731,note_on,0,21004,30.52905145,42,89,"{'type': 'note_on', 'time': 0, 'note': 42, 'velocity': 89, 'channel': 9}",4,21000,175,0.00581395,11,16,soul/groove3
12,1,36,0:734,note_on,32,21105,30.675853687500002,36,76,"{'type': 'note_on', 'time': 32, 'note': 36, 'velocity': 76, 'channel': 9}",-15,21120,176,-0.0218023125,12,1,soul/groove3
12,1,42,0:736,note_on,0,21113,30.6874815875,42,127,"{'type': 'note_on', 'time': 0, 'note': 42, 'velocity': 127, 'channel': 9}",-7,21120,176,-0.0101744125,12,1,soul/groove3
12,2,42,0:740,note_on,0,21239,30.8706210125,42,78,"{'type': 'note_on', 'time': 0, 'note': 42, 'velocity': 78, 'channel': 9}",-1,21240,177,-0.0014534875,12,2,soul/groove3
12,3,42,0:743,note_on,0,21348,31.02905115,42,127,"{'type': 'note_on', 'time': 0, 'note': 42, 'velocity': 127, 'channel': 9}",-12,21360,178,-0.017441850000000002,12,3,soul/groove3
12,4,36,0:745,note_on,55,21473,31.2107370875,36,52,"{'type': 'note_on', 'time': 55, 'note': 36, 'velocity': 52, 'channel': 9}",-7,21480,179,-0.0101744125,12,4,soul/groove3
12,4,42,0:747,note_on,0,21479,31.2194580125,42,65,"{'type': 'note_on', 'time': 0, 'note': 42, 'velocity': 65, 'channel': 9}",-1,21480,179,-0.0014534875,12,4,soul/groove3
12,5,38,0:750,note_on,38,21587,31.3764346625,38,94,"{'type': 'note_on', 'time': 38, 'note': 38, 'velocity': 94, 'channel': 9}",-13,21600,180,-0.0188953375,12,5,soul/groove3
12,5,42,0:752,note_on,0,21591,31.3822486125,42,127,"{'type': 'note_on', 'time': 0, 'note': 42, 'velocity': 127, 'channel': 9}",-9,21600,180,-0.0130813875,12,5,soul/groove3
12,6,42,0:756,note_on,0,21719,31.5682950125,42,96,"{'type': 'note_on', 'time': 0, 'note': 42, 'velocity': 96, 'channel': 9}",-1,21720,181,-0.0014534875,12,6,soul/groove3
12,7,42,0:759,note_on,0,21828,31.72672515,42,123,"{'type': 'note_on', 'time': 0, 'note': 42, 'velocity': 123, 'channel': 9}",-12,21840,182,-0.017441850000000002,12,7,soul/groove3
12,8,42,0:762,note_on,0,21956,31.91277155,42,82,"{'type': 'note_on', 'time': 0, 'note': 42, 'velocity': 82, 'channel': 9}",-4,21960,183,-0.00581395,12,8,soul/groove3
12,8,38,0:763,note_on,11,21967,31.9287599125,38,124,"{'type': 'note_on', 'time': 11, 'note': 38, 'velocity': 124, 'channel': 9}",7,21960,183,0.0101744125,12,8,soul/groove3
12,9,42,0:767,note_on,0,22081,32.0944574875,42,126,"{'type': 'note_on', 'time': 0, 'note': 42, 'velocity': 126, 'channel': 9}",1,22080,184,0.0014534875,12,9,soul/groove3
12,10,36,0:769,note_on,51,22202,32.270329475,36,42,"{'type': 'note_on', 'time': 51, 'note': 36, 'velocity': 42, 'channel': 9}",2,22200,185,0.002906975,12,10,soul/groove3
12,10,42,0:771,note_on,0,22204,32.27323645,42,67,"{'type': 'note_on', 'time': 0, 'note': 42, 'velocity': 67, 'channel': 9}",4,22200,185,0.00581395,12,10,soul/groove3
12,11,36,0:774,note_on,25,22299,32.4113177625,36,78,"{'type': 'note_on', 'time': 25, 'note': 36, 'velocity': 78, 'channel': 9}",-21,22320,186,-0.0305232375,12,11,soul/groove3
12,11,42,0:776,note_on,0,22312,32.4302131,42,127,"{'type': 'note_on', 'time': 0, 'note': 42, 'velocity': 127, 'channel': 9}",-8,22320,186,-0.0116279,12,11,soul/groove3
12,12,42,0:780,note_on,0,22443,32.6206199625,42,57,"{'type': 'note_on', 'time': 0, 'note': 42, 'velocity': 57, 'channel': 9}",3,22440,187,0.0043604625000000004,12,12,soul/groove3
12,13,38,0:782,note_on,37,22550,32.776143125,38,111,"{'type': 'note_on', 'time': 37, 'note': 40, 'velocity': 111, 'channel': 9}",-10,22560,188,-0.014534875,12,13,soul/groove3
12,13,42,0:784,note_on,0,22555,32.7834105625,42,127,"{'type': 'note_on', 'time': 0, 'note': 42, 'velocity': 127, 'channel': 9}",-5,22560,188,-0.0072674375,12,13,soul/groove3
12,14,36,0:788,note_on,0,22679,32.9636430125,36,61,"{'type': 'note_on', 'time': 0, 'note': 36, 'velocity': 61, 'channel': 9}",-1,22680,189,-0.0014534875,12,14,soul/groove3
12,14,42,0:789,note_on,0,22679,32.9636430125,42,95,"{'type': 'note_on', 'time': 0, 'note': 42, 'velocity': 95, 'channel': 9}",-1,22680,189,-0.0014534875,12,14,soul/groove3
12,15,42,0:793,note_on,0,22794,33.130794075,42,127,"{'type': 'note_on', 'time': 0, 'note': 42, 'velocity': 127, 'channel': 9}",-6,22800,190,-0.008720925000000001,12,15,soul/groove3
12,16,42,0:796,note_on,0,22908,33.29649165,42,74,"{'type': 'note_on', 'time': 0, 'note': 42, 'velocity': 74, 'channel': 9}",-12,22920,191,-0.017441850000000002,12,16,soul/groove3
12,16,36,0:797,note_on,18,22926,33.322654425,36,41,"{'type': 'note_on', 'time': 18, 'note': 36, 'velocity': 41, 'channel': 9}",6,22920,191,0.008720925000000001,12,16,soul/groove3
13,1,36,0:800,note_on,29,23025,33.4665496875,36,78,"{'type': 'note_on', 'time': 29, 'note': 36, 'velocity': 78, 'channel': 9}",-15,23040,192,-0.0218023125,13,1,soul/groove3
13,1,42,0:802,note_on,0,23030,33.473817125000004,42,127,"{'type': 'note_on', 'time': 0, 'note': 42, 'velocity': 127, 'channel': 9}",-10,23040,192,-0.014534875,13,1,soul/groove3
13,2,42,0:806,note_on,0,23156,33.65695655,42,98,"{'type': 'note_on', 'time': 0, 'note': 42, 'velocity': 98, 'channel': 9}",-4,23160,193,-0.00581395,13,2,soul/groove3
13,3,42,0:809,note_on,0,23266,33.816840175,42,127,"{'type': 'note_on', 'time': 0, 'note': 42, 'velocity': 127, 'channel': 9}",-14,23280,194,-0.020348825,13,3,soul/groove3
13,4,42,0:812,note_on,0,23395,34.0043400625,42,62,"{'type': 'note_on', 'time': 0, 'note': 42, 'velocity': 62, 'channel': 9}",-5,23400,195,-0.0072674375,13,4,soul/groove3
13,4,36,0:813,note_on,6,23401,34.0130609875,36,55,"{'type': 'note_on', 'time': 6, 'note': 36, 'velocity': 55, 'channel': 9}",1,23400,195,0.0014534875,13,4,soul/groove3
13,5,38,0:816,note_on,46,23516,34.18021205,38,127,"{'type': 'note_on', 'time': 46, 'note': 40, 'velocity': 127, 'channel': 9}",-4,23520,196,-0.00581395,13,5,soul/groove3
13,5,42,0:818,note_on,0,23517,34.1816655375,42,127,"{'type': 'note_on', 'time': 0, 'note': 42, 'velocity': 127, 'channel': 9}",-3,23520,196,-0.0043604625000000004,13,5,soul/groove3
13,6,42,0:822,note_on,0,23648,34.3720724,42,93,"{'type': 'note_on', 'time': 0, 'note': 42, 'velocity': 93, 'channel': 9}",8,23640,197,0.0116279,13,6,soul/groove3
13,7,42,0:825,note_on,0,23760,34.534863,42,127,"{'type': 'note_on', 'time': 0, 'note': 42, 'velocity': 127, 'channel': 9}",0,23760,198,0.0,13,7,soul/groove3
13,8,42,0:828,note_on,0,23896,34.7325373,42,67,"{'type': 'note_on', 'time': 0, 'note': 42, 'velocity': 67, 'channel': 9}",16,23880,199,0.0232558,13,8,soul/groove3
13,8,38,0:829,note_on,4,23900,34.73835125,38,118,"{'type': 'note_on', 'time': 4, 'note': 38, 'velocity': 118, 'channel': 9}",20,23880,199,0.02906975,13,8,soul/groove3
13,9,42,0:833,note_on,0,24015,34.9055023125,42,127,"{'type': 'note_on', 'time': 0, 'note': 42, 'velocity': 127, 'channel': 9}",15,24000,200,0.0218023125,13,9,soul/groove3
13,10,36,0:835,note_on,51,24136,35.0813743,36,45,"{'type': 'note_on', 'time': 51, 'note': 36, 'velocity': 45, 'channel': 9}",16,24120,201,0.0232558,13,10,soul/groove3
13,10,42,0:837,note_on,0,24140,35.08718825,42,98,"{'type': 'note_on', 'time': 0, 'note': 42, 'velocity': 98, 'channel': 9}",20,24120,201,0.02906975,13,10,soul/groove3
13,11,36,0:840,note_on,25,24235,35.2252695625,36,73,"{'type': 'note_on', 'time': 25, 'note': 36, 'velocity': 73, 'channel': 9}",-5,24240,202,-0.0072674375,13,11,soul/groove3
13,11,42,0:842,note_on,0,24248,35.2441649,42,108,"{'type': 'note_on', 'time': 0, 'note': 42, 'velocity': 108, 'channel': 9}",8,24240,202,0.0116279,13,11,soul/groove3
13,12,42,0:846,note_on,0,24376,35.4302113,42,87,"{'type': 'note_on', 'time': 0, 'note': 42, 'velocity': 87, 'channel': 9}",16,24360,203,0.0232558,13,12,soul/groove3
13,13,38,0:848,note_on,40,24486,35.590094925,38,127,"{'type': 'note_on', 'time': 40, 'note': 40, 'velocity': 127, 'channel': 9}",6,24480,204,0.008720925000000001,13,13,soul/groove3
13,13,42,0:850,note_on,0,24488,35.5930019,42,127,"{'type': 'note_on', 'time': 0, 'note': 42, 'velocity': 127, 'channel': 9}",8,24480,204,0.0116279,13,13,soul/groove3
13,14,36,0:854,note_on,0,24614,35.776141325,36,62,"{'type': 'note_on', 'time': 0, 'note': 36, 'velocity': 62, 'channel': 9}",14,24600,205,0.020348825,13,14,soul/groove3
13,14,42,0:855,note_on,0,24614,35.776141325,42,95,"{'type': 'note_on', 'time': 0, 'note': 42, 'velocity': 95, 'channel': 9}",14,24600,205,0.020348825,13,14,soul/groove3
13,15,42,0:859,note_on,0,24733,35.9491063375,42,117,"{'type': 'note_on', 'time': 0, 'note': 42, 'velocity': 117, 'channel': 9}",13,24720,206,0.0188953375,13,15,soul/groove3
13,16,42,0:862,note_on,0,24852,36.12207135,42,106,"{'type': 'note_on', 'time': 0, 'note': 42, 'velocity': 106, 'channel': 9}",12,24840,207,0.017441850000000002,13,16,soul/groove3
13,16,36,0:863,note_on,6,24858,36.130792275,36,43,"{'type': 'note_on', 'time': 6, 'note': 36, 'velocity': 43, 'channel': 9}",18,24840,207,0.026162775,13,16,soul/groove3
14,1,36,0:866,note_on,33,24961,36.2805014875,36,73,"{'type': 'note_on', 'time': 33, 'note': 36, 'velocity': 73, 'channel': 9}",1,24960,208,0.0014534875,14,1,soul/groove3
14,1,42,0:868,note_on,0,24968,36.290675900000004,42,127,"{'type': 'note_on', 'time': 0, 'note': 42, 'velocity': 127, 'channel': 9}",8,24960,208,0.0116279,14,1,soul/groove3
14,2,42,0:872,note_on,0,25101,36.4839897375,42,93,"{'type': 'note_on', 'time': 0, 'note': 42, 'velocity': 93, 'channel': 9}",21,25080,209,0.0305232375,14,2,soul/groove3
14,3,42,0:875,note_on,0,25206,36.636605925,42,127,"{'type': 'note_on', 'time': 0, 'note': 42, 'velocity': 127, 'channel': 9}",6,25200,210,0.008720925000000001,14,3,soul/groove3
14,4,36,0:877,note_on,49,25325,36.8095709375,36,56,"{'type': 'note_on', 'time': 49, 'note': 36, 'velocity': 56, 'channel': 9}",5,25320,211,0.0072674375,14,4,soul/groove3
14,4,42,0:879,note_on,0,25327,36.8124779125,42,67,"{'type': 'note_on', 'time': 0, 'note': 42, 'velocity': 67, 'channel': 9}",7,25320,211,0.0101744125,14,4,soul/groove3
14,5,38,0:882,note_on,47,25444,36.98253595,38,112,"{'type': 'note_on', 'time': 47, 'note': 38, 'velocity': 112, 'channel': 9}",4,25440,212,0.00581395,14,5,soul/groove3
14,5,42,0:884,note_on,0,25445,36.9839894375,42,127,"{'type': 'note_on', 'time': 0, 'note': 42, 'velocity': 127, 'channel': 9}",5,25440,212,0.0072674375,14,5,soul/groove3
14,6,42,0:888,note_on,0,25571,37.1671288625,42,90,"{'type': 'note_on', 'time': 0, 'note': 42, 'velocity': 90, 'channel': 9}",11,25560,213,0.0159883625,14,6,soul/groove3
14,7,42,0:891,note_on,0,25680,37.325559,42,117,"{'type': 'note_on', 'time': 0, 'note': 42, 'velocity': 117, 'channel': 9}",0,25680,214,0.0,14,7,soul/groove3
14,8,42,0:894,note_on,0,25812,37.51741935,42,71,"{'type': 'note_on', 'time': 0, 'note': 42, 'velocity': 71, 'channel': 9}",12,25800,215,0.017441850000000002,14,8,soul/groove3
14,8,38,0:895,note_on,4,25816,37.5232333,38,111,"{'type': 'note_on', 'time': 4, 'note': 38, 'velocity': 111, 'channel': 9}",16,25800,215,0.0232558,14,8,soul/groove3
14,9,42,0:899,note_on,0,25932,37.69183785,42,125,"{'type': 'note_on', 'time': 0, 'note': 42, 'velocity': 125, 'channel': 9}",12,25920,216,0.017441850000000002,14,9,soul/groove3
14,10,42,0:902,note_on,0,26050,37.863349375,42,111,"{'type': 'note_on', 'time': 0, 'note': 42, 'velocity': 111, 'channel': 9}",10,26040,217,0.014534875,14,10,soul/groove3
14,10,36,0:903,note_on,10,26060,37.87788425,36,43,"{'type': 'note_on', 'time': 10, 'note': 36, 'velocity': 43, 'channel': 9}",20,26040,217,0.02906975,14,10,soul/groove3
14,11,36,0:906,note_on,25,26155,38.0159655625,36,69,"{'type': 'note_on', 'time': 25, 'note': 36, 'velocity': 69, 'channel': 9}",-5,26160,218,-0.0072674375,14,11,soul/groove3
14,11,42,0:908,note_on,0,26165,38.0305004375,42,127,"{'type': 'note_on', 'time': 0, 'note': 42, 'velocity': 127, 'channel': 9}",5,26160,218,0.0072674375,14,11,soul/groove3
14,12,42,0:912,note_on,0,26294,38.218000325,42,74,"{'type': 'note_on', 'time': 0, 'note': 42, 'velocity': 74, 'channel': 9}",14,26280,219,0.020348825,14,12,soul/groove3
14,13,38,0:914,note_on,43,26406,38.380790925,38,127,"{'type': 'note_on', 'time': 43, 'note': 40, 'velocity': 127, 'channel': 9}",6,26400,220,0.008720925000000001,14,13,soul/groove3
14,13,42,0:916,note_on,0,26411,38.3880583625,42,127,"{'type': 'note_on', 'time': 0, 'note': 42, 'velocity': 127, 'channel': 9}",11,26400,220,0.0159883625,14,13,soul/groove3
14,14,36,0:919,note_on,50,26531,38.5624768625,36,63,"{'type': 'note_on', 'time': 50, 'note': 36, 'velocity': 63, 'channel': 9}",11,26520,221,0.0159883625,14,14,soul/groove3
14,14,42,0:921,note_on,0,26545,38.5828256875,42,55,"{'type': 'note_on', 'time': 0, 'note': 42, 'velocity': 55, 'channel': 9}",25,26520,221,0.0363371875,14,14,soul/groove3
14,15,42,0:925,note_on,0,26650,38.735441875,42,127,"{'type': 'note_on', 'time': 0, 'note': 42, 'velocity': 127, 'channel': 9}",10,26640,222,0.014534875,14,15,soul/groove3
14,16,36,0:927,note_on,46,26766,38.904046425,36,43,"{'type': 'note_on', 'time': 46, 'note': 36, 'velocity': 43, 'channel': 9}",6,26760,223,0.008720925000000001,14,16,soul/groove3
14,16,42,0:929,note_on,0,26773,38.9142208375,42,109,"{'type': 'note_on', 'time': 0, 'note': 42, 'velocity': 109, 'channel': 9}",13,26760,223,0.0188953375,14,16,soul/groove3
15,1,36,0:932,note_on,28,26871,39.0566626125,36,77,"{'type': 'note_on', 'time': 28, 'note': 36, 'velocity': 77, 'channel': 9}",-9,26880,224,-0.0130813875,15,1,soul/groove3
15,1,42,0:934,note_on,0,26882,39.072650975,42,127,"{'type': 'note_on', 'time': 0, 'note': 42, 'velocity': 127, 'channel': 9}",2,26880,224,0.002906975,15,1,soul/groove3
15,2,42,0:938,note_on,0,27006,39.252883425,42,69,"{'type': 'note_on', 'time': 0, 'note': 42, 'velocity': 69, 'channel': 9}",6,27000,225,0.008720925000000001,15,2,soul/groove3
15,3,42,0:941,note_on,0,27119,39.4171275125,42,127,"{'type': 'note_on', 'time': 0, 'note': 42, 'velocity': 127, 'channel': 9}",-1,27120,226,-0.0014534875,15,3,soul/groove3
15,4,36,0:943,note_on,44,27233,39.5828250875,36,57,"{'type': 'note_on', 'time': 44, 'note': 36, 'velocity': 57, 'channel': 9}",-7,27240,227,-0.0101744125,15,4,soul/groove3
15,4,42,0:945,note_on,0,27247,39.6031739125,42,58,"{'type': 'note_on', 'time': 0, 'note': 42, 'velocity': 58, 'channel': 9}",7,27240,227,0.0101744125,15,4,soul/groove3
15,5,38,0:948,note_on,32,27350,39.752883125,38,127,"{'type': 'note_on', 'time': 32, 'note': 38, 'velocity': 127, 'channel': 9}",-10,27360,228,-0.014534875,15,5,soul/groove3
15,5,42,0:950,note_on,0,27356,39.76160405,42,127,"{'type': 'note_on', 'time': 0, 'note': 42, 'velocity': 127, 'channel': 9}",-4,27360,228,-0.00581395,15,5,soul/groove3
15,6,42,0:954,note_on,0,27478,39.938929525,42,80,"{'type': 'note_on', 'time': 0, 'note': 42, 'velocity': 80, 'channel': 9}",-2,27480,229,-0.002906975,15,6,soul/groove3
15,7,42,0:957,note_on,0,27592,40.1046271,42,108,"{'type': 'note_on', 'time': 0, 'note': 42, 'velocity': 108, 'channel': 9}",-8,27600,230,-0.0116279,15,7,soul/groove3
15,8,42,0:960,note_on,0,27719,40.2892200125,42,79,"{'type': 'note_on', 'time': 0, 'note': 42, 'velocity': 79, 'channel': 9}",-1,27720,231,-0.0014534875,15,8,soul/groove3
15,8,38,0:961,note_on,6,27725,40.2979409375,38,108,"{'type': 'note_on', 'time': 6, 'note': 40, 'velocity': 108, 'channel': 9}",5,27720,231,0.0072674375,15,8,soul/groove3
15,9,42,0:965,note_on,0,27843,40.4694524625,42,120,"{'type': 'note_on', 'time': 0, 'note': 42, 'velocity': 120, 'channel': 9}",3,27840,232,0.0043604625000000004,15,9,soul/groove3
15,10,36,0:967,note_on,52,27964,40.64532445,36,43,"{'type': 'note_on', 'time': 52, 'note': 36, 'velocity': 43, 'channel': 9}",4,27960,233,0.00581395,15,10,soul/groove3
15,10,42,0:969,note_on,0,27965,40.6467779375,42,102,"{'type': 'note_on', 'time': 0, 'note': 42, 'velocity': 102, 'channel': 9}",5,27960,233,0.0072674375,15,10,soul/groove3
15,11,36,0:972,note_on,32,28067,40.7950336625,36,75,"{'type': 'note_on', 'time': 32, 'note': 36, 'velocity': 75, 'channel': 9}",-13,28080,234,-0.0188953375,15,11,soul/groove3
15,11,42,0:974,note_on,0,28078,40.811022025,42,127,"{'type': 'note_on', 'time': 0, 'note': 42, 'velocity': 127, 'channel': 9}",-2,28080,234,-0.002906975,15,11,soul/groove3
15,12,42,0:978,note_on,0,28203,40.9927079625,42,60,"{'type': 'note_on', 'time': 0, 'note': 42, 'velocity': 60, 'channel': 9}",3,28200,235,0.0043604625000000004,15,12,soul/groove3
15,13,38,0:980,note_on,41,28313,41.1525915875,38,127,"{'type': 'note_on', 'time': 41, 'note': 40, 'velocity': 127, 'channel': 9}",-7,28320,236,-0.0101744125,15,13,soul/groove3
15,13,42,0:982,note_on,0,28317,41.1584055375,42,127,"{'type': 'note_on', 'time': 0, 'note': 42, 'velocity': 127, 'channel': 9}",-3,28320,236,-0.0043604625000000004,15,13,soul/groove3
15,14,36,0:985,note_on,49,28436,41.33137055,36,64,"{'type': 'note_on', 'time': 49, 'note': 36, 'velocity': 64, 'channel': 9}",-4,28440,237,-0.00581395,15,14,soul/groove3
15,14,42,0:987,note_on,0,28445,41.3444519375,42,56,"{'type': 'note_on', 'time': 0, 'note': 42, 'velocity': 56, 'channel': 9}",5,28440,237,0.0072674375,15,14,soul/groove3
15,15,42,0:991,note_on,0,28558,41.508696025,42,127,"{'type': 'note_on', 'time': 0, 'note': 42, 'velocity': 127, 'channel': 9}",-2,28560,238,-0.002906975,15,15,soul/groove3
15,16,42,0:994,note_on,0,28673,41.6758470875,42,96,"{'type': 'note_on', 'time': 0, 'note': 42, 'velocity': 96, 'channel': 9}",-7,28680,239,-0.0101744125,15,16,soul/groove3
15,16,36,0:995,note_on,4,28677,41.6816610375,36,41,"{'type': 'note_on', 'time': 4, 'note': 36, 'velocity': 41, 'channel': 9}",-3,28680,239,-0.0043604625000000004,15,16,soul/groove3
16,1,36,0:998,note_on,32,28778,41.828463275,36,71,"{'type': 'note_on', 'time': 32, 'note': 36, 'velocity': 71, 'channel': 9}",-22,28800,240,-0.031976725,16,1,soul/groove3
16,1,42,0:1000,note_on,0,28786,41.840091175,42,127,"{'type': 'note_on', 'time': 0, 'note': 42, 'velocity': 127, 'channel': 9}",-14,28800,240,-0.020348825,16,1,soul/groove3
16,2,42,0:1004,note_on,0,28917,42.0304980375,42,74,"{'type': 'note_on', 'time': 0, 'note': 42, 'velocity': 74, 'channel': 9}",-3,28920,241,-0.0043604625000000004,16,2,soul/groove3
16,3,42,0:1007,note_on,0,29027,42.1903816625,42,127,"{'type': 'note_on', 'time': 0, 'note': 42, 'velocity': 127, 'channel': 9}",-13,29040,242,-0.0188953375,16,3,soul/groove3
16,4,36,0:1009,note_on,51,29148,42.36625365,36,56,"{'type': 'note_on', 'time': 51, 'note': 36, 'velocity': 56, 'channel': 9}",-12,29160,243,-0.017441850000000002,16,4,soul/groove3
16,5,42,0:1013,note_on,0,29269,42.5421256375,42,127,"{'type': 'note_on', 'time': 0, 'note': 42, 'velocity': 127, 'channel': 9}",-11,29280,244,-0.0159883625,16,5,soul/groove3
16,5,38,0:1012,note_on,0,29269,42.5421256375,38,122,"{'type': 'note_on', 'time': 0, 'note': 40, 'velocity': 122, 'channel': 9}",-11,29280,244,-0.0159883625,16,5,soul/groove3
16,6,42,0:1017,note_on,0,29396,42.72671855,42,88,"{'type': 'note_on', 'time': 0, 'note': 42, 'velocity': 88, 'channel': 9}",-4,29400,245,-0.00581395,16,6,soul/groove3
16,7,42,0:1020,note_on,0,29507,42.8880556625,42,110,"{'type': 'note_on', 'time': 0, 'note': 42, 'velocity': 110, 'channel': 9}",-13,29520,246,-0.0188953375,16,7,soul/groove3
16,8,42,0:1023,note_on,0,29633,43.0711950875,42,72,"{'type': 'note_on', 'time': 0, 'note': 42, 'velocity': 72, 'channel': 9}",-7,29640,247,-0.0101744125,16,8,soul/groove3
16,8,38,0:1024,note_on,3,29636,43.07555555,38,111,"{'type': 'note_on', 'time': 3, 'note': 40, 'velocity': 111, 'channel': 9}",-4,29640,247,-0.00581395,16,8,soul/groove3
16,9,42,0:1028,note_on,0,29756,43.24997405,42,117,"{'type': 'note_on', 'time': 0, 'note': 42, 'velocity': 117, 'channel': 9}",-4,29760,248,-0.00581395,16,9,soul/groove3
16,10,36,0:1030,note_on,44,29870,43.415671625,36,50,"{'type': 'note_on', 'time': 44, 'note': 36, 'velocity': 50, 'channel': 9}",-10,29880,249,-0.014534875,16,10,soul/groove3
16,10,42,0:1032,note_on,0,29881,43.4316599875,42,91,"{'type': 'note_on', 'time': 0, 'note': 42, 'velocity': 91, 'channel': 9}",1,29880,249,0.0014534875,16,10,soul/groove3
16,11,42,0:1036,note_on,0,29989,43.5886366375,42,114,"{'type': 'note_on', 'time': 0, 'note': 42, 'velocity': 114, 'channel': 9}",-11,30000,250,-0.0159883625,16,11,soul/groove3
16,11,36,0:1037,note_on,7,29996,43.59881105,36,68,"{'type': 'note_on', 'time': 7, 'note': 36, 'velocity': 68, 'channel': 9}",-4,30000,250,-0.00581395,16,11,soul/groove3
16,12,42,0:1041,note_on,0,30123,43.7834039625,42,60,"{'type': 'note_on', 'time': 0, 'note': 42, 'velocity': 60, 'channel': 9}",3,30120,251,0.0043604625000000004,16,12,soul/groove3
16,13,38,0:1043,note_on,37,30230,43.938927125,38,127,"{'type': 'note_on', 'time': 37, 'note': 40, 'velocity': 127, 'channel': 9}",-10,30240,252,-0.014534875,16,13,soul/groove3
16,13,42,0:1045,note_on,0,30235,43.9461945625,42,127,"{'type': 'note_on', 'time': 0, 'note': 42, 'velocity': 127, 'channel': 9}",-5,30240,252,-0.0072674375,16,13,soul/groove3
16,14,36,0:1049,note_on,0,30355,44.1206130625,36,63,"{'type': 'note_on', 'time': 0, 'note': 36, 'velocity': 63, 'channel': 9}",-5,30360,253,-0.0072674375,16,14,soul/groove3
16,14,42,0:1050,note_on,0,30355,44.1206130625,42,105,"{'type': 'note_on', 'time': 0, 'note': 42, 'velocity': 105, 'channel': 9}",-5,30360,253,-0.0072674375,16,14,soul/groove3
16,15,42,0:1054,note_on,0,30474,44.293578075,42,115,"{'type': 'note_on', 'time': 0, 'note': 42, 'velocity': 115, 'channel': 9}",-6,30480,254,-0.008720925000000001,16,15,soul/groove3
16,16,36,0:1056,note_on,49,30592,44.4650896,36,45,"{'type': 'note_on', 'time': 49, 'note': 36, 'velocity': 45, 'channel': 9}",-8,30600,255,-0.0116279,16,16,soul/groove3
16,16,42,0:1058,note_on,0,30594,44.467996575,42,57,"{'type': 'note_on', 'time': 0, 'note': 42, 'velocity': 57, 'channel': 9}",-6,30600,255,-0.008720925000000001,16,16,soul/groove3
