bar_number,bar_beat_number,note,track_msg_num,msg_type,delta_ticks,total_ticks,total_seconds,note,velocity,raw_data,beat_offset,beat_center,file_beat_number,beat_offset_ms,bar_number,bar_beat_number,style
1,1,42,0:7,note_on,0,0,0.0,42,103,"{'type': 'note_on', 'time': 0, 'note': 22, 'velocity': 103, 'channel': 9}",0,0,0,0.0,1,1,soul/groove3
1,1,36,0:8,note_on,1,1,0.0014534875,36,45,"{'type': 'note_on', 'time': 1, 'note': 36, 'velocity': 45, 'channel': 9}",1,0,0,0.0014534875,1,1,soul/groove3
1,2,42,0:12,note_on,0,118,0.171511525,42,41,"{'type': 'note_on', 'time': 0, 'note': 42, 'velocity': 41, 'channel': 9}",-2,120,1,-0.002906975,1,2,soul/groove3
1,3,42,0:15,note_on,0,230,0.334302125,42,43,"{'type': 'note_on', 'time': 0, 'note': 42, 'velocity': 43, 'channel': 9}",-10,240,2,-0.014534875,1,3,soul/groove3
1,4,36,0:17,note_on,55,355,0.5159880625,36,38,"{'type': 'note_on', 'time': 55, 'note': 36, 'velocity': 38, 'channel': 9}",-5,360,3,-0.0072674375,1,4,soul/groove3
1,4,42,0:19,note_on,0,357,0.5188950375,42,55,"{'type': 'note_on', 'time': 0, 'note': 42, 'velocity': 55, 'channel': 9}",-3,360,3,-0.0043604625000000004,1,4,soul/groove3
1,5,38,0:22,note_on,63,489,0.7107553875,38,107,"{'type': 'note_on', 'time': 63, 'note': 38, 'velocity': 107, 'channel': 9}",9,480,4,0.0130813875,1,5,soul/groove3
1,5,42,0:24,note_on,0,504,0.7325577,42,127,"{'type': 'note_on', 'time': 0, 'note': 22, 'velocity': 127, 'channel': 9}",24,480,4,0.034883700000000004,1,5,soul/groove3
1,6,42,0:28,note_on,0,619,0.8997087625,42,28,"{'type': 'note_on', 'time': 0, 'note': 42, 'velocity': 28, 'channel': 9}",19,600,5,0.0276162625,1,6,soul/groove3
1,7,42,0:31,note_on,0,731,1.0624993625,42,36,"{'type': 'note_on', 'time': 0, 'note': 42, 'velocity': 36, 'channel': 9}",11,720,6,0.0159883625,1,7,soul/groove3
1,8,38,0:33,note_on,37,838,1.218022525,38,71,"{'type': 'note_on', 'time': 37, 'note': 38, 'velocity': 71, 'channel': 9}",-2,840,7,-0.002906975,1,8,soul/groove3
1,8,42,0:35,note_on,0,854,1.241278325,42,55,"{'type': 'note_on', 'time': 0, 'note': 42, 'velocity': 55, 'channel': 9}",14,840,7,0.020348825,1,8,soul/groove3
1,9,42,0:39,note_on,0,980,1.42441775,42,127,"{'type': 'note_on', 'time': 0, 'note': 22, 'velocity': 127, 'channel': 9}",20,960,8,0.02906975,1,9,soul/groove3
1,10,42,0:42,note_on,0,1086,1.578487425,42,42,"{'type': 'note_on', 'time': 0, 'note': 42, 'velocity': 42, 'channel': 9}",6,1080,9,0.008720925000000001,1,10,soul/groove3
1,10,36,0:43,note_on,39,1125,1.6351734375,36,21,"{'type': 'note_on', 'time': 39, 'note': 36, 'velocity': 21, 'channel': 9}",45,1080,9,0.0654069375,1,10,soul/groove3
1,11,42,0:47,note_on,0,1204,1.74999895,42,42,"{'type': 'note_on', 'time': 0, 'note': 42, 'velocity': 42, 'channel': 9}",4,1200,10,0.00581395,1,11,soul/groove3
1,11,36,0:48,note_on,23,1227,1.7834291625,36,46,"{'type': 'note_on', 'time': 23, 'note': 36, 'velocity': 46, 'channel': 9}",27,1200,10,0.0392441625,1,11,soul/groove3
1,12,42,0:52,note_on,0,1316,1.91278955,42,48,"{'type': 'note_on', 'time': 0, 'note': 42, 'velocity': 48, 'channel': 9}",-4,1320,11,-0.00581395,1,12,soul/groove3
1,13,38,0:54,note_on,50,1436,2.08720805,38,93,"{'type': 'note_on', 'time': 50, 'note': 38, 'velocity': 93, 'channel': 9}",-4,1440,12,-0.00581395,1,13,soul/groove3
1,13,42,0:56,note_on,0,1441,2.0944754875,42,127,"{'type': 'note_on', 'time': 0, 'note': 22, 'velocity': 127, 'channel': 9}",1,1440,12,0.0014534875,1,13,soul/groove3
1,14,42,0:60,note_on,0,1560,2.2674405,42,38,"{'type': 'note_on', 'time': 0, 'note': 42, 'velocity': 38, 'channel': 9}",0,1560,13,0.0,1,14,soul/groove3
1,14,36,0:61,note_on,3,1563,2.2718009625,36,44,"{'type': 'note_on', 'time': 3, 'note': 36, 'velocity': 44, 'channel': 9}",3,1560,13,0.0043604625000000004,1,14,soul/groove3
1,15,42,0:65,note_on,0,1675,2.4345915625,42,45,"{'type': 'note_on', 'time': 0, 'note': 42, 'velocity': 45, 'channel': 9}",-5,1680,14,-0.0072674375,1,15,soul/groove3
1,16,42,0:68,note_on,0,1787,2.5973821625,42,44,"{'type': 'note_on', 'time': 0, 'note': 42, 'velocity': 44, 'channel': 9}",-13,1800,15,-0.0188953375,1,16,soul/groove3
1,16,36,0:69,note_on,22,1809,2.6293588875,36,22,"{'type': 'note_on', 'time': 22, 'note': 36, 'velocity': 22, 'channel': 9}",9,1800,15,0.0130813875,1,16,soul/groove3
2,1,36,0:72,note_on,28,1907,2.7718006625,36,47,"{'type': 'note_on', 'time': 28, 'note': 36, 'velocity': 47, 'channel': 9}",-13,1920,16,-0.0188953375,2,1,soul/groove3
2,1,42,0:74,note_on,0,1909,2.7747076375,42,127,"{'type': 'note_on', 'time': 0, 'note': 42, 'velocity': 127, 'channel': 9}",-11,1920,16,-0.0159883625,2,1,soul/groove3
2,2,42,0:78,note_on,0,2031,2.9520331125,42,44,"{'type': 'note_on', 'time': 0, 'note': 42, 'velocity': 44, 'channel': 9}",-9,2040,17,-0.0130813875,2,2,soul/groove3
2,3,42,0:81,note_on,0,2152,3.1279051,42,48,"{'type': 'note_on', 'time': 0, 'note': 42, 'velocity': 48, 'channel': 9}",-8,2160,18,-0.0116279,2,3,soul/groove3
2,3,38,0:82,note_on,53,2205,3.2049399375,38,6,"{'type': 'note_on', 'time': 53, 'note': 38, 'velocity': 6, 'channel': 9}",45,2160,18,0.0654069375,2,3,soul/groove3
2,4,36,0:84,note_on,32,2254,3.276160825,36,34,"{'type': 'note_on', 'time': 32, 'note': 36, 'velocity': 34, 'channel': 9}",-26,2280,19,-0.037790675,2,4,soul/groove3
2,4,42,0:86,note_on,0,2272,3.3023236,42,50,"{'type': 'note_on', 'time': 0, 'note': 42, 'velocity': 50, 'channel': 9}",-8,2280,19,-0.0116279,2,4,soul/groove3
2,5,38,0:90,note_on,54,2396,3.48255605,38,93,"{'type': 'note_on', 'time': 54, 'note': 40, 'velocity': 93, 'channel': 9}",-4,2400,20,-0.00581395,2,5,soul/groove3
2,5,42,0:92,note_on,0,2400,3.48837,42,127,"{'type': 'note_on', 'time': 0, 'note': 22, 'velocity': 127, 'channel': 9}",0,2400,20,0.0,2,5,soul/groove3
2,6,42,0:96,note_on,0,2513,3.6526140875,42,37,"{'type': 'note_on', 'time': 0, 'note': 42, 'velocity': 37, 'channel': 9}",-7,2520,21,-0.0101744125,2,6,soul/groove3
2,7,42,0:99,note_on,0,2642,3.840113975,42,36,"{'type': 'note_on', 'time': 0, 'note': 42, 'velocity': 36, 'channel': 9}",2,2640,22,0.002906975,2,7,soul/groove3
2,8,42,0:102,note_on,0,2749,3.9956371375,42,53,"{'type': 'note_on', 'time': 0, 'note': 42, 'velocity': 53, 'channel': 9}",-11,2760,23,-0.0159883625,2,8,soul/groove3
2,8,38,0:103,note_on,3,2752,3.9999976,38,69,"{'type': 'note_on', 'time': 3, 'note': 38, 'velocity': 69, 'channel': 9}",-8,2760,23,-0.0116279,2,8,soul/groove3
2,9,42,0:107,note_on,0,2876,4.18023005,42,127,"{'type': 'note_on', 'time': 0, 'note': 42, 'velocity': 127, 'channel': 9}",-4,2880,24,-0.00581395,2,9,soul/groove3
2,10,42,0:110,note_on,0,2991,4.3473811125,42,63,"{'type': 'note_on', 'time': 0, 'note': 42, 'velocity': 63, 'channel': 9}",-9,3000,25,-0.0130813875,2,10,soul/groove3
2,10,36,0:111,note_on,22,3013,4.3793578375,36,24,"{'type': 'note_on', 'time': 22, 'note': 36, 'velocity': 24, 'channel': 9}",13,3000,25,0.0188953375,2,10,soul/groove3
2,11,42,0:115,note_on,0,3109,4.5188926375,42,62,"{'type': 'note_on', 'time': 0, 'note': 42, 'velocity': 62, 'channel': 9}",-11,3120,26,-0.0159883625,2,11,soul/groove3
2,11,36,0:116,note_on,17,3126,4.543601925,36,46,"{'type': 'note_on', 'time': 17, 'note': 36, 'velocity': 46, 'channel': 9}",6,3120,26,0.008720925000000001,2,11,soul/groove3
2,12,38,0:118,note_on,13,3192,4.6395321,38,10,"{'type': 'note_on', 'time': 13, 'note': 38, 'velocity': 10, 'channel': 9}",-48,3240,27,-0.06976740000000001,2,12,soul/groove3
2,12,42,0:121,note_on,0,3225,4.6874971875,42,51,"{'type': 'note_on', 'time': 0, 'note': 42, 'velocity': 51, 'channel': 9}",-15,3240,27,-0.0218023125,2,12,soul/groove3
2,13,42,0:125,note_on,0,3356,4.87790405,42,127,"{'type': 'note_on', 'time': 0, 'note': 22, 'velocity': 127, 'channel': 9}",-4,3360,28,-0.00581395,2,13,soul/groove3
2,13,38,0:126,note_on,0,3356,4.87790405,38,89,"{'type': 'note_on', 'time': 0, 'note': 38, 'velocity': 89, 'channel': 9}",-4,3360,28,-0.00581395,2,13,soul/groove3
2,14,36,0:129,note_on,44,3470,5.043601625,36,40,"{'type': 'note_on', 'time': 44, 'note': 36, 'velocity': 40, 'channel': 9}",-10,3480,29,-0.014534875,2,14,soul/groove3
2,14,42,0:131,note_on,0,3479,5.0566830125,42,43,"{'type': 'note_on', 'time': 0, 'note': 42, 'velocity': 43, 'channel': 9}",-1,3480,29,-0.0014534875,2,14,soul/groove3
2,15,42,0:135,note_on,0,3594,5.223834075,42,47,"{'type': 'note_on', 'time': 0, 'note': 42, 'velocity': 47, 'channel': 9}",-6,3600,30,-0.008720925000000001,2,15,soul/groove3
2,16,36,0:137,note_on,54,3718,5.404066525,36,28,"{'type': 'note_on', 'time': 54, 'note': 36, 'velocity': 28, 'channel': 9}",-2,3720,31,-0.002906975,2,16,soul/groove3
2,16,42,0:139,note_on,0,3719,5.4055200125,42,52,"{'type': 'note_on', 'time': 0, 'note': 42, 'velocity': 52, 'channel': 9}",-1,3720,31,-0.0014534875,2,16,soul/groove3
3,1,36,0:142,note_on,41,3830,5.566857125,36,46,"{'type': 'note_on', 'time': 41, 'note': 36, 'velocity': 46, 'channel': 9}",-10,3840,32,-0.014534875,3,1,soul/groove3
3,1,42,0:144,note_on,0,3844,5.58720595,42,127,"{'type': 'note_on', 'time': 0, 'note': 42, 'velocity': 127, 'channel': 9}",4,3840,32,0.00581395,3,1,soul/groove3
3,2,42,0:148,note_on,0,3967,5.7659849125000004,42,35,"{'type': 'note_on', 'time': 0, 'note': 42, 'velocity': 35, 'channel': 9}",7,3960,33,0.0101744125,3,2,soul/groove3
3,3,38,0:150,note_on,27,4063,5.9055197125,38,8,"{'type': 'note_on', 'time': 27, 'note': 38, 'velocity': 8, 'channel': 9}",-17,4080,34,-0.0247092875,3,3,soul/groove3
3,3,42,0:152,note_on,0,4075,5.9229615625,42,52,"{'type': 'note_on', 'time': 0, 'note': 42, 'velocity': 52, 'channel': 9}",-5,4080,34,-0.0072674375,3,3,soul/groove3
3,4,36,0:155,note_on,35,4180,6.07557775,36,39,"{'type': 'note_on', 'time': 35, 'note': 36, 'velocity': 39, 'channel': 9}",-20,4200,35,-0.02906975,3,4,soul/groove3
3,4,42,0:157,note_on,0,4196,6.09883355,42,48,"{'type': 'note_on', 'time': 0, 'note': 42, 'velocity': 48, 'channel': 9}",-4,4200,35,-0.00581395,3,4,soul/groove3
3,5,38,0:160,note_on,35,4301,6.2514497375,38,87,"{'type': 'note_on', 'time': 35, 'note': 38, 'velocity': 87, 'channel': 9}",-19,4320,36,-0.0276162625,3,5,soul/groove3
3,5,42,0:162,note_on,0,4312,6.2674381,42,127,"{'type': 'note_on', 'time': 0, 'note': 22, 'velocity': 127, 'channel': 9}",-8,4320,36,-0.0116279,3,5,soul/groove3
3,6,42,0:166,note_on,0,4430,6.438949625,42,36,"{'type': 'note_on', 'time': 0, 'note': 42, 'velocity': 36, 'channel': 9}",-10,4440,37,-0.014534875,3,6,soul/groove3
3,7,42,0:169,note_on,0,4545,6.6061006875,42,36,"{'type': 'note_on', 'time': 0, 'note': 42, 'velocity': 36, 'channel': 9}",-15,4560,38,-0.0218023125,3,7,soul/groove3
3,8,42,0:172,note_on,0,4656,6.7674378,42,46,"{'type': 'note_on', 'time': 0, 'note': 42, 'velocity': 46, 'channel': 9}",-24,4680,39,-0.034883700000000004,3,8,soul/groove3
3,8,38,0:173,note_on,4,4660,6.77325175,38,71,"{'type': 'note_on', 'time': 4, 'note': 38, 'velocity': 71, 'channel': 9}",-20,4680,39,-0.02906975,3,8,soul/groove3
3,9,42,0:177,note_on,0,4786,6.956391175,42,124,"{'type': 'note_on', 'time': 0, 'note': 42, 'velocity': 124, 'channel': 9}",-14,4800,40,-0.020348825,3,9,soul/groove3
3,10,42,0:180,note_on,0,4905,7.1293561875,42,56,"{'type': 'note_on', 'time': 0, 'note': 42, 'velocity': 56, 'channel': 9}",-15,4920,41,-0.0218023125,3,10,soul/groove3
3,10,36,0:181,note_on,15,4920,7.1511585,36,28,"{'type': 'note_on', 'time': 15, 'note': 36, 'velocity': 28, 'channel': 9}",0,4920,41,0.0,3,10,soul/groove3
3,11,36,0:184,note_on,32,5022,7.299414225,36,44,"{'type': 'note_on', 'time': 32, 'note': 36, 'velocity': 44, 'channel': 9}",-18,5040,42,-0.026162775,3,11,soul/groove3
3,11,42,0:186,note_on,0,5027,7.3066816625,42,55,"{'type': 'note_on', 'time': 0, 'note': 42, 'velocity': 55, 'channel': 9}",-13,5040,42,-0.0188953375,3,11,soul/groove3
3,12,42,0:190,note_on,0,5146,7.479646675,42,45,"{'type': 'note_on', 'time': 0, 'note': 42, 'velocity': 45, 'channel': 9}",-14,5160,43,-0.020348825,3,12,soul/groove3
3,13,38,0:192,note_on,50,5266,7.654065175,38,93,"{'type': 'note_on', 'time': 50, 'note': 38, 'velocity': 93, 'channel': 9}",-14,5280,44,-0.020348825,3,13,soul/groove3
3,13,42,0:194,note_on,0,5268,7.65697215,42,120,"{'type': 'note_on', 'time': 0, 'note': 22, 'velocity': 120, 'channel': 9}",-12,5280,44,-0.017441850000000002,3,13,soul/groove3
3,14,36,0:197,note_on,44,5382,7.822669725,36,21,"{'type': 'note_on', 'time': 44, 'note': 36, 'velocity': 21, 'channel': 9}",-18,5400,45,-0.026162775,3,14,soul/groove3
3,14,42,0:199,note_on,0,5385,7.8270301875,42,41,"{'type': 'note_on', 'time': 0, 'note': 42, 'velocity': 41, 'channel': 9}",-15,5400,45,-0.0218023125,3,14,soul/groove3
3,15,42,0:203,note_on,0,5498,7.991274275,42,33,"{'type': 'note_on', 'time': 0, 'note': 42, 'velocity': 33, 'channel': 9}",-22,5520,46,-0.031976725,3,15,soul/groove3
3,16,42,0:206,note_on,0,5610,8.154064875,42,48,"{'type': 'note_on', 'time': 0, 'note': 42, 'velocity': 48, 'channel': 9}",-30,5640,47,-0.043604625,3,16,soul/groove3
3,16,36,0:207,note_on,24,5634,8.188948575,36,20,"{'type': 'note_on', 'time': 24, 'note': 36, 'velocity': 20, 'channel': 9}",-6,5640,47,-0.008720925000000001,3,16,soul/groove3
4,1,42,0:211,note_on,0,5736,8.3372043,42,127,"{'type': 'note_on', 'time': 0, 'note': 42, 'velocity': 127, 'channel': 9}",-24,5760,48,-0.034883700000000004,4,1,soul/groove3
4,1,36,0:212,note_on,7,5743,8.3473787125,36,45,"{'type': 'note_on', 'time': 7, 'note': 36, 'velocity': 45, 'channel': 9}",-17,5760,48,-0.0247092875,4,1,soul/groove3
4,2,42,0:216,note_on,0,5860,8.51743675,42,46,"{'type': 'note_on', 'time': 0, 'note': 42, 'velocity': 46, 'channel': 9}",-20,5880,49,-0.02906975,4,2,soul/groove3
4,3,42,0:219,note_on,0,5976,8.6860413,42,38,"{'type': 'note_on', 'time': 0, 'note': 42, 'velocity': 38, 'channel': 9}",-24,6000,50,-0.034883700000000004,4,3,soul/groove3
4,3,38,0:221,note_on,14,6059,8.8066807625,38,7,"{'type': 'note_on', 'time': 14, 'note': 38, 'velocity': 7, 'channel': 9}",59,6000,50,0.0857557625,4,3,soul/groove3
4,4,36,0:222,note_on,25,6084,8.84301795,36,31,"{'type': 'note_on', 'time': 25, 'note': 36, 'velocity': 31, 'channel': 9}",-36,6120,51,-0.05232555,4,4,soul/groove3
4,4,42,0:224,note_on,0,6099,8.8648202625,42,43,"{'type': 'note_on', 'time': 0, 'note': 42, 'velocity': 43, 'channel': 9}",-21,6120,51,-0.0305232375,4,4,soul/groove3
4,5,42,0:229,note_on,0,6230,9.055227125,42,127,"{'type': 'note_on', 'time': 0, 'note': 22, 'velocity': 127, 'channel': 9}",-10,6240,52,-0.014534875,4,5,soul/groove3
4,5,38,0:230,note_on,0,6230,9.055227125,38,100,"{'type': 'note_on', 'time': 0, 'note': 38, 'velocity': 100, 'channel': 9}",-10,6240,52,-0.014534875,4,5,soul/groove3
4,6,42,0:234,note_on,0,6352,9.2325526,42,43,"{'type': 'note_on', 'time': 0, 'note': 42, 'velocity': 43, 'channel': 9}",-8,6360,53,-0.0116279,4,6,soul/groove3
4,7,42,0:237,note_on,0,6479,9.4171455125,42,40,"{'type': 'note_on', 'time': 0, 'note': 42, 'velocity': 40, 'channel': 9}",-1,6480,54,-0.0014534875,4,7,soul/groove3
4,8,42,0:240,note_on,0,6588,9.57557565,42,45,"{'type': 'note_on', 'time': 0, 'note': 42, 'velocity': 45, 'channel': 9}",-12,6600,55,-0.017441850000000002,4,8,soul/groove3
4,8,38,0:241,note_on,15,6603,9.5973779625,38,65,"{'type': 'note_on', 'time': 15, 'note': 38, 'velocity': 65, 'channel': 9}",3,6600,55,0.0043604625000000004,4,8,soul/groove3
4,9,42,0:245,note_on,0,6723,9.7717964625,42,127,"{'type': 'note_on', 'time': 0, 'note': 42, 'velocity': 127, 'channel': 9}",3,6720,56,0.0043604625000000004,4,9,soul/groove3
4,10,36,0:248,note_on,0,6843,9.946214962500001,36,23,"{'type': 'note_on', 'time': 0, 'note': 36, 'velocity': 23, 'channel': 9}",3,6840,57,0.0043604625000000004,4,10,soul/groove3
4,10,42,0:249,note_on,0,6843,9.946214962500001,42,57,"{'type': 'note_on', 'time': 0, 'note': 42, 'velocity': 57, 'channel': 9}",3,6840,57,0.0043604625000000004,4,10,soul/groove3
4,11,36,0:252,note_on,37,6950,10.101738125,36,44,"{'type': 'note_on', 'time': 37, 'note': 36, 'velocity': 44, 'channel': 9}",-10,6960,58,-0.014534875,4,11,soul/groove3
4,11,42,0:254,note_on,0,6967,10.1264474125,42,60,"{'type': 'note_on', 'time': 0, 'note': 42, 'velocity': 60, 'channel': 9}",7,6960,58,0.0101744125,4,11,soul/groove3
4,12,42,0:258,note_on,0,7083,10.2950519625,42,56,"{'type': 'note_on', 'time': 0, 'note': 42, 'velocity': 56, 'channel': 9}",3,7080,59,0.0043604625000000004,4,12,soul/groove3
4,13,38,0:260,note_on,53,7206,10.473830925,38,93,"{'type': 'note_on', 'time': 53, 'note': 38, 'velocity': 93, 'channel': 9}",6,7200,60,0.008720925000000001,4,13,soul/groove3
4,13,42,0:262,note_on,0,7210,10.479644875,42,127,"{'type': 'note_on', 'time': 0, 'note': 22, 'velocity': 127, 'channel': 9}",10,7200,60,0.014534875,4,13,soul/groove3
4,14,36,0:265,note_on,47,7326,10.648249425,36,40,"{'type': 'note_on', 'time': 47, 'note': 36, 'velocity': 40, 'channel': 9}",6,7320,61,0.008720925000000001,4,14,soul/groove3
4,14,42,0:267,note_on,0,7334,10.659877325,42,41,"{'type': 'note_on', 'time': 0, 'note': 42, 'velocity': 41, 'channel': 9}",14,7320,61,0.020348825,4,14,soul/groove3
4,15,42,0:271,note_on,0,7457,10.8386562875,42,29,"{'type': 'note_on', 'time': 0, 'note': 42, 'velocity': 29, 'channel': 9}",17,7440,62,0.0247092875,4,15,soul/groove3
4,16,36,0:273,note_on,29,7555,10.9810980625,36,24,"{'type': 'note_on', 'time': 29, 'note': 36, 'velocity': 24, 'channel': 9}",-5,7560,63,-0.0072674375,4,16,soul/groove3
4,16,42,0:275,note_on,0,7577,11.0130747875,42,22,"{'type': 'note_on', 'time': 0, 'note': 42, 'velocity': 22, 'channel': 9}",17,7560,63,0.0247092875,4,16,soul/groove3
5,1,36,0:278,note_on,25,7672,11.1511561,36,50,"{'type': 'note_on', 'time': 25, 'note': 36, 'velocity': 50, 'channel': 9}",-8,7680,64,-0.0116279,5,1,soul/groove3
5,1,42,0:280,note_on,0,7679,11.1613305125,42,127,"{'type': 'note_on', 'time': 0, 'note': 22, 'velocity': 127, 'channel': 9}",-1,7680,64,-0.0014534875,5,1,soul/groove3
5,2,42,0:284,note_on,0,7807,11.3473769125,42,45,"{'type': 'note_on', 'time': 0, 'note': 42, 'velocity': 45, 'channel': 9}",7,7800,65,0.0101744125,5,2,soul/groove3
5,3,42,0:287,note_on,0,7924,11.51743495,42,27,"{'type': 'note_on', 'time': 0, 'note': 42, 'velocity': 27, 'channel': 9}",4,7920,66,0.00581395,5,3,soul/groove3
5,3,38,0:288,note_on,10,7934,11.531969825000001,38,5,"{'type': 'note_on', 'time': 10, 'note': 38, 'velocity': 5, 'channel': 9}",14,7920,66,0.020348825,5,3,soul/groove3
5,4,42,0:292,note_on,0,8043,11.6903999625,42,56,"{'type': 'note_on', 'time': 0, 'note': 42, 'velocity': 56, 'channel': 9}",3,8040,67,0.0043604625000000004,5,4,soul/groove3
5,5,38,0:294,note_on,60,8173,11.8793533375,38,103,"{'type': 'note_on', 'time': 60, 'note': 38, 'velocity': 103, 'channel': 9}",13,8160,68,0.0188953375,5,5,soul/groove3
5,5,42,0:296,note_on,0,8177,11.8851672875,42,127,"{'type': 'note_on', 'time': 0, 'note': 22, 'velocity': 127, 'channel': 9}",17,8160,68,0.0247092875,5,5,soul/groove3
5,6,42,0:300,note_on,0,8294,12.055225325,42,46,"{'type': 'note_on', 'time': 0, 'note': 42, 'velocity': 46, 'channel': 9}",14,8280,69,0.020348825,5,6,soul/groove3
5,7,42,0:303,note_on,0,8418,12.235457775,42,25,"{'type': 'note_on', 'time': 0, 'note': 42, 'velocity': 25, 'channel': 9}",18,8400,70,0.026162775,5,7,soul/groove3
5,8,38,0:305,note_on,20,8508,12.36627165,38,72,"{'type': 'note_on', 'time': 20, 'note': 38, 'velocity': 72, 'channel': 9}",-12,8520,71,-0.017441850000000002,5,8,soul/groove3
5,8,42,0:307,note_on,0,8525,12.3909809375,42,47,"{'type': 'note_on', 'time': 0, 'note': 42, 'velocity': 47, 'channel': 9}",5,8520,71,0.0072674375,5,8,soul/groove3
5,9,42,0:311,note_on,0,8653,12.5770273375,42,127,"{'type': 'note_on', 'time': 0, 'note': 42, 'velocity': 127, 'channel': 9}",13,8640,72,0.0188953375,5,9,soul/groove3
5,10,42,0:314,note_on,0,8762,12.735457475,42,56,"{'type': 'note_on', 'time': 0, 'note': 42, 'velocity': 56, 'channel': 9}",2,8760,73,0.002906975,5,10,soul/groove3
5,10,36,0:315,note_on,7,8769,12.7456318875,36,24,"{'type': 'note_on', 'time': 7, 'note': 36, 'velocity': 24, 'channel': 9}",9,8760,73,0.0130813875,5,10,soul/groove3
5,11,36,0:319,note_on,0,8881,12.9084224875,36,46,"{'type': 'note_on', 'time': 0, 'note': 36, 'velocity': 46, 'channel': 9}",1,8880,74,0.0014534875,5,11,soul/groove3
5,11,42,0:320,note_on,0,8881,12.9084224875,42,40,"{'type': 'note_on', 'time': 0, 'note': 42, 'velocity': 40, 'channel': 9}",1,8880,74,0.0014534875,5,11,soul/groove3
5,12,42,0:324,note_on,0,8994,13.072666575,42,57,"{'type': 'note_on', 'time': 0, 'note': 42, 'velocity': 57, 'channel': 9}",-6,9000,75,-0.008720925000000001,5,12,soul/groove3
5,13,38,0:326,note_on,55,9119,13.2543525125,38,87,"{'type': 'note_on', 'time': 55, 'note': 38, 'velocity': 87, 'channel': 9}",-1,9120,76,-0.0014534875,5,13,soul/groove3
5,13,42,0:328,note_on,0,9120,13.255806,42,127,"{'type': 'note_on', 'time': 0, 'note': 22, 'velocity': 127, 'channel': 9}",0,9120,76,0.0,5,13,soul/groove3
5,14,36,0:331,note_on,50,9240,13.4302245,36,44,"{'type': 'note_on', 'time': 50, 'note': 36, 'velocity': 44, 'channel': 9}",0,9240,77,0.0,5,14,soul/groove3
5,14,42,0:333,note_on,0,9242,13.433131475,42,27,"{'type': 'note_on', 'time': 0, 'note': 42, 'velocity': 27, 'channel': 9}",2,9240,77,0.002906975,5,14,soul/groove3
5,15,42,0:337,note_on,0,9364,13.61045695,42,31,"{'type': 'note_on', 'time': 0, 'note': 22, 'velocity': 31, 'channel': 9}",4,9360,78,0.00581395,5,15,soul/groove3
5,16,36,0:339,note_on,41,9474,13.770340575,36,25,"{'type': 'note_on', 'time': 41, 'note': 36, 'velocity': 25, 'channel': 9}",-6,9480,79,-0.008720925000000001,5,16,soul/groove3
5,16,42,0:341,note_on,0,9475,13.7717940625,42,41,"{'type': 'note_on', 'time': 0, 'note': 42, 'velocity': 41, 'channel': 9}",-5,9480,79,-0.0072674375,5,16,soul/groove3
6,1,36,0:344,note_on,48,9592,13.9418521,36,50,"{'type': 'note_on', 'time': 48, 'note': 36, 'velocity': 50, 'channel': 9}",-8,9600,80,-0.0116279,6,1,soul/groove3
6,1,42,0:346,note_on,0,9600,13.95348,42,127,"{'type': 'note_on', 'time': 0, 'note': 42, 'velocity': 127, 'channel': 9}",0,9600,80,0.0,6,1,soul/groove3
6,2,42,0:350,note_on,0,9722,14.130805475,42,38,"{'type': 'note_on', 'time': 0, 'note': 42, 'velocity': 38, 'channel': 9}",2,9720,81,0.002906975,6,2,soul/groove3
6,3,42,0:353,note_on,0,9838,14.299410025,42,27,"{'type': 'note_on', 'time': 0, 'note': 42, 'velocity': 27, 'channel': 9}",-2,9840,82,-0.002906975,6,3,soul/groove3
6,4,42,0:356,note_on,0,9961,14.4781889875,42,45,"{'type': 'note_on', 'time': 0, 'note': 42, 'velocity': 45, 'channel': 9}",1,9960,83,0.0014534875,6,4,soul/groove3
6,4,36,0:357,note_on,4,9965,14.4840029375,36,32,"{'type': 'note_on', 'time': 4, 'note': 36, 'velocity': 32, 'channel': 9}",5,9960,83,0.0072674375,6,4,soul/groove3
6,5,38,0:361,note_on,0,10093,14.6700493375,38,92,"{'type': 'note_on', 'time': 0, 'note': 38, 'velocity': 92, 'channel': 9}",13,10080,84,0.0188953375,6,5,soul/groove3
6,5,42,0:362,note_on,0,10093,14.6700493375,42,120,"{'type': 'note_on', 'time': 0, 'note': 42, 'velocity': 120, 'channel': 9}",13,10080,84,0.0188953375,6,5,soul/groove3
6,6,42,0:366,note_on,0,10217,14.8502817875,42,33,"{'type': 'note_on', 'time': 0, 'note': 42, 'velocity': 33, 'channel': 9}",17,10200,85,0.0247092875,6,6,soul/groove3
6,7,42,0:369,note_on,0,10332,15.01743285,42,31,"{'type': 'note_on', 'time': 0, 'note': 42, 'velocity': 31, 'channel': 9}",12,10320,86,0.017441850000000002,6,7,soul/groove3
6,8,38,0:371,note_on,39,10440,15.1744095,38,62,"{'type': 'note_on', 'time': 39, 'note': 38, 'velocity': 62, 'channel': 9}",0,10440,87,0.0,6,8,soul/groove3
6,8,42,0:373,note_on,0,10451,15.1903978625,42,28,"{'type': 'note_on', 'time': 0, 'note': 42, 'velocity': 28, 'channel': 9}",11,10440,87,0.0159883625,6,8,soul/groove3
6,9,42,0:377,note_on,0,10571,15.364816362500001,42,127,"{'type': 'note_on', 'time': 0, 'note': 42, 'velocity': 127, 'channel': 9}",11,10560,88,0.0159883625,6,9,soul/groove3
6,10,36,0:379,note_on,31,10672,15.5116186,36,22,"{'type': 'note_on', 'time': 31, 'note': 36, 'velocity': 22, 'channel': 9}",-8,10680,89,-0.0116279,6,10,soul/groove3
6,10,42,0:381,note_on,0,10696,15.5465023,42,49,"{'type': 'note_on', 'time': 0, 'note': 42, 'velocity': 49, 'channel': 9}",16,10680,89,0.0232558,6,10,soul/groove3
6,11,36,0:384,note_on,13,10778,15.665688275,36,44,"{'type': 'note_on', 'time': 13, 'note': 36, 'velocity': 44, 'channel': 9}",-22,10800,90,-0.031976725,6,11,soul/groove3
6,11,42,0:386,note_on,0,10815,15.7194673125,42,56,"{'type': 'note_on', 'time': 0, 'note': 42, 'velocity': 56, 'channel': 9}",15,10800,90,0.0218023125,6,11,soul/groove3
6,12,42,0:390,note_on,0,10926,15.880804425000001,42,40,"{'type': 'note_on', 'time': 0, 'note': 42, 'velocity': 40, 'channel': 9}",6,10920,91,0.008720925000000001,6,12,soul/groove3
6,13,38,0:392,note_on,46,11041,16.0479554875,38,96,"{'type': 'note_on', 'time': 46, 'note': 38, 'velocity': 96, 'channel': 9}",1,11040,92,0.0014534875,6,13,soul/groove3
6,13,42,0:394,note_on,0,11045,16.0537694375,42,127,"{'type': 'note_on', 'time': 0, 'note': 22, 'velocity': 127, 'channel': 9}",5,11040,92,0.0072674375,6,13,soul/groove3
6,14,42,0:398,note_on,0,11162,16.223827475,42,41,"{'type': 'note_on', 'time': 0, 'note': 42, 'velocity': 41, 'channel': 9}",2,11160,93,0.002906975,6,14,soul/groove3
6,14,36,0:399,note_on,12,11174,16.241269325,36,45,"{'type': 'note_on', 'time': 12, 'note': 36, 'velocity': 45, 'channel': 9}",14,11160,93,0.020348825,6,14,soul/groove3
6,15,42,0:403,note_on,0,11287,16.4055134125,42,31,"{'type': 'note_on', 'time': 0, 'note': 22, 'velocity': 31, 'channel': 9}",7,11280,94,0.0101744125,6,15,soul/groove3
6,16,42,0:406,note_on,0,11396,16.56394355,42,13,"{'type': 'note_on', 'time': 0, 'note': 42, 'velocity': 13, 'channel': 9}",-4,11400,95,-0.00581395,6,16,soul/groove3
6,16,36,0:407,note_on,7,11403,16.5741179625,36,23,"{'type': 'note_on', 'time': 7, 'note': 36, 'velocity': 23, 'channel': 9}",3,11400,95,0.0043604625000000004,6,16,soul/groove3
7,1,42,0:411,note_on,0,11518,16.741269025,42,127,"{'type': 'note_on', 'time': 0, 'note': 42, 'velocity': 127, 'channel': 9}",-2,11520,96,-0.002906975,7,1,soul/groove3
7,1,36,0:412,note_on,4,11522,16.747082975,36,52,"{'type': 'note_on', 'time': 4, 'note': 36, 'velocity': 52, 'channel': 9}",2,11520,96,0.002906975,7,1,soul/groove3
7,2,42,0:416,note_on,0,11648,16.9302224,42,28,"{'type': 'note_on', 'time': 0, 'note': 42, 'velocity': 28, 'channel': 9}",8,11640,97,0.0116279,7,2,soul/groove3
7,3,42,0:419,note_on,0,11762,17.095919975,42,41,"{'type': 'note_on', 'time': 0, 'note': 42, 'velocity': 41, 'channel': 9}",2,11760,98,0.002906975,7,3,soul/groove3
7,4,36,0:421,note_on,54,11886,17.276152425,36,43,"{'type': 'note_on', 'time': 54, 'note': 36, 'velocity': 43, 'channel': 9}",6,11880,99,0.008720925000000001,7,4,soul/groove3
7,4,42,0:423,note_on,0,11889,17.2805128875,42,49,"{'type': 'note_on', 'time': 0, 'note': 42, 'velocity': 49, 'channel': 9}",9,11880,99,0.0130813875,7,4,soul/groove3
7,5,38,0:426,note_on,50,12009,17.4549313875,38,104,"{'type': 'note_on', 'time': 50, 'note': 38, 'velocity': 104, 'channel': 9}",9,12000,100,0.0130813875,7,5,soul/groove3
7,5,42,0:428,note_on,0,12012,17.45929185,42,127,"{'type': 'note_on', 'time': 0, 'note': 42, 'velocity': 127, 'channel': 9}",12,12000,100,0.017441850000000002,7,5,soul/groove3
7,6,42,0:432,note_on,0,12135,17.6380708125,42,40,"{'type': 'note_on', 'time': 0, 'note': 42, 'velocity': 40, 'channel': 9}",15,12120,101,0.0218023125,7,6,soul/groove3
7,7,42,0:435,note_on,0,12250,17.805221875,42,27,"{'type': 'note_on', 'time': 0, 'note': 42, 'velocity': 27, 'channel': 9}",10,12240,102,0.014534875,7,7,soul/groove3
7,8,42,0:438,note_on,0,12370,17.979640375,42,49,"{'type': 'note_on', 'time': 0, 'note': 42, 'velocity': 49, 'channel': 9}",10,12360,103,0.014534875,7,8,soul/groove3
7,8,38,0:439,note_on,1,12371,17.9810938625,38,80,"{'type': 'note_on', 'time': 1, 'note': 38, 'velocity': 80, 'channel': 9}",11,12360,103,0.0159883625,7,8,soul/groove3
7,9,42,0:443,note_on,0,12497,18.1642332875,42,125,"{'type': 'note_on', 'time': 0, 'note': 42, 'velocity': 125, 'channel': 9}",17,12480,104,0.0247092875,7,9,soul/groove3
7,10,36,0:445,note_on,37,12604,18.31975645,36,28,"{'type': 'note_on', 'time': 37, 'note': 36, 'velocity': 28, 'channel': 9}",4,12600,105,0.00581395,7,10,soul/groove3
7,10,42,0:447,note_on,0,12612,18.33138435,42,55,"{'type': 'note_on', 'time': 0, 'note': 42, 'velocity': 55, 'channel': 9}",12,12600,105,0.017441850000000002,7,10,soul/groove3
7,11,36,0:450,note_on,36,12718,18.485454025,36,45,"{'type': 'note_on', 'time': 36, 'note': 36, 'velocity': 45, 'channel': 9}",-2,12720,106,-0.002906975,7,11,soul/groove3
7,11,42,0:452,note_on,0,12730,18.502895875,42,38,"{'type': 'note_on', 'time': 0, 'note': 42, 'velocity': 38, 'channel': 9}",10,12720,106,0.014534875,7,11,soul/groove3
7,12,42,0:456,note_on,0,12847,18.6729539125,42,48,"{'type': 'note_on', 'time': 0, 'note': 42, 'velocity': 48, 'channel': 9}",7,12840,107,0.0101744125,7,12,soul/groove3
7,13,38,0:458,note_on,41,12958,18.834291025,38,100,"{'type': 'note_on', 'time': 41, 'note': 38, 'velocity': 100, 'channel': 9}",-2,12960,108,-0.002906975,7,13,soul/groove3
7,13,42,0:460,note_on,0,12960,18.837198,42,113,"{'type': 'note_on', 'time': 0, 'note': 42, 'velocity': 113, 'channel': 9}",0,12960,108,0.0,7,13,soul/groove3
7,14,42,0:464,note_on,0,13077,19.0072560375,42,47,"{'type': 'note_on', 'time': 0, 'note': 42, 'velocity': 47, 'channel': 9}",-3,13080,109,-0.0043604625000000004,7,14,soul/groove3
7,14,36,0:465,note_on,4,13081,19.0130699875,36,45,"{'type': 'note_on', 'time': 4, 'note': 36, 'velocity': 45, 'channel': 9}",1,13080,109,0.0014534875,7,14,soul/groove3
7,15,42,0:469,note_on,0,13200,19.186035,42,33,"{'type': 'note_on', 'time': 0, 'note': 42, 'velocity': 33, 'channel': 9}",0,13200,110,0.0,7,15,soul/groove3
7,16,42,0:472,note_on,0,13316,19.35463955,42,48,"{'type': 'note_on', 'time': 0, 'note': 42, 'velocity': 48, 'channel': 9}",-4,13320,111,-0.00581395,7,16,soul/groove3
7,16,36,0:473,note_on,6,13322,19.363360475,36,25,"{'type': 'note_on', 'time': 6, 'note': 36, 'velocity': 25, 'channel': 9}",2,13320,111,0.002906975,7,16,soul/groove3
8,1,36,0:476,note_on,31,13422,19.508709225,36,43,"{'type': 'note_on', 'time': 31, 'note': 36, 'velocity': 43, 'channel': 9}",-18,13440,112,-0.026162775,8,1,soul/groove3
8,1,42,0:478,note_on,0,13436,19.52905805,42,126,"{'type': 'note_on', 'time': 0, 'note': 42, 'velocity': 126, 'channel': 9}",-4,13440,112,-0.00581395,8,1,soul/groove3
8,2,42,0:482,note_on,0,13563,19.7136509625,42,40,"{'type': 'note_on', 'time': 0, 'note': 42, 'velocity': 40, 'channel': 9}",3,13560,113,0.0043604625000000004,8,2,soul/groove3
8,3,42,0:485,note_on,0,13679,19.8822555125,42,30,"{'type': 'note_on', 'time': 0, 'note': 42, 'velocity': 30, 'channel': 9}",-1,13680,114,-0.0014534875,8,3,soul/groove3
8,4,36,0:487,note_on,21,13770,20.014522875,36,41,"{'type': 'note_on', 'time': 21, 'note': 36, 'velocity': 41, 'channel': 9}",-30,13800,115,-0.043604625,8,4,soul/groove3
8,4,42,0:489,note_on,0,13800,20.0581275,42,52,"{'type': 'note_on', 'time': 0, 'note': 42, 'velocity': 52, 'channel': 9}",0,13800,115,0.0,8,4,soul/groove3
8,5,38,0:492,note_on,49,13919,20.231092512500002,38,95,"{'type': 'note_on', 'time': 49, 'note': 40, 'velocity': 95, 'channel': 9}",-1,13920,116,-0.0014534875,8,5,soul/groove3
8,5,42,0:494,note_on,0,13921,20.2339994875,42,112,"{'type': 'note_on', 'time': 0, 'note': 42, 'velocity': 112, 'channel': 9}",1,13920,116,0.0014534875,8,5,soul/groove3
8,6,42,0:498,note_on,0,14042,20.409871475,42,40,"{'type': 'note_on', 'time': 0, 'note': 42, 'velocity': 40, 'channel': 9}",2,14040,117,0.002906975,8,6,soul/groove3
8,7,42,0:501,note_on,0,14162,20.584289975,42,27,"{'type': 'note_on', 'time': 0, 'note': 42, 'velocity': 27, 'channel': 9}",2,14160,118,0.002906975,8,7,soul/groove3
8,8,42,0:504,note_on,0,14280,20.7558015,42,30,"{'type': 'note_on', 'time': 0, 'note': 42, 'velocity': 30, 'channel': 9}",0,14280,119,0.0,8,8,soul/groove3
8,8,38,0:505,note_on,3,14283,20.7601619625,38,64,"{'type': 'note_on', 'time': 3, 'note': 38, 'velocity': 64, 'channel': 9}",3,14280,119,0.0043604625000000004,8,8,soul/groove3
8,9,42,0:509,note_on,0,14402,20.933126975,42,127,"{'type': 'note_on', 'time': 0, 'note': 42, 'velocity': 127, 'channel': 9}",2,14400,120,0.002906975,8,9,soul/groove3
8,10,42,0:512,note_on,0,14526,21.113359425,42,54,"{'type': 'note_on', 'time': 0, 'note': 42, 'velocity': 54, 'channel': 9}",6,14520,121,0.008720925000000001,8,10,soul/groove3
8,10,36,0:513,note_on,9,14535,21.1264408125,36,26,"{'type': 'note_on', 'time': 9, 'note': 36, 'velocity': 26, 'channel': 9}",15,14520,121,0.0218023125,8,10,soul/groove3
8,11,36,0:516,note_on,36,14640,21.279057,36,36,"{'type': 'note_on', 'time': 36, 'note': 36, 'velocity': 36, 'channel': 9}",0,14640,122,0.0,8,11,soul/groove3
8,11,42,0:518,note_on,0,14649,21.2921383875,42,54,"{'type': 'note_on', 'time': 0, 'note': 42, 'velocity': 54, 'channel': 9}",9,14640,122,0.0130813875,8,11,soul/groove3
8,12,42,0:522,note_on,0,14765,21.4607429375,42,51,"{'type': 'note_on', 'time': 0, 'note': 42, 'velocity': 51, 'channel': 9}",5,14760,123,0.0072674375,8,12,soul/groove3
8,13,38,0:524,note_on,43,14878,21.624987025,38,86,"{'type': 'note_on', 'time': 43, 'note': 38, 'velocity': 86, 'channel': 9}",-2,14880,124,-0.002906975,8,13,soul/groove3
8,13,42,0:526,note_on,0,14886,21.636614925,42,127,"{'type': 'note_on', 'time': 0, 'note': 42, 'velocity': 127, 'channel': 9}",6,14880,124,0.008720925000000001,8,13,soul/groove3
8,14,42,0:530,note_on,0,15004,21.80812645,42,34,"{'type': 'note_on', 'time': 0, 'note': 42, 'velocity': 34, 'channel': 9}",4,15000,125,0.00581395,8,14,soul/groove3
8,14,36,0:531,note_on,15,15019,21.8299287625,36,48,"{'type': 'note_on', 'time': 15, 'note': 36, 'velocity': 48, 'channel': 9}",19,15000,125,0.0276162625,8,14,soul/groove3
8,15,42,0:535,note_on,0,15124,21.98254495,42,33,"{'type': 'note_on', 'time': 0, 'note': 42, 'velocity': 33, 'channel': 9}",4,15120,126,0.00581395,8,15,soul/groove3
8,16,42,0:538,note_on,0,15234,22.142428575,42,28,"{'type': 'note_on', 'time': 0, 'note': 42, 'velocity': 28, 'channel': 9}",-6,15240,127,-0.008720925000000001,8,16,soul/groove3
8,16,36,0:539,note_on,10,15244,22.15696345,36,23,"{'type': 'note_on', 'time': 10, 'note': 36, 'velocity': 23, 'channel': 9}",4,15240,127,0.00581395,8,16,soul/groove3
9,1,42,0:543,note_on,0,15349,22.3095796375,42,113,"{'type': 'note_on', 'time': 0, 'note': 22, 'velocity': 113, 'channel': 9}",-11,15360,128,-0.0159883625,9,1,soul/groove3
9,1,36,0:544,note_on,0,15349,22.3095796375,36,46,"{'type': 'note_on', 'time': 0, 'note': 36, 'velocity': 46, 'channel': 9}",-11,15360,128,-0.0159883625,9,1,soul/groove3
9,2,42,0:548,note_on,0,15474,22.491265575,42,39,"{'type': 'note_on', 'time': 0, 'note': 42, 'velocity': 39, 'channel': 9}",-6,15480,129,-0.008720925000000001,9,2,soul/groove3
9,3,42,0:551,note_on,0,15596,22.66859105,42,31,"{'type': 'note_on', 'time': 0, 'note': 42, 'velocity': 31, 'channel': 9}",-4,15600,130,-0.00581395,9,3,soul/groove3
9,4,36,0:553,note_on,27,15693,22.8095793375,36,32,"{'type': 'note_on', 'time': 27, 'note': 36, 'velocity': 32, 'channel': 9}",-27,15720,131,-0.0392441625,9,4,soul/groove3
9,4,42,0:555,note_on,0,15718,22.845916525,42,47,"{'type': 'note_on', 'time': 0, 'note': 42, 'velocity': 47, 'channel': 9}",-2,15720,131,-0.002906975,9,4,soul/groove3
9,5,38,0:558,note_on,48,15836,23.01742805,38,83,"{'type': 'note_on', 'time': 48, 'note': 38, 'velocity': 83, 'channel': 9}",-4,15840,132,-0.00581395,9,5,soul/groove3
9,5,42,0:560,note_on,0,15839,23.0217885125,42,122,"{'type': 'note_on', 'time': 0, 'note': 22, 'velocity': 122, 'channel': 9}",-1,15840,132,-0.0014534875,9,5,soul/groove3
9,6,42,0:564,note_on,0,15966,23.206381425,42,28,"{'type': 'note_on', 'time': 0, 'note': 42, 'velocity': 28, 'channel': 9}",6,15960,133,0.008720925000000001,9,6,soul/groove3
9,7,42,0:567,note_on,0,16080,23.372079,42,27,"{'type': 'note_on', 'time': 0, 'note': 42, 'velocity': 27, 'channel': 9}",0,16080,134,0.0,9,7,soul/groove3
9,8,38,0:569,note_on,38,16188,23.52905565,38,56,"{'type': 'note_on', 'time': 38, 'note': 38, 'velocity': 56, 'channel': 9}",-12,16200,135,-0.017441850000000002,9,8,soul/groove3
9,8,42,0:571,note_on,0,16196,23.54068355,42,23,"{'type': 'note_on', 'time': 0, 'note': 42, 'velocity': 23, 'channel': 9}",-4,16200,135,-0.00581395,9,8,soul/groove3
9,9,42,0:575,note_on,0,16312,23.7092881,42,116,"{'type': 'note_on', 'time': 0, 'note': 22, 'velocity': 116, 'channel': 9}",-8,16320,136,-0.0116279,9,9,soul/groove3
9,10,36,0:577,note_on,45,16427,23.8764391625,36,18,"{'type': 'note_on', 'time': 45, 'note': 36, 'velocity': 18, 'channel': 9}",-13,16440,137,-0.0188953375,9,10,soul/groove3
9,10,42,0:579,note_on,0,16436,23.88952055,42,41,"{'type': 'note_on', 'time': 0, 'note': 42, 'velocity': 41, 'channel': 9}",-4,16440,137,-0.00581395,9,10,soul/groove3
9,11,36,0:582,note_on,29,16534,24.031962325,36,43,"{'type': 'note_on', 'time': 29, 'note': 36, 'velocity': 43, 'channel': 9}",-26,16560,138,-0.037790675,9,11,soul/groove3
9,11,42,0:584,note_on,0,16559,24.0682995125,42,44,"{'type': 'note_on', 'time': 0, 'note': 42, 'velocity': 44, 'channel': 9}",-1,16560,138,-0.0014534875,9,11,soul/groove3
9,12,42,0:591,note_on,0,16675,24.2369040625,42,51,"{'type': 'note_on', 'time': 0, 'note': 42, 'velocity': 51, 'channel': 9}",-5,16680,139,-0.0072674375,9,12,soul/groove3
9,13,38,0:594,note_on,46,16791,24.4055086125,38,79,"{'type': 'note_on', 'time': 46, 'note': 38, 'velocity': 79, 'channel': 9}",-9,16800,140,-0.0130813875,9,13,soul/groove3
9,13,42,0:596,note_on,0,16795,24.4113225625,42,109,"{'type': 'note_on', 'time': 0, 'note': 22, 'velocity': 109, 'channel': 9}",-5,16800,140,-0.0072674375,9,13,soul/groove3
9,14,36,0:599,note_on,47,16912,24.5813806,36,37,"{'type': 'note_on', 'time': 47, 'note': 36, 'velocity': 37, 'channel': 9}",-8,16920,141,-0.0116279,9,14,soul/groove3
9,14,42,0:601,note_on,0,16918,24.590101525,42,33,"{'type': 'note_on', 'time': 0, 'note': 42, 'velocity': 33, 'channel': 9}",-2,16920,141,-0.002906975,9,14,soul/groove3
9,15,42,0:605,note_on,0,17032,24.7557991,42,25,"{'type': 'note_on', 'time': 0, 'note': 42, 'velocity': 25, 'channel': 9}",-8,17040,142,-0.0116279,9,15,soul/groove3
9,16,42,0:608,note_on,0,17141,24.9142292375,42,29,"{'type': 'note_on', 'time': 0, 'note': 42, 'velocity': 29, 'channel': 9}",-19,17160,143,-0.0276162625,9,16,soul/groove3
9,16,36,0:609,note_on,2,17143,24.9171362125,36,27,"{'type': 'note_on', 'time': 2, 'note': 36, 'velocity': 27, 'channel': 9}",-17,17160,143,-0.0247092875,9,16,soul/groove3
10,1,36,0:612,note_on,41,17254,25.078473325,36,47,"{'type': 'note_on', 'time': 41, 'note': 36, 'velocity': 47, 'channel': 9}",-26,17280,144,-0.037790675,10,1,soul/groove3
10,1,42,0:614,note_on,0,17264,25.0930082,42,103,"{'type': 'note_on', 'time': 0, 'note': 22, 'velocity': 103, 'channel': 9}",-16,17280,144,-0.0232558,10,1,soul/groove3
10,2,42,0:618,note_on,0,17384,25.2674267,42,28,"{'type': 'note_on', 'time': 0, 'note': 42, 'velocity': 28, 'channel': 9}",-16,17400,145,-0.0232558,10,2,soul/groove3
10,3,42,0:621,note_on,0,17503,25.4403917125,42,36,"{'type': 'note_on', 'time': 0, 'note': 42, 'velocity': 36, 'channel': 9}",-17,17520,146,-0.0247092875,10,3,soul/groove3
10,3,38,0:622,note_on,16,17519,25.4636475125,38,6,"{'type': 'note_on', 'time': 16, 'note': 38, 'velocity': 6, 'channel': 9}",-1,17520,146,-0.0014534875,10,3,soul/groove3
10,4,36,0:625,note_on,30,17618,25.607542775,36,32,"{'type': 'note_on', 'time': 30, 'note': 36, 'velocity': 32, 'channel': 9}",-22,17640,147,-0.031976725,10,4,soul/groove3
10,4,42,0:627,note_on,0,17624,25.6162637,42,28,"{'type': 'note_on', 'time': 0, 'note': 42, 'velocity': 28, 'channel': 9}",-16,17640,147,-0.0232558,10,4,soul/groove3
10,5,42,0:631,note_on,0,17749,25.7979496375,42,112,"{'type': 'note_on', 'time': 0, 'note': 22, 'velocity': 112, 'channel': 9}",-11,17760,148,-0.0159883625,10,5,soul/groove3
10,5,38,0:632,note_on,0,17749,25.7979496375,38,83,"{'type': 'note_on', 'time': 0, 'note': 38, 'velocity': 83, 'channel': 9}",-11,17760,148,-0.0159883625,10,5,soul/groove3
10,6,42,0:636,note_on,0,17870,25.973821625,42,32,"{'type': 'note_on', 'time': 0, 'note': 42, 'velocity': 32, 'channel': 9}",-10,17880,149,-0.014534875,10,6,soul/groove3
10,7,42,0:639,note_on,0,17989,26.1467866375,42,29,"{'type': 'note_on', 'time': 0, 'note': 42, 'velocity': 29, 'channel': 9}",-11,18000,150,-0.0159883625,10,7,soul/groove3
10,8,42,0:642,note_on,0,18096,26.3023098,42,15,"{'type': 'note_on', 'time': 0, 'note': 42, 'velocity': 15, 'channel': 9}",-24,18120,151,-0.034883700000000004,10,8,soul/groove3
10,8,38,0:643,note_on,16,18112,26.3255656,38,63,"{'type': 'note_on', 'time': 16, 'note': 38, 'velocity': 63, 'channel': 9}",-8,18120,151,-0.0116279,10,8,soul/groove3
10,9,42,0:647,note_on,0,18220,26.48254225,42,107,"{'type': 'note_on', 'time': 0, 'note': 22, 'velocity': 107, 'channel': 9}",-20,18240,152,-0.02906975,10,9,soul/groove3
10,10,36,0:649,note_on,41,18330,26.642425875,36,19,"{'type': 'note_on', 'time': 41, 'note': 36, 'velocity': 19, 'channel': 9}",-30,18360,153,-0.043604625,10,10,soul/groove3
10,10,42,0:651,note_on,0,18348,26.66858865,42,42,"{'type': 'note_on', 'time': 0, 'note': 42, 'velocity': 42, 'channel': 9}",-12,18360,153,-0.017441850000000002,10,10,soul/groove3
10,11,36,0:654,note_on,30,18448,26.8139374,36,40,"{'type': 'note_on', 'time': 30, 'note': 36, 'velocity': 40, 'channel': 9}",-32,18480,154,-0.0465116,10,11,soul/groove3
10,11,42,0:656,note_on,0,18471,26.8473676125,42,37,"{'type': 'note_on', 'time': 0, 'note': 42, 'velocity': 37, 'channel': 9}",-9,18480,154,-0.0130813875,10,11,soul/groove3
10,12,38,0:659,note_on,12,18553,26.9665535875,38,7,"{'type': 'note_on', 'time': 12, 'note': 38, 'velocity': 7, 'channel': 9}",-47,18600,155,-0.0683139125,10,12,soul/groove3
10,12,42,0:661,note_on,0,18580,27.00579775,42,41,"{'type': 'note_on', 'time': 0, 'note': 42, 'velocity': 41, 'channel': 9}",-20,18600,155,-0.02906975,10,12,soul/groove3
10,13,42,0:665,note_on,0,18710,27.194751125,42,122,"{'type': 'note_on', 'time': 0, 'note': 22, 'velocity': 122, 'channel': 9}",-10,18720,156,-0.014534875,10,13,soul/groove3
10,13,38,0:666,note_on,0,18710,27.194751125,38,79,"{'type': 'note_on', 'time': 0, 'note': 38, 'velocity': 79, 'channel': 9}",-10,18720,156,-0.014534875,10,13,soul/groove3
10,14,42,0:670,note_on,0,18829,27.3677161375,42,34,"{'type': 'note_on', 'time': 0, 'note': 42, 'velocity': 34, 'channel': 9}",-11,18840,157,-0.0159883625,10,14,soul/groove3
10,14,36,0:671,note_on,10,18839,27.3822510125,36,44,"{'type': 'note_on', 'time': 10, 'note': 36, 'velocity': 44, 'channel': 9}",-1,18840,157,-0.0014534875,10,14,soul/groove3
10,15,42,0:675,note_on,0,18947,27.5392276625,42,46,"{'type': 'note_on', 'time': 0, 'note': 22, 'velocity': 46, 'channel': 9}",-13,18960,158,-0.0188953375,10,15,soul/groove3
10,16,36,0:677,note_on,56,19073,27.7223670875,36,28,"{'type': 'note_on', 'time': 56, 'note': 36, 'velocity': 28, 'channel': 9}",-7,19080,159,-0.0101744125,10,16,soul/groove3
10,16,42,0:679,note_on,0,19078,27.729634525,42,55,"{'type': 'note_on', 'time': 0, 'note': 42, 'velocity': 55, 'channel': 9}",-2,19080,159,-0.002906975,10,16,soul/groove3
11,1,36,0:682,note_on,37,19184,27.8837042,36,47,"{'type': 'note_on', 'time': 37, 'note': 36, 'velocity': 47, 'channel': 9}",-16,19200,160,-0.0232558,11,1,soul/groove3
11,1,42,0:684,note_on,0,19194,27.898239075,42,127,"{'type': 'note_on', 'time': 0, 'note': 22, 'velocity': 127, 'channel': 9}",-6,19200,160,-0.008720925000000001,11,1,soul/groove3
11,2,42,0:688,note_on,0,19307,28.0624831625,42,32,"{'type': 'note_on', 'time': 0, 'note': 42, 'velocity': 32, 'channel': 9}",-13,19320,161,-0.0188953375,11,2,soul/groove3
11,3,42,0:691,note_on,0,19429,28.2398086375,42,41,"{'type': 'note_on', 'time': 0, 'note': 22, 'velocity': 41, 'channel': 9}",-11,19440,162,-0.0159883625,11,3,soul/groove3
11,4,38,0:693,note_on,10,19509,28.3560876375,38,5,"{'type': 'note_on', 'time': 10, 'note': 38, 'velocity': 5, 'channel': 9}",-51,19560,163,-0.0741278625,11,4,soul/groove3
11,4,42,0:695,note_on,0,19544,28.4069597,42,28,"{'type': 'note_on', 'time': 0, 'note': 42, 'velocity': 28, 'channel': 9}",-16,19560,163,-0.0232558,11,4,soul/groove3
11,4,36,0:696,note_on,11,19555,28.4229480625,36,37,"{'type': 'note_on', 'time': 11, 'note': 36, 'velocity': 37, 'channel': 9}",-5,19560,163,-0.0072674375,11,4,soul/groove3
11,5,38,0:700,note_on,45,19669,28.5886456375,38,86,"{'type': 'note_on', 'time': 45, 'note': 38, 'velocity': 86, 'channel': 9}",-11,19680,164,-0.0159883625,11,5,soul/groove3
11,5,42,0:702,note_on,0,19671,28.5915526125,42,109,"{'type': 'note_on', 'time': 0, 'note': 22, 'velocity': 109, 'channel': 9}",-9,19680,164,-0.0130813875,11,5,soul/groove3
11,6,42,0:706,note_on,0,19793,28.7688780875,42,29,"{'type': 'note_on', 'time': 0, 'note': 42, 'velocity': 29, 'channel': 9}",-7,19800,165,-0.0101744125,11,6,soul/groove3
11,7,42,0:709,note_on,0,19915,28.9462035625,42,25,"{'type': 'note_on', 'time': 0, 'note': 42, 'velocity': 25, 'channel': 9}",-5,19920,166,-0.0072674375,11,7,soul/groove3
11,8,42,0:712,note_on,0,20027,29.1089941625,42,30,"{'type': 'note_on', 'time': 0, 'note': 42, 'velocity': 30, 'channel': 9}",-13,20040,167,-0.0188953375,11,8,soul/groove3
11,8,38,0:713,note_on,21,20048,29.1395174,38,48,"{'type': 'note_on', 'time': 21, 'note': 38, 'velocity': 48, 'channel': 9}",8,20040,167,0.0116279,11,8,soul/groove3
11,9,42,0:717,note_on,0,20156,29.29649405,42,95,"{'type': 'note_on', 'time': 0, 'note': 42, 'velocity': 95, 'channel': 9}",-4,20160,168,-0.00581395,11,9,soul/groove3
11,10,42,0:720,note_on,0,20278,29.473819525,42,43,"{'type': 'note_on', 'time': 0, 'note': 42, 'velocity': 43, 'channel': 9}",-2,20280,169,-0.002906975,11,10,soul/groove3
11,10,36,0:721,note_on,3,20281,29.4781799875,36,18,"{'type': 'note_on', 'time': 3, 'note': 36, 'velocity': 18, 'channel': 9}",1,20280,169,0.0014534875,11,10,soul/groove3
11,11,36,0:724,note_on,39,20389,29.6351566375,36,43,"{'type': 'note_on', 'time': 39, 'note': 36, 'velocity': 43, 'channel': 9}",-11,20400,170,-0.0159883625,11,11,soul/groove3
11,11,42,0:726,note_on,0,20403,29.6555054625,42,50,"{'type': 'note_on', 'time': 0, 'note': 42, 'velocity': 50, 'channel': 9}",3,20400,170,0.0043604625000000004,11,11,soul/groove3
11,12,42,0:730,note_on,0,20512,29.8139356,42,36,"{'type': 'note_on', 'time': 0, 'note': 42, 'velocity': 36, 'channel': 9}",-8,20520,171,-0.0116279,11,12,soul/groove3
11,13,38,0:732,note_on,50,20632,29.9883541,38,87,"{'type': 'note_on', 'time': 50, 'note': 38, 'velocity': 87, 'channel': 9}",-8,20640,172,-0.0116279,11,13,soul/groove3
11,13,42,0:734,note_on,0,20637,29.9956215375,42,110,"{'type': 'note_on', 'time': 0, 'note': 42, 'velocity': 110, 'channel': 9}",-3,20640,172,-0.0043604625000000004,11,13,soul/groove3
11,14,42,0:738,note_on,0,20753,30.1642260875,42,27,"{'type': 'note_on', 'time': 0, 'note': 42, 'velocity': 27, 'channel': 9}",-7,20760,173,-0.0101744125,11,14,soul/groove3
11,14,36,0:739,note_on,13,20766,30.183121425,36,43,"{'type': 'note_on', 'time': 13, 'note': 36, 'velocity': 43, 'channel': 9}",6,20760,173,0.008720925000000001,11,14,soul/groove3
11,15,42,0:743,note_on,0,20879,30.3473655125,42,44,"{'type': 'note_on', 'time': 0, 'note': 42, 'velocity': 44, 'channel': 9}",-1,20880,174,-0.0014534875,11,15,soul/groove3
11,16,42,0:746,note_on,0,20995,30.5159700625,42,44,"{'type': 'note_on', 'time': 0, 'note': 42, 'velocity': 44, 'channel': 9}",-5,21000,175,-0.0072674375,11,16,soul/groove3
11,16,36,0:747,note_on,6,21001,30.5246909875,36,28,"{'type': 'note_on', 'time': 6, 'note': 36, 'velocity': 28, 'channel': 9}",1,21000,175,0.0014534875,11,16,soul/groove3
12,1,42,0:751,note_on,0,21116,30.69184205,42,113,"{'type': 'note_on', 'time': 0, 'note': 42, 'velocity': 113, 'channel': 9}",-4,21120,176,-0.00581395,12,1,soul/groove3
12,1,36,0:752,note_on,3,21119,30.6962025125,36,48,"{'type': 'note_on', 'time': 3, 'note': 36, 'velocity': 48, 'channel': 9}",-1,21120,176,-0.0014534875,12,1,soul/groove3
12,2,42,0:756,note_on,0,21234,30.863353575,42,34,"{'type': 'note_on', 'time': 0, 'note': 42, 'velocity': 34, 'channel': 9}",-6,21240,177,-0.008720925000000001,12,2,soul/groove3
12,3,42,0:759,note_on,0,21352,31.0348651,42,36,"{'type': 'note_on', 'time': 0, 'note': 42, 'velocity': 36, 'channel': 9}",-8,21360,178,-0.0116279,12,3,soul/groove3
12,4,38,0:761,note_on,34,21455,31.1845743125,38,8,"{'type': 'note_on', 'time': 34, 'note': 38, 'velocity': 8, 'channel': 9}",-25,21480,179,-0.0363371875,12,4,soul/groove3
12,4,42,0:763,note_on,0,21471,31.2078301125,42,34,"{'type': 'note_on', 'time': 0, 'note': 42, 'velocity': 34, 'channel': 9}",-9,21480,179,-0.0130813875,12,4,soul/groove3
12,4,36,0:764,note_on,3,21474,31.212190575,36,39,"{'type': 'note_on', 'time': 3, 'note': 36, 'velocity': 39, 'channel': 9}",-6,21480,179,-0.008720925000000001,12,4,soul/groove3
12,5,38,0:769,note_on,0,21598,31.392423025,38,86,"{'type': 'note_on', 'time': 0, 'note': 38, 'velocity': 86, 'channel': 9}",-2,21600,180,-0.002906975,12,5,soul/groove3
12,5,42,0:770,note_on,0,21598,31.392423025,42,87,"{'type': 'note_on', 'time': 0, 'note': 42, 'velocity': 87, 'channel': 9}",-2,21600,180,-0.002906975,12,5,soul/groove3
12,6,42,0:774,note_on,0,21714,31.561027575,42,26,"{'type': 'note_on', 'time': 0, 'note': 42, 'velocity': 26, 'channel': 9}",-6,21720,181,-0.008720925000000001,12,6,soul/groove3
12,7,42,0:777,note_on,0,21837,31.7398065375,42,33,"{'type': 'note_on', 'time': 0, 'note': 42, 'velocity': 33, 'channel': 9}",-3,21840,182,-0.0043604625000000004,12,7,soul/groove3
12,8,42,0:780,note_on,0,21948,31.90114365,42,12,"{'type': 'note_on', 'time': 0, 'note': 42, 'velocity': 12, 'channel': 9}",-12,21960,183,-0.017441850000000002,12,8,soul/groove3
12,8,38,0:781,note_on,22,21970,31.933120375,38,67,"{'type': 'note_on', 'time': 22, 'note': 38, 'velocity': 67, 'channel': 9}",10,21960,183,0.014534875,12,8,soul/groove3
12,9,42,0:785,note_on,0,22080,32.093004,42,101,"{'type': 'note_on', 'time': 0, 'note': 42, 'velocity': 101, 'channel': 9}",0,22080,184,0.0,12,9,soul/groove3
12,10,36,0:787,note_on,51,22201,32.2688759875,36,18,"{'type': 'note_on', 'time': 51, 'note': 36, 'velocity': 18, 'channel': 9}",1,22200,185,0.0014534875,12,10,soul/groove3
12,10,42,0:789,note_on,0,22205,32.2746899375,42,45,"{'type': 'note_on', 'time': 0, 'note': 42, 'velocity': 45, 'channel': 9}",5,22200,185,0.0072674375,12,10,soul/groove3
12,11,36,0:792,note_on,38,22313,32.4316665875,36,41,"{'type': 'note_on', 'time': 38, 'note': 36, 'velocity': 41, 'channel': 9}",-7,22320,186,-0.0101744125,12,11,soul/groove3
12,11,42,0:794,note_on,0,22328,32.4534689,42,47,"{'type': 'note_on', 'time': 0, 'note': 42, 'velocity': 47, 'channel': 9}",8,22320,186,0.0116279,12,11,soul/groove3
12,12,38,0:797,note_on,9,22407,32.5682944125,38,11,"{'type': 'note_on', 'time': 9, 'note': 38, 'velocity': 11, 'channel': 9}",-33,22440,187,-0.0479650875,12,12,soul/groove3
12,12,42,0:799,note_on,0,22441,32.6177129875,42,43,"{'type': 'note_on', 'time': 0, 'note': 42, 'velocity': 43, 'channel': 9}",1,22440,187,0.0014534875,12,12,soul/groove3
12,13,38,0:802,note_on,48,22560,32.790678,38,83,"{'type': 'note_on', 'time': 48, 'note': 38, 'velocity': 83, 'channel': 9}",0,22560,188,0.0,12,13,soul/groove3
12,13,42,0:804,note_on,0,22568,32.8023059,42,122,"{'type': 'note_on', 'time': 0, 'note': 22, 'velocity': 122, 'channel': 9}",8,22560,188,0.0116279,12,13,soul/groove3
12,14,36,0:807,note_on,50,22687,32.9752709125,36,44,"{'type': 'note_on', 'time': 50, 'note': 36, 'velocity': 44, 'channel': 9}",7,22680,189,0.0101744125,12,14,soul/groove3
12,14,42,0:809,note_on,0,22689,32.9781778875,42,36,"{'type': 'note_on', 'time': 0, 'note': 42, 'velocity': 36, 'channel': 9}",9,22680,189,0.0130813875,12,14,soul/groove3
12,15,42,0:813,note_on,0,22804,33.14532895,42,32,"{'type': 'note_on', 'time': 0, 'note': 42, 'velocity': 32, 'channel': 9}",4,22800,190,0.00581395,12,15,soul/groove3
12,16,42,0:816,note_on,0,22917,33.3095730375,42,30,"{'type': 'note_on', 'time': 0, 'note': 42, 'velocity': 30, 'channel': 9}",-3,22920,191,-0.0043604625000000004,12,16,soul/groove3
12,16,36,0:817,note_on,3,22920,33.3139335,36,24,"{'type': 'note_on', 'time': 3, 'note': 36, 'velocity': 24, 'channel': 9}",0,22920,191,0.0,12,16,soul/groove3
13,1,36,0:820,note_on,40,23029,33.4723636375,36,48,"{'type': 'note_on', 'time': 40, 'note': 36, 'velocity': 48, 'channel': 9}",-11,23040,192,-0.0159883625,13,1,soul/groove3
13,1,42,0:822,note_on,0,23037,33.4839915375,42,119,"{'type': 'note_on', 'time': 0, 'note': 42, 'velocity': 119, 'channel': 9}",-3,23040,192,-0.0043604625000000004,13,1,soul/groove3
13,1,38,0:823,note_on,17,23054,33.508700825,38,14,"{'type': 'note_on', 'time': 17, 'note': 38, 'velocity': 14, 'channel': 9}",14,23040,192,0.020348825,13,1,soul/groove3
13,2,42,0:828,note_on,0,23160,33.6627705,42,31,"{'type': 'note_on', 'time': 0, 'note': 42, 'velocity': 31, 'channel': 9}",0,23160,193,0.0,13,2,soul/groove3
13,3,38,0:830,note_on,41,23270,33.822654125,38,7,"{'type': 'note_on', 'time': 41, 'note': 38, 'velocity': 7, 'channel': 9}",-10,23280,194,-0.014534875,13,3,soul/groove3
13,3,42,0:832,note_on,0,23279,33.8357355125,42,25,"{'type': 'note_on', 'time': 0, 'note': 42, 'velocity': 25, 'channel': 9}",-1,23280,194,-0.0014534875,13,3,soul/groove3
13,4,36,0:835,note_on,51,23400,34.0116075,36,40,"{'type': 'note_on', 'time': 51, 'note': 36, 'velocity': 40, 'channel': 9}",0,23400,195,0.0,13,4,soul/groove3
13,4,42,0:837,note_on,0,23402,34.014514475,42,39,"{'type': 'note_on', 'time': 0, 'note': 42, 'velocity': 39, 'channel': 9}",2,23400,195,0.002906975,13,4,soul/groove3
13,5,38,0:840,note_on,50,23522,34.188932975,38,86,"{'type': 'note_on', 'time': 50, 'note': 38, 'velocity': 86, 'channel': 9}",2,23520,196,0.002906975,13,5,soul/groove3
13,5,42,0:842,note_on,0,23527,34.1962004125,42,113,"{'type': 'note_on', 'time': 0, 'note': 22, 'velocity': 113, 'channel': 9}",7,23520,196,0.0101744125,13,5,soul/groove3
13,6,42,0:846,note_on,0,23645,34.3677119375,42,30,"{'type': 'note_on', 'time': 0, 'note': 42, 'velocity': 30, 'channel': 9}",5,23640,197,0.0072674375,13,6,soul/groove3
13,7,42,0:849,note_on,0,23761,34.5363164875,42,32,"{'type': 'note_on', 'time': 0, 'note': 42, 'velocity': 32, 'channel': 9}",1,23760,198,0.0014534875,13,7,soul/groove3
13,8,42,0:852,note_on,0,23880,34.7092815,42,29,"{'type': 'note_on', 'time': 0, 'note': 42, 'velocity': 29, 'channel': 9}",0,23880,199,0.0,13,8,soul/groove3
13,8,38,0:853,note_on,3,23883,34.7136419625,38,62,"{'type': 'note_on', 'time': 3, 'note': 38, 'velocity': 62, 'channel': 9}",3,23880,199,0.0043604625000000004,13,8,soul/groove3
13,9,42,0:857,note_on,0,24006,34.892420925,42,124,"{'type': 'note_on', 'time': 0, 'note': 42, 'velocity': 124, 'channel': 9}",6,24000,200,0.008720925000000001,13,9,soul/groove3
13,10,42,0:860,note_on,0,24131,35.0741068625,42,43,"{'type': 'note_on', 'time': 0, 'note': 42, 'velocity': 43, 'channel': 9}",11,24120,201,0.0159883625,13,10,soul/groove3
13,10,36,0:861,note_on,2,24133,35.0770138375,36,23,"{'type': 'note_on', 'time': 2, 'note': 36, 'velocity': 23, 'channel': 9}",13,24120,201,0.0188953375,13,10,soul/groove3
13,11,36,0:864,note_on,34,24237,35.2281765375,36,41,"{'type': 'note_on', 'time': 34, 'note': 36, 'velocity': 41, 'channel': 9}",-3,24240,202,-0.0043604625000000004,13,11,soul/groove3
13,11,42,0:866,note_on,0,24247,35.2427114125,42,53,"{'type': 'note_on', 'time': 0, 'note': 42, 'velocity': 53, 'channel': 9}",7,24240,202,0.0101744125,13,11,soul/groove3
13,12,42,0:870,note_on,0,24363,35.4113159625,42,48,"{'type': 'note_on', 'time': 0, 'note': 42, 'velocity': 48, 'channel': 9}",3,24360,203,0.0043604625000000004,13,12,soul/groove3
13,13,38,0:872,note_on,44,24477,35.5770135375,38,84,"{'type': 'note_on', 'time': 44, 'note': 38, 'velocity': 84, 'channel': 9}",-3,24480,204,-0.0043604625000000004,13,13,soul/groove3
13,13,42,0:874,note_on,0,24482,35.584280975,42,112,"{'type': 'note_on', 'time': 0, 'note': 42, 'velocity': 112, 'channel': 9}",2,24480,204,0.002906975,13,13,soul/groove3
13,14,36,0:877,note_on,51,24603,35.7601529625,36,39,"{'type': 'note_on', 'time': 51, 'note': 36, 'velocity': 39, 'channel': 9}",3,24600,205,0.0043604625000000004,13,14,soul/groove3
13,14,42,0:879,note_on,0,24605,35.7630599375,42,41,"{'type': 'note_on', 'time': 0, 'note': 42, 'velocity': 41, 'channel': 9}",5,24600,205,0.0072674375,13,14,soul/groove3
13,15,42,0:883,note_on,0,24727,35.9403854125,42,27,"{'type': 'note_on', 'time': 0, 'note': 42, 'velocity': 27, 'channel': 9}",7,24720,206,0.0101744125,13,15,soul/groove3
13,16,36,0:885,note_on,46,24843,36.1089899625,36,15,"{'type': 'note_on', 'time': 46, 'note': 36, 'velocity': 15, 'channel': 9}",3,24840,207,0.0043604625000000004,13,16,soul/groove3
13,16,42,0:887,note_on,0,24846,36.113350425,42,34,"{'type': 'note_on', 'time': 0, 'note': 42, 'velocity': 34, 'channel': 9}",6,24840,207,0.008720925000000001,13,16,soul/groove3
14,1,36,0:890,note_on,38,24954,36.270327075,36,43,"{'type': 'note_on', 'time': 38, 'note': 36, 'velocity': 43, 'channel': 9}",-6,24960,208,-0.008720925000000001,14,1,soul/groove3
14,1,42,0:892,note_on,0,24963,36.2834084625,42,116,"{'type': 'note_on', 'time': 0, 'note': 42, 'velocity': 116, 'channel': 9}",3,24960,208,0.0043604625000000004,14,1,soul/groove3
14,2,42,0:896,note_on,0,25085,36.4607339375,42,31,"{'type': 'note_on', 'time': 0, 'note': 42, 'velocity': 31, 'channel': 9}",5,25080,209,0.0072674375,14,2,soul/groove3
14,3,42,0:899,note_on,0,25201,36.6293384875,42,31,"{'type': 'note_on', 'time': 0, 'note': 42, 'velocity': 31, 'channel': 9}",1,25200,210,0.0014534875,14,3,soul/groove3
14,4,42,0:905,note_on,0,25323,36.806663962500004,42,48,"{'type': 'note_on', 'time': 0, 'note': 42, 'velocity': 48, 'channel': 9}",3,25320,211,0.0043604625000000004,14,4,soul/groove3
14,4,36,0:906,note_on,14,25337,36.8270127875,36,33,"{'type': 'note_on', 'time': 14, 'note': 36, 'velocity': 33, 'channel': 9}",17,25320,211,0.0247092875,14,4,soul/groove3
14,5,42,0:911,note_on,0,25451,36.9927103625,42,97,"{'type': 'note_on', 'time': 0, 'note': 42, 'velocity': 97, 'channel': 9}",11,25440,212,0.0159883625,14,5,soul/groove3
14,5,38,0:912,note_on,3,25454,36.997070825,38,86,"{'type': 'note_on', 'time': 3, 'note': 38, 'velocity': 86, 'channel': 9}",14,25440,212,0.020348825,14,5,soul/groove3
14,6,42,0:916,note_on,0,25573,37.1700358375,42,33,"{'type': 'note_on', 'time': 0, 'note': 42, 'velocity': 33, 'channel': 9}",13,25560,213,0.0188953375,14,6,soul/groove3
14,7,42,0:919,note_on,0,25686,37.334279925,42,24,"{'type': 'note_on', 'time': 0, 'note': 42, 'velocity': 24, 'channel': 9}",6,25680,214,0.008720925000000001,14,7,soul/groove3
14,8,38,0:921,note_on,40,25796,37.49416355,38,69,"{'type': 'note_on', 'time': 40, 'note': 38, 'velocity': 69, 'channel': 9}",-4,25800,215,-0.00581395,14,8,soul/groove3
14,8,42,0:923,note_on,0,25806,37.508698425,42,36,"{'type': 'note_on', 'time': 0, 'note': 42, 'velocity': 36, 'channel': 9}",6,25800,215,0.008720925000000001,14,8,soul/groove3
14,9,42,0:927,note_on,0,25922,37.677302975,42,101,"{'type': 'note_on', 'time': 0, 'note': 42, 'velocity': 101, 'channel': 9}",2,25920,216,0.002906975,14,9,soul/groove3
14,10,36,0:929,note_on,23,26015,37.8124773125,36,22,"{'type': 'note_on', 'time': 23, 'note': 36, 'velocity': 22, 'channel': 9}",-25,26040,217,-0.0363371875,14,10,soul/groove3
14,10,42,0:931,note_on,0,26043,37.8531749625,42,54,"{'type': 'note_on', 'time': 0, 'note': 42, 'velocity': 54, 'channel': 9}",3,26040,217,0.0043604625000000004,14,10,soul/groove3
14,11,36,0:934,note_on,12,26125,37.9723609375,36,41,"{'type': 'note_on', 'time': 12, 'note': 36, 'velocity': 41, 'channel': 9}",-35,26160,218,-0.0508720625,14,11,soul/groove3
14,11,42,0:936,note_on,0,26161,38.0246864875,42,49,"{'type': 'note_on', 'time': 0, 'note': 42, 'velocity': 49, 'channel': 9}",1,26160,218,0.0014534875,14,11,soul/groove3
14,12,42,0:940,note_on,0,26274,38.188930575,42,38,"{'type': 'note_on', 'time': 0, 'note': 42, 'velocity': 38, 'channel': 9}",-6,26280,219,-0.008720925000000001,14,12,soul/groove3
14,13,38,0:942,note_on,42,26386,38.351721175,38,90,"{'type': 'note_on', 'time': 42, 'note': 38, 'velocity': 90, 'channel': 9}",-14,26400,220,-0.020348825,14,13,soul/groove3
14,13,42,0:944,note_on,0,26391,38.3589886125,42,108,"{'type': 'note_on', 'time': 0, 'note': 42, 'velocity': 108, 'channel': 9}",-9,26400,220,-0.0130813875,14,13,soul/groove3
14,14,42,0:948,note_on,0,26504,38.5232327,42,46,"{'type': 'note_on', 'time': 0, 'note': 42, 'velocity': 46, 'channel': 9}",-16,26520,221,-0.0232558,14,14,soul/groove3
14,14,36,0:949,note_on,8,26512,38.5348606,36,44,"{'type': 'note_on', 'time': 8, 'note': 36, 'velocity': 44, 'channel': 9}",-8,26520,221,-0.0116279,14,14,soul/groove3
14,15,42,0:953,note_on,0,26623,38.6961977125,42,30,"{'type': 'note_on', 'time': 0, 'note': 42, 'velocity': 30, 'channel': 9}",-17,26640,222,-0.0247092875,14,15,soul/groove3
14,16,42,0:956,note_on,0,26738,38.863348775,42,43,"{'type': 'note_on', 'time': 0, 'note': 42, 'velocity': 43, 'channel': 9}",-22,26760,223,-0.031976725,14,16,soul/groove3
14,16,36,0:957,note_on,8,26746,38.874976675,36,23,"{'type': 'note_on', 'time': 8, 'note': 36, 'velocity': 23, 'channel': 9}",-14,26760,223,-0.020348825,14,16,soul/groove3
15,1,36,0:960,note_on,40,26855,39.0334068125,36,44,"{'type': 'note_on', 'time': 40, 'note': 36, 'velocity': 44, 'channel': 9}",-25,26880,224,-0.0363371875,15,1,soul/groove3
15,1,42,0:962,note_on,0,26858,39.037767275,42,103,"{'type': 'note_on', 'time': 0, 'note': 22, 'velocity': 103, 'channel': 9}",-22,26880,224,-0.031976725,15,1,soul/groove3
15,2,42,0:966,note_on,0,26981,39.2165462375,42,40,"{'type': 'note_on', 'time': 0, 'note': 42, 'velocity': 40, 'channel': 9}",-19,27000,225,-0.0276162625,15,2,soul/groove3
15,3,42,0:969,note_on,0,27090,39.374976375,42,25,"{'type': 'note_on', 'time': 0, 'note': 42, 'velocity': 25, 'channel': 9}",-30,27120,226,-0.043604625,15,3,soul/groove3
15,4,42,0:972,note_on,0,27215,39.5566623125,42,46,"{'type': 'note_on', 'time': 0, 'note': 42, 'velocity': 46, 'channel': 9}",-25,27240,227,-0.0363371875,15,4,soul/groove3
15,4,36,0:973,note_on,5,27220,39.56392975,36,40,"{'type': 'note_on', 'time': 5, 'note': 36, 'velocity': 40, 'channel': 9}",-20,27240,227,-0.02906975,15,4,soul/groove3
15,5,38,0:976,note_on,43,27333,39.7281738375,38,80,"{'type': 'note_on', 'time': 43, 'note': 38, 'velocity': 80, 'channel': 9}",-27,27360,228,-0.0392441625,15,5,soul/groove3
15,5,42,0:978,note_on,0,27336,39.7325343,42,70,"{'type': 'note_on', 'time': 0, 'note': 42, 'velocity': 70, 'channel': 9}",-24,27360,228,-0.034883700000000004,15,5,soul/groove3
15,6,42,0:982,note_on,0,27464,39.9185807,42,24,"{'type': 'note_on', 'time': 0, 'note': 42, 'velocity': 24, 'channel': 9}",-16,27480,229,-0.0232558,15,6,soul/groove3
15,7,42,0:985,note_on,0,27576,40.0813713,42,22,"{'type': 'note_on', 'time': 0, 'note': 42, 'velocity': 22, 'channel': 9}",-24,27600,230,-0.034883700000000004,15,7,soul/groove3
15,8,38,0:987,note_on,43,27689,40.2456153875,38,76,"{'type': 'note_on', 'time': 43, 'note': 38, 'velocity': 76, 'channel': 9}",-31,27720,231,-0.0450581125,15,8,soul/groove3
15,8,42,0:989,note_on,0,27696,40.2557898,42,74,"{'type': 'note_on', 'time': 0, 'note': 42, 'velocity': 74, 'channel': 9}",-24,27720,231,-0.034883700000000004,15,8,soul/groove3
15,9,42,0:993,note_on,0,27817,40.4316617875,42,84,"{'type': 'note_on', 'time': 0, 'note': 22, 'velocity': 84, 'channel': 9}",-23,27840,232,-0.0334302125,15,9,soul/groove3
15,10,36,0:995,note_on,51,27938,40.607533775,36,28,"{'type': 'note_on', 'time': 51, 'note': 36, 'velocity': 28, 'channel': 9}",-22,27960,233,-0.031976725,15,10,soul/groove3
15,10,42,0:997,note_on,0,27942,40.613347725,42,26,"{'type': 'note_on', 'time': 0, 'note': 42, 'velocity': 26, 'channel': 9}",-18,27960,233,-0.026162775,15,10,soul/groove3
15,11,36,0:1000,note_on,41,28053,40.7746848375,36,42,"{'type': 'note_on', 'time': 41, 'note': 36, 'velocity': 42, 'channel': 9}",-27,28080,234,-0.0392441625,15,11,soul/groove3
15,11,42,0:1002,note_on,0,28066,40.793580175,42,21,"{'type': 'note_on', 'time': 0, 'note': 42, 'velocity': 21, 'channel': 9}",-14,28080,234,-0.020348825,15,11,soul/groove3
15,12,42,0:1006,note_on,0,28175,40.9520103125,42,43,"{'type': 'note_on', 'time': 0, 'note': 42, 'velocity': 43, 'channel': 9}",-25,28200,235,-0.0363371875,15,12,soul/groove3
15,13,38,0:1008,note_on,49,28294,41.124975325,38,78,"{'type': 'note_on', 'time': 49, 'note': 38, 'velocity': 78, 'channel': 9}",-26,28320,236,-0.037790675,15,13,soul/groove3
15,13,42,0:1010,note_on,0,28297,41.1293357875,42,112,"{'type': 'note_on', 'time': 0, 'note': 22, 'velocity': 112, 'channel': 9}",-23,28320,236,-0.0334302125,15,13,soul/groove3
15,14,36,0:1013,note_on,60,28427,41.3182891625,36,41,"{'type': 'note_on', 'time': 60, 'note': 36, 'velocity': 41, 'channel': 9}",-13,28440,237,-0.0188953375,15,14,soul/groove3
15,14,42,0:1015,note_on,0,28431,41.3241031125,42,27,"{'type': 'note_on', 'time': 0, 'note': 42, 'velocity': 27, 'channel': 9}",-9,28440,237,-0.0130813875,15,14,soul/groove3
15,15,42,0:1019,note_on,0,28543,41.4868937125,42,33,"{'type': 'note_on', 'time': 0, 'note': 42, 'velocity': 33, 'channel': 9}",-17,28560,238,-0.0247092875,15,15,soul/groove3
15,16,36,0:1021,note_on,31,28644,41.63369595,36,11,"{'type': 'note_on', 'time': 31, 'note': 36, 'velocity': 11, 'channel': 9}",-36,28680,239,-0.05232555,15,16,soul/groove3
15,16,42,0:1023,note_on,0,28663,41.6613122125,42,31,"{'type': 'note_on', 'time': 0, 'note': 42, 'velocity': 31, 'channel': 9}",-17,28680,239,-0.0247092875,15,16,soul/groove3
16,1,36,0:1026,note_on,23,28756,41.79648655,36,46,"{'type': 'note_on', 'time': 23, 'note': 36, 'velocity': 46, 'channel': 9}",-44,28800,240,-0.06395345,16,1,soul/groove3
16,1,42,0:1028,note_on,0,28768,41.8139284,42,123,"{'type': 'note_on', 'time': 0, 'note': 22, 'velocity': 123, 'channel': 9}",-32,28800,240,-0.0465116,16,1,soul/groove3
16,2,42,0:1032,note_on,0,28899,42.0043352625,42,33,"{'type': 'note_on', 'time': 0, 'note': 42, 'velocity': 33, 'channel': 9}",-21,28920,241,-0.0305232375,16,2,soul/groove3
16,3,42,0:1035,note_on,0,29014,42.171486325000004,42,38,"{'type': 'note_on', 'time': 0, 'note': 42, 'velocity': 38, 'channel': 9}",-26,29040,242,-0.037790675,16,3,soul/groove3
16,4,36,0:1037,note_on,50,29134,42.345904825,36,35,"{'type': 'note_on', 'time': 50, 'note': 36, 'velocity': 35, 'channel': 9}",-26,29160,243,-0.037790675,16,4,soul/groove3
16,4,42,0:1039,note_on,0,29140,42.35462575,42,23,"{'type': 'note_on', 'time': 0, 'note': 42, 'velocity': 23, 'channel': 9}",-20,29160,243,-0.02906975,16,4,soul/groove3
16,5,38,0:1042,note_on,54,29264,42.5348582,38,89,"{'type': 'note_on', 'time': 54, 'note': 38, 'velocity': 89, 'channel': 9}",-16,29280,244,-0.0232558,16,5,soul/groove3
16,5,42,0:1044,note_on,0,29265,42.5363116875,42,87,"{'type': 'note_on', 'time': 0, 'note': 22, 'velocity': 87, 'channel': 9}",-15,29280,244,-0.0218023125,16,5,soul/groove3
16,6,42,0:1048,note_on,0,29393,42.7223580875,42,25,"{'type': 'note_on', 'time': 0, 'note': 42, 'velocity': 25, 'channel': 9}",-7,29400,245,-0.0101744125,16,6,soul/groove3
16,7,42,0:1051,note_on,0,29507,42.8880556625,42,26,"{'type': 'note_on', 'time': 0, 'note': 42, 'velocity': 26, 'channel': 9}",-13,29520,246,-0.0188953375,16,7,soul/groove3
16,8,42,0:1054,note_on,0,29625,43.0595671875,42,18,"{'type': 'note_on', 'time': 0, 'note': 42, 'velocity': 18, 'channel': 9}",-15,29640,247,-0.0218023125,16,8,soul/groove3
16,8,38,0:1055,note_on,10,29635,43.0741020625,38,72,"{'type': 'note_on', 'time': 10, 'note': 38, 'velocity': 72, 'channel': 9}",-5,29640,247,-0.0072674375,16,8,soul/groove3
16,9,42,0:1059,note_on,0,29745,43.2339856875,42,119,"{'type': 'note_on', 'time': 0, 'note': 22, 'velocity': 119, 'channel': 9}",-15,29760,248,-0.0218023125,16,9,soul/groove3
16,10,42,0:1062,note_on,0,29875,43.4229390625,42,24,"{'type': 'note_on', 'time': 0, 'note': 42, 'velocity': 24, 'channel': 9}",-5,29880,249,-0.0072674375,16,10,soul/groove3
16,10,36,0:1063,note_on,11,29886,43.438927425,36,19,"{'type': 'note_on', 'time': 11, 'note': 36, 'velocity': 19, 'channel': 9}",6,29880,249,0.008720925000000001,16,10,soul/groove3
16,11,36,0:1066,note_on,34,29990,43.590090125,36,34,"{'type': 'note_on', 'time': 34, 'note': 36, 'velocity': 34, 'channel': 9}",-10,30000,250,-0.014534875,16,11,soul/groove3
16,11,42,0:1068,note_on,0,29995,43.5973575625,42,42,"{'type': 'note_on', 'time': 0, 'note': 22, 'velocity': 42, 'channel': 9}",-5,30000,250,-0.0072674375,16,11,soul/groove3
16,12,42,0:1072,note_on,0,30118,43.776136525,42,45,"{'type': 'note_on', 'time': 0, 'note': 42, 'velocity': 45, 'channel': 9}",-2,30120,251,-0.002906975,16,12,soul/groove3
16,13,38,0:1074,note_on,42,30230,43.938927125,38,90,"{'type': 'note_on', 'time': 42, 'note': 38, 'velocity': 90, 'channel': 9}",-10,30240,252,-0.014534875,16,13,soul/groove3
16,13,42,0:1076,note_on,0,30236,43.94764805,42,95,"{'type': 'note_on', 'time': 0, 'note': 22, 'velocity': 95, 'channel': 9}",-4,30240,252,-0.00581395,16,13,soul/groove3
16,14,36,0:1079,note_on,47,30353,44.1177060875,36,44,"{'type': 'note_on', 'time': 47, 'note': 36, 'velocity': 44, 'channel': 9}",-7,30360,253,-0.0101744125,16,14,soul/groove3
16,14,42,0:1081,note_on,0,30355,44.1206130625,42,33,"{'type': 'note_on', 'time': 0, 'note': 42, 'velocity': 33, 'channel': 9}",-5,30360,253,-0.0072674375,16,14,soul/groove3
16,15,42,0:1085,note_on,0,30473,44.2921245875,42,34,"{'type': 'note_on', 'time': 0, 'note': 42, 'velocity': 34, 'channel': 9}",-7,30480,254,-0.0101744125,16,15,soul/groove3
16,16,36,0:1087,note_on,42,30585,44.4549151875,36,24,"{'type': 'note_on', 'time': 42, 'note': 36, 'velocity': 24, 'channel': 9}",-15,30600,255,-0.0218023125,16,16,soul/groove3
16,16,42,0:1089,note_on,0,30597,44.472357037500004,42,7,"{'type': 'note_on', 'time': 0, 'note': 42, 'velocity': 7, 'channel': 9}",-3,30600,255,-0.0043604625000000004,16,16,soul/groove3
