bar_number,bar_beat_number,note,track_msg_num,msg_type,delta_ticks,total_ticks,total_seconds,note,velocity,raw_data,beat_offset,beat_center,file_beat_number,beat_offset_ms,bar_number,bar_beat_number,style
1,1,36,0:6,note_on,0,0,0.0,36,34,"{'type': 'note_on', 'time': 0, 'note': 36, 'velocity': 34, 'channel': 9}",0,0,0,0.0,1,1,soul/groove4
1,3,42,0:9,note_on,0,240,0.375,42,82,"{'type': 'note_on', 'time': 0, 'note': 22, 'velocity': 82, 'channel': 9}",0,240,2,0.0,1,3,soul/groove4
1,5,38,0:11,note_on,198,503,0.7859375000000001,38,92,"{'type': 'note_on', 'time': 198, 'note': 40, 'velocity': 92, 'channel': 9}",23,480,4,0.035937500000000004,1,5,soul/groove4
1,7,42,0:14,note_on,0,733,1.1453125,42,70,"{'type': 'note_on', 'time': 0, 'note': 22, 'velocity': 70, 'channel': 9}",13,720,6,0.0203125,1,7,soul/groove4
1,8,42,0:17,note_on,0,844,1.31875,42,55,"{'type': 'note_on', 'time': 0, 'note': 22, 'velocity': 55, 'channel': 9}",4,840,7,0.00625,1,8,soul/groove4
1,9,36,0:19,note_on,61,970,1.515625,36,31,"{'type': 'note_on', 'time': 61, 'note': 36, 'velocity': 31, 'channel': 9}",10,960,8,0.015625,1,9,soul/groove4
1,10,42,0:22,note_on,0,1084,1.69375,42,58,"{'type': 'note_on', 'time': 0, 'note': 22, 'velocity': 58, 'channel': 9}",4,1080,9,0.00625,1,10,soul/groove4
1,11,38,0:24,note_on,37,1186,1.8531250000000001,38,6,"{'type': 'note_on', 'time': 37, 'note': 38, 'velocity': 6, 'channel': 9}",-14,1200,10,-0.021875000000000002,1,11,soul/groove4
1,11,42,0:26,note_on,0,1197,1.8703125,42,78,"{'type': 'note_on', 'time': 0, 'note': 22, 'velocity': 78, 'channel': 9}",-3,1200,10,-0.004687500000000001,1,11,soul/groove4
1,13,38,0:29,note_on,177,1438,2.246875,38,127,"{'type': 'note_on', 'time': 177, 'note': 38, 'velocity': 127, 'channel': 9}",-2,1440,12,-0.003125,1,13,soul/groove4
1,15,46,0:32,note_on,0,1677,2.6203125000000003,46,84,"{'type': 'note_on', 'time': 0, 'note': 26, 'velocity': 84, 'channel': 9}",-3,1680,14,-0.004687500000000001,1,15,soul/groove4
1,16,46,0:37,note_on,10,1789,2.7953125,46,80,"{'type': 'note_on', 'time': 10, 'note': 26, 'velocity': 80, 'channel': 9}",-11,1800,15,-0.0171875,1,16,soul/groove4
2,1,36,0:42,note_on,32,1920,3.0,36,29,"{'type': 'note_on', 'time': 32, 'note': 36, 'velocity': 29, 'channel': 9}",0,1920,16,0.0,2,1,soul/groove4
2,3,42,0:48,note_on,0,2166,3.3843750000000004,42,70,"{'type': 'note_on', 'time': 0, 'note': 22, 'velocity': 70, 'channel': 9}",6,2160,18,0.009375000000000001,2,3,soul/groove4
2,5,38,0:51,note_on,17,2406,3.7593750000000004,38,89,"{'type': 'note_on', 'time': 17, 'note': 37, 'velocity': 89, 'channel': 9}",6,2400,20,0.009375000000000001,2,5,soul/groove4
2,7,42,0:55,note_on,0,2639,4.1234375000000005,42,69,"{'type': 'note_on', 'time': 0, 'note': 22, 'velocity': 69, 'channel': 9}",-1,2640,22,-0.0015625,2,7,soul/groove4
2,8,42,0:58,note_on,0,2759,4.3109375000000005,42,76,"{'type': 'note_on', 'time': 0, 'note': 22, 'velocity': 76, 'channel': 9}",-1,2760,23,-0.0015625,2,8,soul/groove4
2,9,36,0:60,note_on,53,2877,4.4953125,36,29,"{'type': 'note_on', 'time': 53, 'note': 36, 'velocity': 29, 'channel': 9}",-3,2880,24,-0.004687500000000001,2,9,soul/groove4
2,10,42,0:63,note_on,0,2992,4.675,42,55,"{'type': 'note_on', 'time': 0, 'note': 22, 'velocity': 55, 'channel': 9}",-8,3000,25,-0.0125,2,10,soul/groove4
2,11,42,0:66,note_on,0,3102,4.846875000000001,42,92,"{'type': 'note_on', 'time': 0, 'note': 22, 'velocity': 92, 'channel': 9}",-18,3120,26,-0.028125,2,11,soul/groove4
2,13,38,0:68,note_on,185,3352,5.237500000000001,38,124,"{'type': 'note_on', 'time': 185, 'note': 40, 'velocity': 124, 'channel': 9}",-8,3360,28,-0.0125,2,13,soul/groove4
2,15,42,0:71,note_on,0,3592,5.612500000000001,42,61,"{'type': 'note_on', 'time': 0, 'note': 22, 'velocity': 61, 'channel': 9}",-8,3600,30,-0.0125,2,15,soul/groove4
2,16,46,0:75,note_on,0,3712,5.800000000000001,46,94,"{'type': 'note_on', 'time': 0, 'note': 26, 'velocity': 94, 'channel': 9}",-8,3720,31,-0.0125,2,16,soul/groove4
3,1,36,0:81,note_on,17,3849,6.0140625000000005,36,28,"{'type': 'note_on', 'time': 17, 'note': 36, 'velocity': 28, 'channel': 9}",9,3840,32,0.0140625,3,1,soul/groove4
3,3,42,0:86,note_on,0,4085,6.3828125,42,65,"{'type': 'note_on', 'time': 0, 'note': 22, 'velocity': 65, 'channel': 9}",5,4080,34,0.0078125,3,3,soul/groove4
3,5,38,0:89,note_on,34,4325,6.7578125,38,111,"{'type': 'note_on', 'time': 34, 'note': 38, 'velocity': 111, 'channel': 9}",5,4320,36,0.0078125,3,5,soul/groove4
3,7,42,0:93,note_on,0,4566,7.134375,42,57,"{'type': 'note_on', 'time': 0, 'note': 22, 'velocity': 57, 'channel': 9}",6,4560,38,0.009375000000000001,3,7,soul/groove4
3,8,42,0:96,note_on,0,4682,7.315625000000001,42,73,"{'type': 'note_on', 'time': 0, 'note': 22, 'velocity': 73, 'channel': 9}",2,4680,39,0.003125,3,8,soul/groove4
3,9,36,0:98,note_on,56,4803,7.5046875,36,23,"{'type': 'note_on', 'time': 56, 'note': 36, 'velocity': 23, 'channel': 9}",3,4800,40,0.004687500000000001,3,9,soul/groove4
3,10,42,0:101,note_on,0,4920,7.6875,42,44,"{'type': 'note_on', 'time': 0, 'note': 22, 'velocity': 44, 'channel': 9}",0,4920,41,0.0,3,10,soul/groove4
3,11,42,0:104,note_on,0,5035,7.8671875,42,96,"{'type': 'note_on', 'time': 0, 'note': 22, 'velocity': 96, 'channel': 9}",-5,5040,42,-0.0078125,3,11,soul/groove4
3,13,38,0:106,note_on,174,5274,8.240625,38,92,"{'type': 'note_on', 'time': 174, 'note': 40, 'velocity': 92, 'channel': 9}",-6,5280,44,-0.009375000000000001,3,13,soul/groove4
3,15,38,0:108,note_on,137,5475,8.5546875,38,8,"{'type': 'note_on', 'time': 137, 'note': 38, 'velocity': 8, 'channel': 9}",-45,5520,46,-0.0703125,3,15,soul/groove4
3,15,42,0:110,note_on,0,5512,8.6125,42,33,"{'type': 'note_on', 'time': 0, 'note': 42, 'velocity': 33, 'channel': 9}",-8,5520,46,-0.0125,3,15,soul/groove4
3,16,42,0:114,note_on,0,5630,8.796875,42,90,"{'type': 'note_on', 'time': 0, 'note': 22, 'velocity': 90, 'channel': 9}",-10,5640,47,-0.015625,3,16,soul/groove4
4,1,36,0:116,note_on,63,5758,8.996875000000001,36,27,"{'type': 'note_on', 'time': 63, 'note': 36, 'velocity': 27, 'channel': 9}",-2,5760,48,-0.003125,4,1,soul/groove4
4,2,38,0:118,note_on,62,5885,9.1953125,38,9,"{'type': 'note_on', 'time': 62, 'note': 38, 'velocity': 9, 'channel': 9}",5,5880,49,0.0078125,4,2,soul/groove4
4,3,42,0:121,note_on,0,5998,9.371875000000001,42,65,"{'type': 'note_on', 'time': 0, 'note': 22, 'velocity': 65, 'channel': 9}",-2,6000,50,-0.003125,4,3,soul/groove4
4,5,38,0:123,note_on,175,6238,9.746875000000001,38,100,"{'type': 'note_on', 'time': 175, 'note': 38, 'velocity': 100, 'channel': 9}",-2,6240,52,-0.003125,4,5,soul/groove4
4,6,38,0:125,note_on,74,6377,9.9640625,38,8,"{'type': 'note_on', 'time': 74, 'note': 38, 'velocity': 8, 'channel': 9}",17,6360,53,0.026562500000000003,4,6,soul/groove4
4,7,42,0:128,note_on,0,6488,10.137500000000001,42,53,"{'type': 'note_on', 'time': 0, 'note': 22, 'velocity': 53, 'channel': 9}",8,6480,54,0.0125,4,7,soul/groove4
4,8,42,0:131,note_on,0,6605,10.3203125,42,66,"{'type': 'note_on', 'time': 0, 'note': 22, 'velocity': 66, 'channel': 9}",5,6600,55,0.0078125,4,8,soul/groove4
4,9,36,0:133,note_on,54,6725,10.5078125,36,27,"{'type': 'note_on', 'time': 54, 'note': 36, 'velocity': 27, 'channel': 9}",5,6720,56,0.0078125,4,9,soul/groove4
4,10,42,0:136,note_on,0,6838,10.684375000000001,42,62,"{'type': 'note_on', 'time': 0, 'note': 22, 'velocity': 62, 'channel': 9}",-2,6840,57,-0.003125,4,10,soul/groove4
4,11,42,0:139,note_on,0,6950,10.859375,42,103,"{'type': 'note_on', 'time': 0, 'note': 22, 'velocity': 103, 'channel': 9}",-10,6960,58,-0.015625,4,11,soul/groove4
4,11,38,0:140,note_on,8,6958,10.871875000000001,38,21,"{'type': 'note_on', 'time': 8, 'note': 37, 'velocity': 21, 'channel': 9}",-2,6960,58,-0.003125,4,11,soul/groove4
4,13,38,0:143,note_on,160,7183,11.223437500000001,38,98,"{'type': 'note_on', 'time': 160, 'note': 40, 'velocity': 98, 'channel': 9}",-17,7200,60,-0.026562500000000003,4,13,soul/groove4
4,15,46,0:148,note_on,0,7424,11.600000000000001,46,106,"{'type': 'note_on', 'time': 0, 'note': 26, 'velocity': 106, 'channel': 9}",-16,7440,62,-0.025,4,15,soul/groove4
5,1,36,0:155,note_on,5,7664,11.975000000000001,36,27,"{'type': 'note_on', 'time': 5, 'note': 36, 'velocity': 27, 'channel': 9}",-16,7680,64,-0.025,5,1,soul/groove4
5,3,42,0:160,note_on,0,7906,12.353125,42,89,"{'type': 'note_on', 'time': 0, 'note': 22, 'velocity': 89, 'channel': 9}",-14,7920,66,-0.021875000000000002,5,3,soul/groove4
5,5,38,0:163,note_on,10,8149,12.732812500000001,38,94,"{'type': 'note_on', 'time': 10, 'note': 40, 'velocity': 94, 'channel': 9}",-11,8160,68,-0.0171875,5,5,soul/groove4
5,7,42,0:166,note_on,0,8388,13.106250000000001,42,69,"{'type': 'note_on', 'time': 0, 'note': 22, 'velocity': 69, 'channel': 9}",-12,8400,70,-0.018750000000000003,5,7,soul/groove4
5,8,42,0:169,note_on,0,8502,13.284375,42,64,"{'type': 'note_on', 'time': 0, 'note': 22, 'velocity': 64, 'channel': 9}",-18,8520,71,-0.028125,5,8,soul/groove4
5,9,36,0:171,note_on,58,8624,13.475000000000001,36,24,"{'type': 'note_on', 'time': 58, 'note': 36, 'velocity': 24, 'channel': 9}",-16,8640,72,-0.025,5,9,soul/groove4
5,10,38,0:173,note_on,45,8734,13.646875000000001,38,7,"{'type': 'note_on', 'time': 45, 'note': 38, 'velocity': 7, 'channel': 9}",-26,8760,73,-0.040625,5,10,soul/groove4
5,10,42,0:175,note_on,0,8739,13.654687500000001,42,62,"{'type': 'note_on', 'time': 0, 'note': 22, 'velocity': 62, 'channel': 9}",-21,8760,73,-0.0328125,5,10,soul/groove4
5,11,42,0:179,note_on,0,8854,13.834375000000001,42,85,"{'type': 'note_on', 'time': 0, 'note': 22, 'velocity': 85, 'channel': 9}",-26,8880,74,-0.040625,5,11,soul/groove4
5,13,38,0:181,note_on,182,9101,14.2203125,38,107,"{'type': 'note_on', 'time': 182, 'note': 40, 'velocity': 107, 'channel': 9}",-19,9120,76,-0.029687500000000002,5,13,soul/groove4
5,14,38,0:183,note_on,133,9298,14.528125000000001,38,4,"{'type': 'note_on', 'time': 133, 'note': 38, 'velocity': 4, 'channel': 9}",58,9240,77,0.09062500000000001,5,14,soul/groove4
5,15,42,0:185,note_on,0,9349,14.607812500000001,42,59,"{'type': 'note_on', 'time': 0, 'note': 22, 'velocity': 59, 'channel': 9}",-11,9360,78,-0.0171875,5,15,soul/groove4
5,16,42,0:189,note_on,0,9462,14.784375,42,79,"{'type': 'note_on', 'time': 0, 'note': 22, 'velocity': 79, 'channel': 9}",-18,9480,79,-0.028125,5,16,soul/groove4
6,1,36,0:191,note_on,58,9586,14.978125,36,26,"{'type': 'note_on', 'time': 58, 'note': 36, 'velocity': 26, 'channel': 9}",-14,9600,80,-0.021875000000000002,6,1,soul/groove4
6,3,42,0:194,note_on,0,9831,15.3609375,42,90,"{'type': 'note_on', 'time': 0, 'note': 22, 'velocity': 90, 'channel': 9}",-9,9840,82,-0.0140625,6,3,soul/groove4
6,5,38,0:196,note_on,174,10070,15.734375,38,102,"{'type': 'note_on', 'time': 174, 'note': 38, 'velocity': 102, 'channel': 9}",-10,10080,84,-0.015625,6,5,soul/groove4
6,7,42,0:199,note_on,0,10308,16.10625,42,64,"{'type': 'note_on', 'time': 0, 'note': 22, 'velocity': 64, 'channel': 9}",-12,10320,86,-0.018750000000000003,6,7,soul/groove4
6,8,42,0:202,note_on,0,10427,16.2921875,42,64,"{'type': 'note_on', 'time': 0, 'note': 22, 'velocity': 64, 'channel': 9}",-13,10440,87,-0.0203125,6,8,soul/groove4
6,9,36,0:204,note_on,73,10565,16.5078125,36,28,"{'type': 'note_on', 'time': 73, 'note': 36, 'velocity': 28, 'channel': 9}",5,10560,88,0.0078125,6,9,soul/groove4
6,10,42,0:207,note_on,0,10678,16.684375,42,63,"{'type': 'note_on', 'time': 0, 'note': 22, 'velocity': 63, 'channel': 9}",-2,10680,89,-0.003125,6,10,soul/groove4
6,11,42,0:210,note_on,0,10791,16.860937500000002,42,89,"{'type': 'note_on', 'time': 0, 'note': 22, 'velocity': 89, 'channel': 9}",-9,10800,90,-0.0140625,6,11,soul/groove4
6,13,38,0:212,note_on,178,11034,17.240625,38,110,"{'type': 'note_on', 'time': 178, 'note': 40, 'velocity': 110, 'channel': 9}",-6,11040,92,-0.009375000000000001,6,13,soul/groove4
6,15,46,0:216,note_on,0,11277,17.6203125,46,109,"{'type': 'note_on', 'time': 0, 'note': 26, 'velocity': 109, 'channel': 9}",-3,11280,94,-0.004687500000000001,6,15,soul/groove4
7,1,36,0:224,note_on,4,11522,18.003125,36,26,"{'type': 'note_on', 'time': 4, 'note': 36, 'velocity': 26, 'channel': 9}",2,11520,96,0.003125,7,1,soul/groove4
7,3,42,0:229,note_on,0,11743,18.3484375,42,86,"{'type': 'note_on', 'time': 0, 'note': 22, 'velocity': 86, 'channel': 9}",-17,11760,98,-0.026562500000000003,7,3,soul/groove4
7,5,38,0:231,note_on,191,11999,18.7484375,38,115,"{'type': 'note_on', 'time': 191, 'note': 40, 'velocity': 115, 'channel': 9}",-1,12000,100,-0.0015625,7,5,soul/groove4
7,7,42,0:234,note_on,0,12237,19.1203125,42,71,"{'type': 'note_on', 'time': 0, 'note': 22, 'velocity': 71, 'channel': 9}",-3,12240,102,-0.004687500000000001,7,7,soul/groove4
7,8,42,0:237,note_on,0,12353,19.301562500000003,42,65,"{'type': 'note_on', 'time': 0, 'note': 22, 'velocity': 65, 'channel': 9}",-7,12360,103,-0.010937500000000001,7,8,soul/groove4
7,9,36,0:239,note_on,62,12480,19.5,36,25,"{'type': 'note_on', 'time': 62, 'note': 36, 'velocity': 25, 'channel': 9}",0,12480,104,0.0,7,9,soul/groove4
7,10,38,0:241,note_on,115,12659,19.7796875,38,8,"{'type': 'note_on', 'time': 115, 'note': 38, 'velocity': 8, 'channel': 9}",59,12600,105,0.0921875,7,10,soul/groove4
7,11,42,0:247,note_on,0,12701,19.845312500000002,42,61,"{'type': 'note_on', 'time': 0, 'note': 22, 'velocity': 61, 'channel': 9}",-19,12720,106,-0.029687500000000002,7,11,soul/groove4
7,12,42,0:251,note_on,0,12812,20.01875,42,77,"{'type': 'note_on', 'time': 0, 'note': 22, 'velocity': 77, 'channel': 9}",-28,12840,107,-0.043750000000000004,7,12,soul/groove4
7,13,38,0:253,note_on,74,12951,20.235937500000002,38,104,"{'type': 'note_on', 'time': 74, 'note': 40, 'velocity': 104, 'channel': 9}",-9,12960,108,-0.0140625,7,13,soul/groove4
7,15,42,0:256,note_on,0,13182,20.596875,42,109,"{'type': 'note_on', 'time': 0, 'note': 22, 'velocity': 109, 'channel': 9}",-18,13200,110,-0.028125,7,15,soul/groove4
8,1,36,0:258,note_on,170,13417,20.9640625,36,27,"{'type': 'note_on', 'time': 170, 'note': 36, 'velocity': 27, 'channel': 9}",-23,13440,112,-0.035937500000000004,8,1,soul/groove4
8,3,38,0:260,note_on,177,13658,21.340625000000003,38,18,"{'type': 'note_on', 'time': 177, 'note': 38, 'velocity': 18, 'channel': 9}",-22,13680,114,-0.034375,8,3,soul/groove4
8,3,42,0:262,note_on,0,13667,21.3546875,42,68,"{'type': 'note_on', 'time': 0, 'note': 22, 'velocity': 68, 'channel': 9}",-13,13680,114,-0.0203125,8,3,soul/groove4
8,4,42,0:266,note_on,0,13788,21.543750000000003,42,80,"{'type': 'note_on', 'time': 0, 'note': 22, 'velocity': 80, 'channel': 9}",-12,13800,115,-0.018750000000000003,8,4,soul/groove4
8,5,38,0:268,note_on,69,13922,21.753125,38,93,"{'type': 'note_on', 'time': 69, 'note': 38, 'velocity': 93, 'channel': 9}",2,13920,116,0.003125,8,5,soul/groove4
8,6,38,0:270,note_on,1,13988,21.856250000000003,38,18,"{'type': 'note_on', 'time': 1, 'note': 38, 'velocity': 18, 'channel': 9}",-52,14040,117,-0.08125,8,6,soul/groove4
8,7,42,0:273,note_on,0,14167,22.1359375,42,62,"{'type': 'note_on', 'time': 0, 'note': 22, 'velocity': 62, 'channel': 9}",7,14160,118,0.010937500000000001,8,7,soul/groove4
8,7,38,0:274,note_on,9,14176,22.150000000000002,38,10,"{'type': 'note_on', 'time': 9, 'note': 38, 'velocity': 10, 'channel': 9}",16,14160,118,0.025,8,7,soul/groove4
8,8,42,0:278,note_on,0,14288,22.325000000000003,42,66,"{'type': 'note_on', 'time': 0, 'note': 22, 'velocity': 66, 'channel': 9}",8,14280,119,0.0125,8,8,soul/groove4
8,9,36,0:280,note_on,45,14398,22.496875000000003,36,27,"{'type': 'note_on', 'time': 45, 'note': 36, 'velocity': 27, 'channel': 9}",-2,14400,120,-0.003125,8,9,soul/groove4
8,10,42,0:283,note_on,0,14521,22.689062500000002,42,55,"{'type': 'note_on', 'time': 0, 'note': 22, 'velocity': 55, 'channel': 9}",1,14520,121,0.0015625,8,10,soul/groove4
8,11,42,0:286,note_on,0,14634,22.865625,42,74,"{'type': 'note_on', 'time': 0, 'note': 22, 'velocity': 74, 'channel': 9}",-6,14640,122,-0.009375000000000001,8,11,soul/groove4
8,11,38,0:287,note_on,11,14645,22.8828125,38,29,"{'type': 'note_on', 'time': 11, 'note': 37, 'velocity': 29, 'channel': 9}",5,14640,122,0.0078125,8,11,soul/groove4
8,13,38,0:290,note_on,171,14881,23.251562500000002,38,99,"{'type': 'note_on', 'time': 171, 'note': 40, 'velocity': 99, 'channel': 9}",1,14880,124,0.0015625,8,13,soul/groove4
8,15,46,0:294,note_on,0,15113,23.614062500000003,46,110,"{'type': 'note_on', 'time': 0, 'note': 26, 'velocity': 110, 'channel': 9}",-7,15120,126,-0.010937500000000001,8,15,soul/groove4
9,1,36,0:302,note_on,8,15353,23.989062500000003,36,28,"{'type': 'note_on', 'time': 8, 'note': 36, 'velocity': 28, 'channel': 9}",-7,15360,128,-0.010937500000000001,9,1,soul/groove4
9,3,38,0:306,note_on,178,15595,24.3671875,38,6,"{'type': 'note_on', 'time': 178, 'note': 38, 'velocity': 6, 'channel': 9}",-5,15600,130,-0.0078125,9,3,soul/groove4
9,3,42,0:308,note_on,0,15608,24.387500000000003,42,49,"{'type': 'note_on', 'time': 0, 'note': 42, 'velocity': 49, 'channel': 9}",8,15600,130,0.0125,9,3,soul/groove4
9,4,42,0:312,note_on,0,15723,24.567187500000003,42,68,"{'type': 'note_on', 'time': 0, 'note': 22, 'velocity': 68, 'channel': 9}",3,15720,131,0.004687500000000001,9,4,soul/groove4
9,5,38,0:314,note_on,70,15859,24.7796875,38,87,"{'type': 'note_on', 'time': 70, 'note': 38, 'velocity': 87, 'channel': 9}",19,15840,132,0.029687500000000002,9,5,soul/groove4
9,7,42,0:317,note_on,0,16082,25.128125,42,73,"{'type': 'note_on', 'time': 0, 'note': 22, 'velocity': 73, 'channel': 9}",2,16080,134,0.003125,9,7,soul/groove4
9,8,42,0:320,note_on,0,16198,25.309375000000003,42,62,"{'type': 'note_on', 'time': 0, 'note': 22, 'velocity': 62, 'channel': 9}",-2,16200,135,-0.003125,9,8,soul/groove4
9,9,36,0:322,note_on,49,16312,25.4875,36,24,"{'type': 'note_on', 'time': 49, 'note': 36, 'velocity': 24, 'channel': 9}",-8,16320,136,-0.0125,9,9,soul/groove4
9,11,42,0:325,note_on,0,16566,25.884375000000002,42,53,"{'type': 'note_on', 'time': 0, 'note': 42, 'velocity': 53, 'channel': 9}",6,16560,138,0.009375000000000001,9,11,soul/groove4
9,12,42,0:328,note_on,0,16679,26.0609375,42,99,"{'type': 'note_on', 'time': 0, 'note': 22, 'velocity': 99, 'channel': 9}",-1,16680,139,-0.0015625,9,12,soul/groove4
9,13,38,0:330,note_on,70,16814,26.271875,38,86,"{'type': 'note_on', 'time': 70, 'note': 38, 'velocity': 86, 'channel': 9}",14,16800,140,0.021875000000000002,9,13,soul/groove4
9,15,42,0:333,note_on,0,17036,26.618750000000002,42,100,"{'type': 'note_on', 'time': 0, 'note': 22, 'velocity': 100, 'channel': 9}",-4,17040,142,-0.00625,9,15,soul/groove4
10,1,36,0:338,note_on,37,17266,26.978125000000002,36,29,"{'type': 'note_on', 'time': 37, 'note': 36, 'velocity': 29, 'channel': 9}",-14,17280,144,-0.021875000000000002,10,1,soul/groove4
10,3,42,0:344,note_on,0,17511,27.360937500000002,42,49,"{'type': 'note_on', 'time': 0, 'note': 42, 'velocity': 49, 'channel': 9}",-9,17520,146,-0.0140625,10,3,soul/groove4
10,4,42,0:347,note_on,0,17627,27.5421875,42,71,"{'type': 'note_on', 'time': 0, 'note': 22, 'velocity': 71, 'channel': 9}",-13,17640,147,-0.0203125,10,4,soul/groove4
10,5,38,0:349,note_on,74,17765,27.7578125,38,81,"{'type': 'note_on', 'time': 74, 'note': 37, 'velocity': 81, 'channel': 9}",5,17760,148,0.0078125,10,5,soul/groove4
10,6,38,0:351,note_on,13,17842,27.878125,38,20,"{'type': 'note_on', 'time': 13, 'note': 38, 'velocity': 20, 'channel': 9}",-38,17880,149,-0.059375000000000004,10,6,soul/groove4
10,7,42,0:354,note_on,0,18003,28.129687500000003,42,73,"{'type': 'note_on', 'time': 0, 'note': 22, 'velocity': 73, 'channel': 9}",3,18000,150,0.004687500000000001,10,7,soul/groove4
10,8,42,0:357,note_on,0,18120,28.3125,42,70,"{'type': 'note_on', 'time': 0, 'note': 22, 'velocity': 70, 'channel': 9}",0,18120,151,0.0,10,8,soul/groove4
10,9,36,0:359,note_on,54,18239,28.4984375,36,24,"{'type': 'note_on', 'time': 54, 'note': 36, 'velocity': 24, 'channel': 9}",-1,18240,152,-0.0015625,10,9,soul/groove4
10,10,42,0:362,note_on,0,18353,28.676562500000003,42,60,"{'type': 'note_on', 'time': 0, 'note': 22, 'velocity': 60, 'channel': 9}",-7,18360,153,-0.010937500000000001,10,10,soul/groove4
10,11,42,0:365,note_on,0,18464,28.85,42,78,"{'type': 'note_on', 'time': 0, 'note': 22, 'velocity': 78, 'channel': 9}",-16,18480,154,-0.025,10,11,soul/groove4
10,13,38,0:367,note_on,182,18710,29.234375,38,92,"{'type': 'note_on', 'time': 182, 'note': 40, 'velocity': 92, 'channel': 9}",-10,18720,156,-0.015625,10,13,soul/groove4
10,15,46,0:371,note_on,0,18945,29.6015625,46,104,"{'type': 'note_on', 'time': 0, 'note': 26, 'velocity': 104, 'channel': 9}",-15,18960,158,-0.0234375,10,15,soul/groove4
11,1,36,0:379,note_on,2,19192,29.9875,36,25,"{'type': 'note_on', 'time': 2, 'note': 36, 'velocity': 25, 'channel': 9}",-8,19200,160,-0.0125,11,1,soul/groove4
11,3,42,0:384,note_on,0,19427,30.3546875,42,46,"{'type': 'note_on', 'time': 0, 'note': 42, 'velocity': 46, 'channel': 9}",-13,19440,162,-0.0203125,11,3,soul/groove4
11,4,42,0:387,note_on,0,19544,30.5375,42,77,"{'type': 'note_on', 'time': 0, 'note': 22, 'velocity': 77, 'channel': 9}",-16,19560,163,-0.025,11,4,soul/groove4
11,5,38,0:389,note_on,64,19673,30.739062500000003,38,89,"{'type': 'note_on', 'time': 64, 'note': 37, 'velocity': 89, 'channel': 9}",-7,19680,164,-0.010937500000000001,11,5,soul/groove4
11,7,42,0:392,note_on,0,19908,31.106250000000003,42,82,"{'type': 'note_on', 'time': 0, 'note': 22, 'velocity': 82, 'channel': 9}",-12,19920,166,-0.018750000000000003,11,7,soul/groove4
11,8,42,0:395,note_on,0,20024,31.2875,42,62,"{'type': 'note_on', 'time': 0, 'note': 22, 'velocity': 62, 'channel': 9}",-16,20040,167,-0.025,11,8,soul/groove4
11,9,36,0:397,note_on,52,20141,31.470312500000002,36,27,"{'type': 'note_on', 'time': 52, 'note': 36, 'velocity': 27, 'channel': 9}",-19,20160,168,-0.029687500000000002,11,9,soul/groove4
11,11,42,0:400,note_on,0,20399,31.8734375,42,72,"{'type': 'note_on', 'time': 0, 'note': 22, 'velocity': 72, 'channel': 9}",-1,20400,170,-0.0015625,11,11,soul/groove4
11,12,42,0:403,note_on,0,20520,32.0625,42,79,"{'type': 'note_on', 'time': 0, 'note': 22, 'velocity': 79, 'channel': 9}",0,20520,171,0.0,11,12,soul/groove4
11,13,38,0:405,note_on,70,20655,32.2734375,38,110,"{'type': 'note_on', 'time': 70, 'note': 40, 'velocity': 110, 'channel': 9}",15,20640,172,0.0234375,11,13,soul/groove4
11,14,38,0:407,note_on,1,20721,32.3765625,38,25,"{'type': 'note_on', 'time': 1, 'note': 38, 'velocity': 25, 'channel': 9}",-39,20760,173,-0.060937500000000006,11,14,soul/groove4
11,15,42,0:409,note_on,101,20887,32.635937500000004,42,85,"{'type': 'note_on', 'time': 101, 'note': 22, 'velocity': 85, 'channel': 9}",7,20880,174,0.010937500000000001,11,15,soul/groove4
12,1,36,0:418,note_on,6,21129,33.0140625,36,24,"{'type': 'note_on', 'time': 6, 'note': 36, 'velocity': 24, 'channel': 9}",9,21120,176,0.0140625,12,1,soul/groove4
12,3,42,0:423,note_on,0,21356,33.36875,42,71,"{'type': 'note_on', 'time': 0, 'note': 22, 'velocity': 71, 'channel': 9}",-4,21360,178,-0.00625,12,3,soul/groove4
12,4,42,0:426,note_on,0,21470,33.546875,42,105,"{'type': 'note_on', 'time': 0, 'note': 22, 'velocity': 105, 'channel': 9}",-10,21480,179,-0.015625,12,4,soul/groove4
12,5,38,0:428,note_on,73,21608,33.7625,38,85,"{'type': 'note_on', 'time': 73, 'note': 37, 'velocity': 85, 'channel': 9}",8,21600,180,0.0125,12,5,soul/groove4
12,7,42,0:431,note_on,0,21841,34.1265625,42,76,"{'type': 'note_on', 'time': 0, 'note': 22, 'velocity': 76, 'channel': 9}",1,21840,182,0.0015625,12,7,soul/groove4
12,8,42,0:434,note_on,0,21955,34.3046875,42,62,"{'type': 'note_on', 'time': 0, 'note': 22, 'velocity': 62, 'channel': 9}",-5,21960,183,-0.0078125,12,8,soul/groove4
12,9,36,0:436,note_on,69,22089,34.5140625,36,26,"{'type': 'note_on', 'time': 69, 'note': 36, 'velocity': 26, 'channel': 9}",9,22080,184,0.0140625,12,9,soul/groove4
12,10,42,0:439,note_on,0,22193,34.6765625,42,43,"{'type': 'note_on', 'time': 0, 'note': 42, 'velocity': 43, 'channel': 9}",-7,22200,185,-0.010937500000000001,12,10,soul/groove4
12,11,42,0:442,note_on,0,22309,34.8578125,42,81,"{'type': 'note_on', 'time': 0, 'note': 22, 'velocity': 81, 'channel': 9}",-11,22320,186,-0.0171875,12,11,soul/groove4
12,13,38,0:444,note_on,170,22544,35.225,38,86,"{'type': 'note_on', 'time': 170, 'note': 38, 'velocity': 86, 'channel': 9}",-16,22560,188,-0.025,12,13,soul/groove4
12,15,46,0:448,note_on,0,22788,35.60625,46,112,"{'type': 'note_on', 'time': 0, 'note': 26, 'velocity': 112, 'channel': 9}",-12,22800,190,-0.018750000000000003,12,15,soul/groove4
13,1,36,0:455,note_on,29,23023,35.9734375,36,25,"{'type': 'note_on', 'time': 29, 'note': 36, 'velocity': 25, 'channel': 9}",-17,23040,192,-0.026562500000000003,13,1,soul/groove4
13,3,42,0:461,note_on,0,23264,36.35,42,51,"{'type': 'note_on', 'time': 0, 'note': 42, 'velocity': 51, 'channel': 9}",-16,23280,194,-0.025,13,3,soul/groove4
13,4,42,0:464,note_on,0,23378,36.528125,42,74,"{'type': 'note_on', 'time': 0, 'note': 22, 'velocity': 74, 'channel': 9}",-22,23400,195,-0.034375,13,4,soul/groove4
13,5,38,0:466,note_on,69,23512,36.737500000000004,38,92,"{'type': 'note_on', 'time': 69, 'note': 40, 'velocity': 92, 'channel': 9}",-8,23520,196,-0.0125,13,5,soul/groove4
13,7,42,0:469,note_on,0,23755,37.1171875,42,76,"{'type': 'note_on', 'time': 0, 'note': 22, 'velocity': 76, 'channel': 9}",-5,23760,198,-0.0078125,13,7,soul/groove4
13,8,42,0:472,note_on,0,23872,37.300000000000004,42,57,"{'type': 'note_on', 'time': 0, 'note': 22, 'velocity': 57, 'channel': 9}",-8,23880,199,-0.0125,13,8,soul/groove4
13,9,36,0:474,note_on,65,24002,37.503125000000004,36,23,"{'type': 'note_on', 'time': 65, 'note': 36, 'velocity': 23, 'channel': 9}",2,24000,200,0.003125,13,9,soul/groove4
13,10,38,0:476,note_on,41,24108,37.66875,38,5,"{'type': 'note_on', 'time': 41, 'note': 38, 'velocity': 5, 'channel': 9}",-12,24120,201,-0.018750000000000003,13,10,soul/groove4
13,10,42,0:478,note_on,0,24110,37.671875,42,54,"{'type': 'note_on', 'time': 0, 'note': 22, 'velocity': 54, 'channel': 9}",-10,24120,201,-0.015625,13,10,soul/groove4
13,11,42,0:482,note_on,0,24225,37.8515625,42,72,"{'type': 'note_on', 'time': 0, 'note': 22, 'velocity': 72, 'channel': 9}",-15,24240,202,-0.0234375,13,11,soul/groove4
13,11,38,0:483,note_on,6,24231,37.8609375,38,30,"{'type': 'note_on', 'time': 6, 'note': 37, 'velocity': 30, 'channel': 9}",-9,24240,202,-0.0140625,13,11,soul/groove4
13,13,38,0:486,note_on,170,24465,38.2265625,38,90,"{'type': 'note_on', 'time': 170, 'note': 37, 'velocity': 90, 'channel': 9}",-15,24480,204,-0.0234375,13,13,soul/groove4
13,15,42,0:489,note_on,0,24706,38.603125000000006,42,94,"{'type': 'note_on', 'time': 0, 'note': 22, 'velocity': 94, 'channel': 9}",-14,24720,206,-0.021875000000000002,13,15,soul/groove4
14,1,36,0:495,note_on,4,24941,38.970312500000006,36,22,"{'type': 'note_on', 'time': 4, 'note': 36, 'velocity': 22, 'channel': 9}",-19,24960,208,-0.029687500000000002,14,1,soul/groove4
14,3,42,0:500,note_on,0,25190,39.359375,42,66,"{'type': 'note_on', 'time': 0, 'note': 22, 'velocity': 66, 'channel': 9}",-10,25200,210,-0.015625,14,3,soul/groove4
14,4,42,0:503,note_on,0,25305,39.5390625,42,79,"{'type': 'note_on', 'time': 0, 'note': 22, 'velocity': 79, 'channel': 9}",-15,25320,211,-0.0234375,14,4,soul/groove4
14,5,38,0:505,note_on,62,25431,39.735937500000006,38,98,"{'type': 'note_on', 'time': 62, 'note': 38, 'velocity': 98, 'channel': 9}",-9,25440,212,-0.0140625,14,5,soul/groove4
14,6,38,0:507,note_on,8,25503,39.8484375,38,15,"{'type': 'note_on', 'time': 8, 'note': 38, 'velocity': 15, 'channel': 9}",-57,25560,213,-0.0890625,14,6,soul/groove4
14,7,42,0:510,note_on,0,25668,40.10625,42,79,"{'type': 'note_on', 'time': 0, 'note': 22, 'velocity': 79, 'channel': 9}",-12,25680,214,-0.018750000000000003,14,7,soul/groove4
14,8,42,0:513,note_on,0,25787,40.292187500000004,42,60,"{'type': 'note_on', 'time': 0, 'note': 22, 'velocity': 60, 'channel': 9}",-13,25800,215,-0.0203125,14,8,soul/groove4
14,9,36,0:515,note_on,62,25913,40.4890625,36,24,"{'type': 'note_on', 'time': 62, 'note': 36, 'velocity': 24, 'channel': 9}",-7,25920,216,-0.010937500000000001,14,9,soul/groove4
14,10,42,0:518,note_on,0,26025,40.6640625,42,60,"{'type': 'note_on', 'time': 0, 'note': 22, 'velocity': 60, 'channel': 9}",-15,26040,217,-0.0234375,14,10,soul/groove4
14,11,42,0:521,note_on,0,26138,40.840625,42,64,"{'type': 'note_on', 'time': 0, 'note': 22, 'velocity': 64, 'channel': 9}",-22,26160,218,-0.034375,14,11,soul/groove4
14,13,38,0:523,note_on,184,26387,41.229687500000004,38,98,"{'type': 'note_on', 'time': 184, 'note': 38, 'velocity': 98, 'channel': 9}",-13,26400,220,-0.0203125,14,13,soul/groove4
14,15,46,0:527,note_on,0,26629,41.6078125,46,91,"{'type': 'note_on', 'time': 0, 'note': 26, 'velocity': 91, 'channel': 9}",-11,26640,222,-0.0171875,14,15,soul/groove4
15,1,36,0:534,note_on,11,26874,41.990625,36,27,"{'type': 'note_on', 'time': 11, 'note': 36, 'velocity': 27, 'channel': 9}",-6,26880,224,-0.009375000000000001,15,1,soul/groove4
15,3,42,0:539,note_on,0,27112,42.362500000000004,42,45,"{'type': 'note_on', 'time': 0, 'note': 42, 'velocity': 45, 'channel': 9}",-8,27120,226,-0.0125,15,3,soul/groove4
15,4,42,0:542,note_on,0,27231,42.548437500000006,42,73,"{'type': 'note_on', 'time': 0, 'note': 22, 'velocity': 73, 'channel': 9}",-9,27240,227,-0.0140625,15,4,soul/groove4
15,5,38,0:544,note_on,62,27358,42.746875,38,87,"{'type': 'note_on', 'time': 62, 'note': 38, 'velocity': 87, 'channel': 9}",-2,27360,228,-0.003125,15,5,soul/groove4
15,7,42,0:547,note_on,0,27593,43.1140625,42,91,"{'type': 'note_on', 'time': 0, 'note': 22, 'velocity': 91, 'channel': 9}",-7,27600,230,-0.010937500000000001,15,7,soul/groove4
15,8,42,0:550,note_on,0,27712,43.300000000000004,42,67,"{'type': 'note_on', 'time': 0, 'note': 22, 'velocity': 67, 'channel': 9}",-8,27720,231,-0.0125,15,8,soul/groove4
15,9,36,0:552,note_on,67,27844,43.50625,36,24,"{'type': 'note_on', 'time': 67, 'note': 36, 'velocity': 24, 'channel': 9}",4,27840,232,0.00625,15,9,soul/groove4
15,10,42,0:555,note_on,0,27954,43.678125,42,37,"{'type': 'note_on', 'time': 0, 'note': 42, 'velocity': 37, 'channel': 9}",-6,27960,233,-0.009375000000000001,15,10,soul/groove4
15,11,42,0:558,note_on,0,28070,43.859375,42,82,"{'type': 'note_on', 'time': 0, 'note': 22, 'velocity': 82, 'channel': 9}",-10,28080,234,-0.015625,15,11,soul/groove4
15,13,38,0:560,note_on,172,28307,44.229687500000004,38,102,"{'type': 'note_on', 'time': 172, 'note': 40, 'velocity': 102, 'channel': 9}",-13,28320,236,-0.0203125,15,13,soul/groove4
15,15,42,0:563,note_on,0,28560,44.625,42,79,"{'type': 'note_on', 'time': 0, 'note': 22, 'velocity': 79, 'channel': 9}",0,28560,238,0.0,15,15,soul/groove4
15,16,42,0:566,note_on,0,28677,44.807812500000004,42,55,"{'type': 'note_on', 'time': 0, 'note': 22, 'velocity': 55, 'channel': 9}",-3,28680,239,-0.004687500000000001,15,16,soul/groove4
16,1,36,0:568,note_on,66,28809,45.0140625,36,21,"{'type': 'note_on', 'time': 66, 'note': 36, 'velocity': 21, 'channel': 9}",9,28800,240,0.0140625,16,1,soul/groove4
16,3,42,0:571,note_on,0,29041,45.376562500000006,42,71,"{'type': 'note_on', 'time': 0, 'note': 22, 'velocity': 71, 'channel': 9}",1,29040,242,0.0015625,16,3,soul/groove4
16,3,38,0:572,note_on,32,29073,45.4265625,38,19,"{'type': 'note_on', 'time': 32, 'note': 37, 'velocity': 19, 'channel': 9}",33,29040,242,0.051562500000000004,16,3,soul/groove4
16,4,42,0:576,note_on,0,29159,45.5609375,42,95,"{'type': 'note_on', 'time': 0, 'note': 22, 'velocity': 95, 'channel': 9}",-1,29160,243,-0.0015625,16,4,soul/groove4
16,5,38,0:578,note_on,61,29285,45.7578125,38,91,"{'type': 'note_on', 'time': 61, 'note': 40, 'velocity': 91, 'channel': 9}",5,29280,244,0.0078125,16,5,soul/groove4
16,7,42,0:581,note_on,0,29528,46.1375,42,76,"{'type': 'note_on', 'time': 0, 'note': 22, 'velocity': 76, 'channel': 9}",8,29520,246,0.0125,16,7,soul/groove4
16,8,42,0:584,note_on,0,29644,46.31875,42,61,"{'type': 'note_on', 'time': 0, 'note': 22, 'velocity': 61, 'channel': 9}",4,29640,247,0.00625,16,8,soul/groove4
16,9,36,0:586,note_on,62,29770,46.515625,36,21,"{'type': 'note_on', 'time': 62, 'note': 36, 'velocity': 21, 'channel': 9}",10,29760,248,0.015625,16,9,soul/groove4
16,10,38,0:587,note_on,60,29830,46.609375,38,5,"{'type': 'note_on', 'time': 60, 'note': 38, 'velocity': 5, 'channel': 9}",-50,29880,249,-0.078125,16,10,soul/groove4
16,10,42,0:590,note_on,0,29892,46.706250000000004,42,65,"{'type': 'note_on', 'time': 0, 'note': 22, 'velocity': 65, 'channel': 9}",12,29880,249,0.018750000000000003,16,10,soul/groove4
16,11,42,0:594,note_on,0,30005,46.8828125,42,100,"{'type': 'note_on', 'time': 0, 'note': 22, 'velocity': 100, 'channel': 9}",5,30000,250,0.0078125,16,11,soul/groove4
16,13,38,0:596,note_on,160,30230,47.234375,38,101,"{'type': 'note_on', 'time': 160, 'note': 40, 'velocity': 101, 'channel': 9}",-10,30240,252,-0.015625,16,13,soul/groove4
16,15,42,0:598,note_on,181,30476,47.618750000000006,42,106,"{'type': 'note_on', 'time': 181, 'note': 22, 'velocity': 106, 'channel': 9}",-4,30480,254,-0.00625,16,15,soul/groove4
