bar_number,bar_beat_number,note,track_msg_num,msg_type,delta_ticks,total_ticks,total_seconds,note,velocity,raw_data,beat_offset,beat_center,file_beat_number,beat_offset_ms,bar_number,bar_beat_number,style
1,1,42,0:6,note_on,0,0,0.0,42,66,"{'type': 'note_on', 'time': 0, 'note': 22, 'velocity': 66, 'channel': 9}",0,0,0,0.0,1,1,hiphop/groove6
1,1,36,0:7,note_on,0,0,0.0,36,38,"{'type': 'note_on', 'time': 0, 'note': 36, 'velocity': 38, 'channel': 9}",0,0,0,0.0,1,1,hiphop/groove6
1,3,42,0:11,note_on,0,239,0.34339071875000005,42,42,"{'type': 'note_on', 'time': 0, 'note': 22, 'velocity': 42, 'channel': 9}",-1,240,2,-0.0014367812500000001,1,3,hiphop/groove6
1,5,42,0:14,note_on,0,482,0.6925285625000001,42,76,"{'type': 'note_on', 'time': 0, 'note': 22, 'velocity': 76, 'channel': 9}",2,480,4,0.0028735625000000002,1,5,hiphop/groove6
1,5,38,0:15,note_on,6,488,0.7011492500000001,38,114,"{'type': 'note_on', 'time': 6, 'note': 40, 'velocity': 114, 'channel': 9}",8,480,4,0.011494250000000001,1,5,hiphop/groove6
1,7,42,0:19,note_on,0,720,1.0344825000000002,42,49,"{'type': 'note_on', 'time': 0, 'note': 22, 'velocity': 49, 'channel': 9}",0,720,6,0.0,1,7,hiphop/groove6
1,8,36,0:21,note_on,60,850,1.2212640625000002,36,33,"{'type': 'note_on', 'time': 60, 'note': 36, 'velocity': 33, 'channel': 9}",10,840,7,0.0143678125,1,8,hiphop/groove6
1,9,42,0:24,note_on,0,950,1.3649421875,42,71,"{'type': 'note_on', 'time': 0, 'note': 22, 'velocity': 71, 'channel': 9}",-10,960,8,-0.0143678125,1,9,hiphop/groove6
1,10,36,0:26,note_on,63,1084,1.5574708750000001,36,15,"{'type': 'note_on', 'time': 63, 'note': 36, 'velocity': 15, 'channel': 9}",4,1080,9,0.0057471250000000005,1,10,hiphop/groove6
1,11,42,0:29,note_on,0,1174,1.6867811875,42,72,"{'type': 'note_on', 'time': 0, 'note': 22, 'velocity': 72, 'channel': 9}",-26,1200,10,-0.0373563125,1,11,hiphop/groove6
1,11,36,0:30,note_on,12,1186,1.7040225625,36,36,"{'type': 'note_on', 'time': 12, 'note': 36, 'velocity': 36, 'channel': 9}",-14,1200,10,-0.020114937500000003,1,11,hiphop/groove6
1,13,42,0:34,note_on,0,1418,2.0373558125,42,83,"{'type': 'note_on', 'time': 0, 'note': 22, 'velocity': 83, 'channel': 9}",-22,1440,12,-0.031609187500000004,1,13,hiphop/groove6
1,13,38,0:35,note_on,6,1424,2.0459765,38,100,"{'type': 'note_on', 'time': 6, 'note': 40, 'velocity': 100, 'channel': 9}",-16,1440,12,-0.022988500000000002,1,13,hiphop/groove6
1,14,36,0:38,note_on,61,1555,2.23419484375,36,33,"{'type': 'note_on', 'time': 61, 'note': 36, 'velocity': 33, 'channel': 9}",-5,1560,13,-0.00718390625,1,14,hiphop/groove6
1,15,42,0:41,note_on,0,1655,2.37787296875,42,62,"{'type': 'note_on', 'time': 0, 'note': 22, 'velocity': 62, 'channel': 9}",-25,1680,14,-0.035919531250000004,1,15,hiphop/groove6
1,16,36,0:43,note_on,64,1790,2.5718384375000003,36,18,"{'type': 'note_on', 'time': 64, 'note': 36, 'velocity': 18, 'channel': 9}",-10,1800,15,-0.0143678125,1,16,hiphop/groove6
2,1,42,0:46,note_on,0,1890,2.7155165625000004,42,75,"{'type': 'note_on', 'time': 0, 'note': 22, 'velocity': 75, 'channel': 9}",-30,1920,16,-0.0431034375,2,1,hiphop/groove6
2,1,36,0:47,note_on,12,1902,2.7327579375,36,30,"{'type': 'note_on', 'time': 12, 'note': 36, 'velocity': 30, 'channel': 9}",-18,1920,16,-0.0258620625,2,1,hiphop/groove6
2,3,42,0:52,note_on,0,2124,3.0517233750000003,42,51,"{'type': 'note_on', 'time': 0, 'note': 22, 'velocity': 51, 'channel': 9}",-36,2160,18,-0.051724125,2,3,hiphop/groove6
2,3,36,0:53,note_on,4,2128,3.0574705000000004,36,38,"{'type': 'note_on', 'time': 4, 'note': 36, 'velocity': 38, 'channel': 9}",-32,2160,18,-0.045977000000000004,2,3,hiphop/groove6
2,5,42,0:60,note_on,0,2367,3.4008612187500002,42,83,"{'type': 'note_on', 'time': 0, 'note': 22, 'velocity': 83, 'channel': 9}",-33,2400,20,-0.04741378125,2,5,hiphop/groove6
2,5,38,0:61,note_on,7,2374,3.4109186875,38,100,"{'type': 'note_on', 'time': 7, 'note': 38, 'velocity': 100, 'channel': 9}",-26,2400,20,-0.0373563125,2,5,hiphop/groove6
2,6,36,0:64,note_on,83,2527,3.63074621875,36,36,"{'type': 'note_on', 'time': 83, 'note': 36, 'velocity': 36, 'channel': 9}",7,2520,21,0.010057468750000001,2,6,hiphop/groove6
2,7,42,0:67,note_on,0,2611,3.7514358437500004,42,62,"{'type': 'note_on', 'time': 0, 'note': 22, 'velocity': 62, 'channel': 9}",-29,2640,22,-0.04166665625,2,7,hiphop/groove6
2,9,36,0:69,note_on,172,2853,4.09913690625,36,33,"{'type': 'note_on', 'time': 172, 'note': 36, 'velocity': 33, 'channel': 9}",-27,2880,24,-0.03879309375,2,9,hiphop/groove6
2,9,42,0:71,note_on,0,2855,4.1020104687500005,42,66,"{'type': 'note_on', 'time': 0, 'note': 22, 'velocity': 66, 'channel': 9}",-25,2880,24,-0.035919531250000004,2,9,hiphop/groove6
2,11,42,0:75,note_on,0,3094,4.445401187500001,42,65,"{'type': 'note_on', 'time': 0, 'note': 22, 'velocity': 65, 'channel': 9}",-26,3120,26,-0.0373563125,2,11,hiphop/groove6
2,11,36,0:76,note_on,9,3103,4.458332218750001,36,25,"{'type': 'note_on', 'time': 9, 'note': 36, 'velocity': 25, 'channel': 9}",-17,3120,26,-0.024425281250000003,2,11,hiphop/groove6
2,13,42,0:80,note_on,0,3337,4.79453903125,42,70,"{'type': 'note_on', 'time': 0, 'note': 22, 'velocity': 70, 'channel': 9}",-23,3360,28,-0.03304596875,2,13,hiphop/groove6
2,13,36,0:81,note_on,9,3346,4.8074700625,36,27,"{'type': 'note_on', 'time': 9, 'note': 36, 'velocity': 27, 'channel': 9}",-14,3360,28,-0.020114937500000003,2,13,hiphop/groove6
2,15,42,0:85,note_on,0,3576,5.1379297500000005,42,66,"{'type': 'note_on', 'time': 0, 'note': 22, 'velocity': 66, 'channel': 9}",-24,3600,30,-0.034482750000000006,2,15,hiphop/groove6
2,15,36,0:86,note_on,7,3583,5.147987218750001,36,25,"{'type': 'note_on', 'time': 7, 'note': 36, 'velocity': 25, 'channel': 9}",-17,3600,30,-0.024425281250000003,2,15,hiphop/groove6
3,1,42,0:90,note_on,0,3823,5.49281471875,42,72,"{'type': 'note_on', 'time': 0, 'note': 22, 'velocity': 72, 'channel': 9}",-17,3840,32,-0.024425281250000003,3,1,hiphop/groove6
3,1,36,0:91,note_on,6,3829,5.501435406250001,36,31,"{'type': 'note_on', 'time': 6, 'note': 36, 'velocity': 31, 'channel': 9}",-11,3840,32,-0.015804593750000002,3,1,hiphop/groove6
3,3,42,0:95,note_on,0,4071,5.84913646875,42,28,"{'type': 'note_on', 'time': 0, 'note': 42, 'velocity': 28, 'channel': 9}",-9,4080,34,-0.01293103125,3,3,hiphop/groove6
3,5,42,0:98,note_on,0,4320,6.206895,42,81,"{'type': 'note_on', 'time': 0, 'note': 22, 'velocity': 81, 'channel': 9}",0,4320,36,0.0,3,5,hiphop/groove6
3,5,38,0:99,note_on,3,4323,6.2112053437500006,38,105,"{'type': 'note_on', 'time': 3, 'note': 38, 'velocity': 105, 'channel': 9}",3,4320,36,0.004310343750000001,3,5,hiphop/groove6
3,7,42,0:103,note_on,0,4553,6.541665031250001,42,57,"{'type': 'note_on', 'time': 0, 'note': 22, 'velocity': 57, 'channel': 9}",-7,4560,38,-0.010057468750000001,3,7,hiphop/groove6
3,8,36,0:105,note_on,56,4680,6.724136250000001,36,29,"{'type': 'note_on', 'time': 56, 'note': 36, 'velocity': 29, 'channel': 9}",0,4680,39,0.0,3,8,hiphop/groove6
3,9,42,0:108,note_on,0,4784,6.873561500000001,42,50,"{'type': 'note_on', 'time': 0, 'note': 22, 'velocity': 50, 'channel': 9}",-16,4800,40,-0.022988500000000002,3,9,hiphop/groove6
3,10,36,0:110,note_on,45,4900,7.0402281250000005,36,10,"{'type': 'note_on', 'time': 45, 'note': 36, 'velocity': 10, 'channel': 9}",-20,4920,41,-0.028735625,3,10,hiphop/groove6
3,11,42,0:113,note_on,0,5009,7.1968372812500006,42,57,"{'type': 'note_on', 'time': 0, 'note': 22, 'velocity': 57, 'channel': 9}",-31,5040,42,-0.044540218750000006,3,11,hiphop/groove6
3,11,36,0:114,note_on,2,5011,7.199710843750001,36,27,"{'type': 'note_on', 'time': 2, 'note': 36, 'velocity': 27, 'channel': 9}",-29,5040,42,-0.04166665625,3,11,hiphop/groove6
3,13,42,0:118,note_on,0,5262,7.560342937500001,42,80,"{'type': 'note_on', 'time': 0, 'note': 22, 'velocity': 80, 'channel': 9}",-18,5280,44,-0.0258620625,3,13,hiphop/groove6
3,13,38,0:119,note_on,4,5266,7.566090062500001,38,106,"{'type': 'note_on', 'time': 4, 'note': 38, 'velocity': 106, 'channel': 9}",-14,5280,44,-0.020114937500000003,3,13,hiphop/groove6
3,14,36,0:122,note_on,69,5405,7.765802656250001,36,32,"{'type': 'note_on', 'time': 69, 'note': 36, 'velocity': 32, 'channel': 9}",5,5400,45,0.00718390625,3,14,hiphop/groove6
3,15,42,0:125,note_on,0,5506,7.910917562500001,42,25,"{'type': 'note_on', 'time': 0, 'note': 22, 'velocity': 25, 'channel': 9}",-14,5520,46,-0.020114937500000003,3,15,hiphop/groove6
3,16,42,0:128,note_on,0,5655,8.124997968750002,42,51,"{'type': 'note_on', 'time': 0, 'note': 22, 'velocity': 51, 'channel': 9}",15,5640,47,0.02155171875,3,16,hiphop/groove6
4,1,36,0:130,note_on,8,5734,8.238503687500002,36,27,"{'type': 'note_on', 'time': 8, 'note': 36, 'velocity': 27, 'channel': 9}",-26,5760,48,-0.0373563125,4,1,hiphop/groove6
4,1,42,0:132,note_on,0,5744,8.252871500000001,42,63,"{'type': 'note_on', 'time': 0, 'note': 22, 'velocity': 63, 'channel': 9}",-16,5760,48,-0.022988500000000002,4,1,hiphop/groove6
4,3,42,0:136,note_on,0,5980,8.591951875000001,42,46,"{'type': 'note_on', 'time': 0, 'note': 42, 'velocity': 46, 'channel': 9}",-20,6000,50,-0.028735625,4,3,hiphop/groove6
4,5,42,0:139,note_on,0,6217,8.932469031250001,42,72,"{'type': 'note_on', 'time': 0, 'note': 22, 'velocity': 72, 'channel': 9}",-23,6240,52,-0.03304596875,4,5,hiphop/groove6
4,5,38,0:140,note_on,9,6226,8.945400062500001,38,98,"{'type': 'note_on', 'time': 9, 'note': 38, 'velocity': 98, 'channel': 9}",-14,6240,52,-0.020114937500000003,4,5,hiphop/groove6
4,7,42,0:144,note_on,0,6457,9.27729653125,42,60,"{'type': 'note_on', 'time': 0, 'note': 22, 'velocity': 60, 'channel': 9}",-23,6480,54,-0.03304596875,4,7,hiphop/groove6
4,8,36,0:146,note_on,71,6598,9.4798826875,36,28,"{'type': 'note_on', 'time': 71, 'note': 36, 'velocity': 28, 'channel': 9}",-2,6600,55,-0.0028735625000000002,4,8,hiphop/groove6
4,9,42,0:149,note_on,0,6703,9.630744718750002,42,67,"{'type': 'note_on', 'time': 0, 'note': 22, 'velocity': 67, 'channel': 9}",-17,6720,56,-0.024425281250000003,4,9,hiphop/groove6
4,11,36,0:151,note_on,160,6933,9.961204406250001,36,27,"{'type': 'note_on', 'time': 160, 'note': 36, 'velocity': 27, 'channel': 9}",-27,6960,58,-0.03879309375,4,11,hiphop/groove6
4,11,42,0:153,note_on,0,6935,9.96407796875,42,65,"{'type': 'note_on', 'time': 0, 'note': 22, 'velocity': 65, 'channel': 9}",-25,6960,58,-0.035919531250000004,4,11,hiphop/groove6
4,13,42,0:157,note_on,0,7165,10.29453765625,42,63,"{'type': 'note_on', 'time': 0, 'note': 22, 'velocity': 63, 'channel': 9}",-35,7200,60,-0.050287343750000005,4,13,hiphop/groove6
4,13,36,0:158,note_on,2,7167,10.297411218750002,36,32,"{'type': 'note_on', 'time': 2, 'note': 36, 'velocity': 32, 'channel': 9}",-33,7200,60,-0.04741378125,4,13,hiphop/groove6
4,15,42,0:162,note_on,0,7403,10.636491593750002,42,66,"{'type': 'note_on', 'time': 0, 'note': 22, 'velocity': 66, 'channel': 9}",-37,7440,62,-0.05316090625000001,4,15,hiphop/groove6
4,15,36,0:163,note_on,7,7410,10.6465490625,36,27,"{'type': 'note_on', 'time': 7, 'note': 36, 'velocity': 27, 'channel': 9}",-30,7440,62,-0.0431034375,4,15,hiphop/groove6
5,1,42,0:167,note_on,0,7651,10.99281334375,42,66,"{'type': 'note_on', 'time': 0, 'note': 22, 'velocity': 66, 'channel': 9}",-29,7680,64,-0.04166665625,5,1,hiphop/groove6
5,1,36,0:168,note_on,0,7651,10.99281334375,36,35,"{'type': 'note_on', 'time': 0, 'note': 36, 'velocity': 35, 'channel': 9}",-29,7680,64,-0.04166665625,5,1,hiphop/groove6
5,3,42,0:172,note_on,0,7909,11.363502906250002,42,30,"{'type': 'note_on', 'time': 0, 'note': 42, 'velocity': 30, 'channel': 9}",-11,7920,66,-0.015804593750000002,5,3,hiphop/groove6
5,5,42,0:175,note_on,0,8147,11.705456843750001,42,80,"{'type': 'note_on', 'time': 0, 'note': 22, 'velocity': 80, 'channel': 9}",-13,8160,68,-0.01867815625,5,5,hiphop/groove6
5,5,38,0:176,note_on,5,8152,11.71264075,38,102,"{'type': 'note_on', 'time': 5, 'note': 38, 'velocity': 102, 'channel': 9}",-8,8160,68,-0.011494250000000001,5,5,hiphop/groove6
5,7,42,0:180,note_on,0,8384,12.045974000000001,42,56,"{'type': 'note_on', 'time': 0, 'note': 22, 'velocity': 56, 'channel': 9}",-16,8400,70,-0.022988500000000002,5,7,hiphop/groove6
5,8,36,0:182,note_on,53,8508,12.224134875,36,31,"{'type': 'note_on', 'time': 53, 'note': 36, 'velocity': 31, 'channel': 9}",-12,8520,71,-0.017241375000000003,5,8,hiphop/groove6
5,9,42,0:185,note_on,0,8618,12.382180812500001,42,54,"{'type': 'note_on', 'time': 0, 'note': 22, 'velocity': 54, 'channel': 9}",-22,8640,72,-0.031609187500000004,5,9,hiphop/groove6
5,10,36,0:187,note_on,64,8752,12.5747095,36,14,"{'type': 'note_on', 'time': 64, 'note': 36, 'velocity': 14, 'channel': 9}",-8,8760,73,-0.011494250000000001,5,10,hiphop/groove6
5,11,42,0:190,note_on,0,8845,12.708330156250002,42,67,"{'type': 'note_on', 'time': 0, 'note': 22, 'velocity': 67, 'channel': 9}",-35,8880,74,-0.050287343750000005,5,11,hiphop/groove6
5,11,36,0:191,note_on,14,8859,12.72844509375,36,34,"{'type': 'note_on', 'time': 14, 'note': 36, 'velocity': 34, 'channel': 9}",-21,8880,74,-0.030172406250000002,5,11,hiphop/groove6
5,13,42,0:195,note_on,0,9087,13.05603121875,42,79,"{'type': 'note_on', 'time': 0, 'note': 22, 'velocity': 79, 'channel': 9}",-33,9120,76,-0.04741378125,5,13,hiphop/groove6
5,13,38,0:196,note_on,2,9089,13.058904781250002,38,87,"{'type': 'note_on', 'time': 2, 'note': 38, 'velocity': 87, 'channel': 9}",-31,9120,76,-0.044540218750000006,5,13,hiphop/groove6
5,14,36,0:199,note_on,67,9227,13.257180593750002,36,35,"{'type': 'note_on', 'time': 67, 'note': 36, 'velocity': 35, 'channel': 9}",-13,9240,77,-0.01867815625,5,14,hiphop/groove6
5,15,42,0:202,note_on,0,9323,13.395111593750002,42,60,"{'type': 'note_on', 'time': 0, 'note': 22, 'velocity': 60, 'channel': 9}",-37,9360,78,-0.05316090625000001,5,15,hiphop/groove6
5,16,36,0:204,note_on,74,9467,13.602008093750001,36,14,"{'type': 'note_on', 'time': 74, 'note': 36, 'velocity': 14, 'channel': 9}",-13,9480,79,-0.01867815625,5,16,hiphop/groove6
6,1,42,0:207,note_on,0,9557,13.73131840625,42,71,"{'type': 'note_on', 'time': 0, 'note': 22, 'velocity': 71, 'channel': 9}",-43,9600,80,-0.06178159375,6,1,hiphop/groove6
6,1,36,0:208,note_on,21,9578,13.761490812500002,36,34,"{'type': 'note_on', 'time': 21, 'note': 36, 'velocity': 34, 'channel': 9}",-22,9600,80,-0.031609187500000004,6,1,hiphop/groove6
6,3,36,0:211,note_on,142,9790,14.066088437500001,36,38,"{'type': 'note_on', 'time': 142, 'note': 36, 'velocity': 38, 'channel': 9}",-50,9840,82,-0.07183906250000001,6,3,hiphop/groove6
6,3,42,0:213,note_on,0,9806,14.089076937500002,42,48,"{'type': 'note_on', 'time': 0, 'note': 22, 'velocity': 48, 'channel': 9}",-34,9840,82,-0.04885056250000001,6,3,hiphop/groove6
6,5,42,0:217,note_on,0,10042,14.428157312500002,42,78,"{'type': 'note_on', 'time': 0, 'note': 22, 'velocity': 78, 'channel': 9}",-38,10080,84,-0.054597687500000006,6,5,hiphop/groove6
6,5,38,0:218,note_on,7,10049,14.438214781250002,38,115,"{'type': 'note_on', 'time': 7, 'note': 40, 'velocity': 115, 'channel': 9}",-31,10080,84,-0.044540218750000006,6,5,hiphop/groove6
6,7,42,0:222,note_on,0,10283,14.77442159375,42,51,"{'type': 'note_on', 'time': 0, 'note': 22, 'velocity': 51, 'channel': 9}",-37,10320,86,-0.05316090625000001,6,7,hiphop/groove6
6,8,36,0:224,note_on,85,10438,14.997122687500001,36,33,"{'type': 'note_on', 'time': 85, 'note': 36, 'velocity': 33, 'channel': 9}",-2,10440,87,-0.0028735625000000002,6,8,hiphop/groove6
6,9,42,0:227,note_on,0,10542,15.146547937500001,42,68,"{'type': 'note_on', 'time': 0, 'note': 22, 'velocity': 68, 'channel': 9}",-18,10560,88,-0.0258620625,6,9,hiphop/groove6
6,11,36,0:229,note_on,157,10770,15.474134062500001,36,30,"{'type': 'note_on', 'time': 157, 'note': 36, 'velocity': 30, 'channel': 9}",-30,10800,90,-0.0431034375,6,11,hiphop/groove6
6,11,42,0:231,note_on,0,10777,15.484191531250001,42,59,"{'type': 'note_on', 'time': 0, 'note': 22, 'velocity': 59, 'channel': 9}",-23,10800,90,-0.03304596875,6,11,hiphop/groove6
6,13,42,0:235,note_on,0,11006,15.813214437500001,42,64,"{'type': 'note_on', 'time': 0, 'note': 22, 'velocity': 64, 'channel': 9}",-34,11040,92,-0.04885056250000001,6,13,hiphop/groove6
6,13,36,0:236,note_on,11,11017,15.82901903125,36,33,"{'type': 'note_on', 'time': 11, 'note': 36, 'velocity': 33, 'channel': 9}",-23,11040,92,-0.03304596875,6,13,hiphop/groove6
6,15,42,0:240,note_on,0,11242,16.152294812500003,42,68,"{'type': 'note_on', 'time': 0, 'note': 22, 'velocity': 68, 'channel': 9}",-38,11280,94,-0.054597687500000006,6,15,hiphop/groove6
6,15,36,0:241,note_on,20,11262,16.181030437500002,36,29,"{'type': 'note_on', 'time': 20, 'note': 36, 'velocity': 29, 'channel': 9}",-18,11280,94,-0.0258620625,6,15,hiphop/groove6
7,1,42,0:245,note_on,0,11498,16.5201108125,42,75,"{'type': 'note_on', 'time': 0, 'note': 22, 'velocity': 75, 'channel': 9}",-22,11520,96,-0.031609187500000004,7,1,hiphop/groove6
7,1,36,0:246,note_on,3,11501,16.52442115625,36,38,"{'type': 'note_on', 'time': 3, 'note': 36, 'velocity': 38, 'channel': 9}",-19,11520,96,-0.027298843750000003,7,1,hiphop/groove6
7,3,42,0:250,note_on,0,11754,16.8879268125,42,24,"{'type': 'note_on', 'time': 0, 'note': 42, 'velocity': 24, 'channel': 9}",-6,11760,98,-0.008620687500000002,7,3,hiphop/groove6
7,5,42,0:253,note_on,0,11994,17.232754312500003,42,82,"{'type': 'note_on', 'time': 0, 'note': 22, 'velocity': 82, 'channel': 9}",-6,12000,100,-0.008620687500000002,7,5,hiphop/groove6
7,5,38,0:254,note_on,6,12000,17.241375,38,101,"{'type': 'note_on', 'time': 6, 'note': 38, 'velocity': 101, 'channel': 9}",0,12000,100,0.0,7,5,hiphop/groove6
7,7,42,0:258,note_on,0,12237,17.581892156250003,42,58,"{'type': 'note_on', 'time': 0, 'note': 22, 'velocity': 58, 'channel': 9}",-3,12240,102,-0.004310343750000001,7,7,hiphop/groove6
7,8,36,0:260,note_on,60,12368,17.7701105,36,31,"{'type': 'note_on', 'time': 60, 'note': 36, 'velocity': 31, 'channel': 9}",8,12360,103,0.011494250000000001,7,8,hiphop/groove6
7,9,42,0:263,note_on,0,12461,17.90373115625,42,56,"{'type': 'note_on', 'time': 0, 'note': 22, 'velocity': 56, 'channel': 9}",-19,12480,104,-0.027298843750000003,7,9,hiphop/groove6
7,11,42,0:266,note_on,0,12704,18.252869,42,60,"{'type': 'note_on', 'time': 0, 'note': 22, 'velocity': 60, 'channel': 9}",-16,12720,106,-0.022988500000000002,7,11,hiphop/groove6
7,11,36,0:267,note_on,14,12718,18.2729839375,36,39,"{'type': 'note_on', 'time': 14, 'note': 36, 'velocity': 39, 'channel': 9}",-2,12720,106,-0.0028735625000000002,7,11,hiphop/groove6
7,13,42,0:271,note_on,0,12955,18.613501093750003,42,80,"{'type': 'note_on', 'time': 0, 'note': 22, 'velocity': 80, 'channel': 9}",-5,12960,108,-0.00718390625,7,13,hiphop/groove6
7,13,38,0:272,note_on,7,12962,18.6235585625,38,98,"{'type': 'note_on', 'time': 7, 'note': 38, 'velocity': 98, 'channel': 9}",2,12960,108,0.0028735625000000002,7,13,hiphop/groove6
7,14,36,0:275,note_on,58,13090,18.8074665625,36,33,"{'type': 'note_on', 'time': 58, 'note': 36, 'velocity': 33, 'channel': 9}",10,13080,109,0.0143678125,7,14,hiphop/groove6
7,15,42,0:278,note_on,0,13189,18.94970790625,42,60,"{'type': 'note_on', 'time': 0, 'note': 22, 'velocity': 60, 'channel': 9}",-11,13200,110,-0.015804593750000002,7,15,hiphop/groove6
7,16,36,0:280,note_on,77,13337,19.162351531250003,36,8,"{'type': 'note_on', 'time': 77, 'note': 36, 'velocity': 8, 'channel': 9}",17,13320,111,0.024425281250000003,7,16,hiphop/groove6
8,1,42,0:284,note_on,0,13427,19.291661843750003,42,60,"{'type': 'note_on', 'time': 0, 'note': 22, 'velocity': 60, 'channel': 9}",-13,13440,112,-0.01867815625,8,1,hiphop/groove6
8,1,36,0:285,note_on,10,13437,19.30602965625,36,28,"{'type': 'note_on', 'time': 10, 'note': 36, 'velocity': 28, 'channel': 9}",-3,13440,112,-0.004310343750000001,8,1,hiphop/groove6
8,3,42,0:289,note_on,0,13675,19.647983593750002,42,56,"{'type': 'note_on', 'time': 0, 'note': 22, 'velocity': 56, 'channel': 9}",-5,13680,114,-0.00718390625,8,3,hiphop/groove6
8,5,42,0:292,note_on,0,13913,19.989937531250003,42,68,"{'type': 'note_on', 'time': 0, 'note': 22, 'velocity': 68, 'channel': 9}",-7,13920,116,-0.010057468750000001,8,5,hiphop/groove6
8,5,38,0:293,note_on,3,13916,19.994247875000003,38,105,"{'type': 'note_on', 'time': 3, 'note': 38, 'velocity': 105, 'channel': 9}",-4,13920,116,-0.0057471250000000005,8,5,hiphop/groove6
8,7,42,0:297,note_on,0,14147,20.326144343750002,42,53,"{'type': 'note_on', 'time': 0, 'note': 22, 'velocity': 53, 'channel': 9}",-13,14160,118,-0.01867815625,8,7,hiphop/groove6
8,8,36,0:299,note_on,58,14276,20.511489125,36,16,"{'type': 'note_on', 'time': 58, 'note': 36, 'velocity': 16, 'channel': 9}",-4,14280,119,-0.0057471250000000005,8,8,hiphop/groove6
8,9,42,0:302,note_on,0,14376,20.65516725,42,64,"{'type': 'note_on', 'time': 0, 'note': 22, 'velocity': 64, 'channel': 9}",-24,14400,120,-0.034482750000000006,8,9,hiphop/groove6
8,9,36,0:303,note_on,16,14392,20.678155750000002,36,34,"{'type': 'note_on', 'time': 16, 'note': 36, 'velocity': 34, 'channel': 9}",-8,14400,120,-0.011494250000000001,8,9,hiphop/groove6
8,11,42,0:307,note_on,0,14619,21.004305093750002,42,54,"{'type': 'note_on', 'time': 0, 'note': 22, 'velocity': 54, 'channel': 9}",-21,14640,122,-0.030172406250000002,8,11,hiphop/groove6
8,11,36,0:308,note_on,14,14633,21.024420031250003,36,27,"{'type': 'note_on', 'time': 14, 'note': 36, 'velocity': 27, 'channel': 9}",-7,14640,122,-0.010057468750000001,8,11,hiphop/groove6
8,13,36,0:311,note_on,154,14857,21.346259031250003,36,29,"{'type': 'note_on', 'time': 154, 'note': 36, 'velocity': 29, 'channel': 9}",-23,14880,124,-0.03304596875,8,13,hiphop/groove6
8,13,42,0:313,note_on,0,14861,21.352006156250003,42,66,"{'type': 'note_on', 'time': 0, 'note': 22, 'velocity': 66, 'channel': 9}",-19,14880,124,-0.027298843750000003,8,13,hiphop/groove6
8,15,42,0:317,note_on,0,15099,21.69396009375,42,54,"{'type': 'note_on', 'time': 0, 'note': 22, 'velocity': 54, 'channel': 9}",-21,15120,126,-0.030172406250000002,8,15,hiphop/groove6
8,15,36,0:318,note_on,0,15099,21.69396009375,36,27,"{'type': 'note_on', 'time': 0, 'note': 36, 'velocity': 27, 'channel': 9}",-21,15120,126,-0.030172406250000002,8,15,hiphop/groove6
9,1,36,0:323,note_on,0,15345,22.047408281250004,36,36,"{'type': 'note_on', 'time': 0, 'note': 36, 'velocity': 36, 'channel': 9}",-15,15360,128,-0.02155171875,9,1,hiphop/groove6
9,1,42,0:322,note_on,0,15345,22.047408281250004,42,74,"{'type': 'note_on', 'time': 0, 'note': 22, 'velocity': 74, 'channel': 9}",-15,15360,128,-0.02155171875,9,1,hiphop/groove6
9,3,42,0:327,note_on,0,15592,22.402293250000003,42,43,"{'type': 'note_on', 'time': 0, 'note': 22, 'velocity': 43, 'channel': 9}",-8,15600,130,-0.011494250000000001,9,3,hiphop/groove6
9,5,42,0:330,note_on,0,15831,22.74568396875,42,82,"{'type': 'note_on', 'time': 0, 'note': 22, 'velocity': 82, 'channel': 9}",-9,15840,132,-0.01293103125,9,5,hiphop/groove6
9,5,38,0:331,note_on,8,15839,22.757178218750003,38,108,"{'type': 'note_on', 'time': 8, 'note': 38, 'velocity': 108, 'channel': 9}",-1,15840,132,-0.0014367812500000001,9,5,hiphop/groove6
9,7,42,0:335,note_on,0,16078,23.1005689375,42,64,"{'type': 'note_on', 'time': 0, 'note': 22, 'velocity': 64, 'channel': 9}",-2,16080,134,-0.0028735625000000002,9,7,hiphop/groove6
9,8,36,0:337,note_on,53,16201,23.277293031250004,36,33,"{'type': 'note_on', 'time': 53, 'note': 36, 'velocity': 33, 'channel': 9}",1,16200,135,0.0014367812500000001,9,8,hiphop/groove6
9,9,42,0:340,note_on,0,16303,23.42384471875,42,47,"{'type': 'note_on', 'time': 0, 'note': 22, 'velocity': 47, 'channel': 9}",-17,16320,136,-0.024425281250000003,9,9,hiphop/groove6
9,10,36,0:342,note_on,56,16430,23.606315937500003,36,13,"{'type': 'note_on', 'time': 56, 'note': 36, 'velocity': 13, 'channel': 9}",-10,16440,137,-0.0143678125,9,10,hiphop/groove6
9,11,42,0:345,note_on,0,16540,23.764361875000002,42,70,"{'type': 'note_on', 'time': 0, 'note': 22, 'velocity': 70, 'channel': 9}",-20,16560,138,-0.028735625,9,11,hiphop/groove6
9,11,36,0:346,note_on,4,16544,23.770109,36,24,"{'type': 'note_on', 'time': 4, 'note': 36, 'velocity': 24, 'channel': 9}",-16,16560,138,-0.022988500000000002,9,11,hiphop/groove6
9,13,42,0:350,note_on,0,16794,24.1293043125,42,87,"{'type': 'note_on', 'time': 0, 'note': 22, 'velocity': 87, 'channel': 9}",-6,16800,140,-0.008620687500000002,9,13,hiphop/groove6
9,13,38,0:351,note_on,4,16798,24.135051437500003,38,106,"{'type': 'note_on', 'time': 4, 'note': 38, 'velocity': 106, 'channel': 9}",-2,16800,140,-0.0028735625000000002,9,13,hiphop/groove6
9,14,36,0:354,note_on,71,16939,24.337637593750003,36,35,"{'type': 'note_on', 'time': 71, 'note': 36, 'velocity': 35, 'channel': 9}",19,16920,141,0.027298843750000003,9,14,hiphop/groove6
9,15,42,0:357,note_on,0,17024,24.459764000000003,42,48,"{'type': 'note_on', 'time': 0, 'note': 22, 'velocity': 48, 'channel': 9}",-16,17040,142,-0.022988500000000002,9,15,hiphop/groove6
9,16,36,0:359,note_on,77,17172,24.672407625,36,21,"{'type': 'note_on', 'time': 77, 'note': 36, 'velocity': 21, 'channel': 9}",12,17160,143,0.017241375000000003,9,16,hiphop/groove6
10,1,42,0:362,note_on,0,17272,24.816085750000003,42,70,"{'type': 'note_on', 'time': 0, 'note': 22, 'velocity': 70, 'channel': 9}",-8,17280,144,-0.011494250000000001,10,1,hiphop/groove6
10,1,36,0:363,note_on,14,17286,24.836200687500003,36,34,"{'type': 'note_on', 'time': 14, 'note': 36, 'velocity': 34, 'channel': 9}",6,17280,144,0.008620687500000002,10,1,hiphop/groove6
10,3,42,0:367,note_on,0,17519,25.170970718750002,42,63,"{'type': 'note_on', 'time': 0, 'note': 22, 'velocity': 63, 'channel': 9}",-1,17520,146,-0.0014367812500000001,10,3,hiphop/groove6
10,5,42,0:370,note_on,0,17766,25.525855687500002,42,94,"{'type': 'note_on', 'time': 0, 'note': 22, 'velocity': 94, 'channel': 9}",6,17760,148,0.008620687500000002,10,5,hiphop/groove6
10,5,38,0:371,note_on,8,17774,25.537349937500004,38,96,"{'type': 'note_on', 'time': 8, 'note': 40, 'velocity': 96, 'channel': 9}",14,17760,148,0.020114937500000003,10,5,hiphop/groove6
10,6,38,0:374,note_on,9,17853,25.650855656250002,38,24,"{'type': 'note_on', 'time': 9, 'note': 38, 'velocity': 24, 'channel': 9}",-27,17880,149,-0.03879309375,10,6,hiphop/groove6
10,7,42,0:377,note_on,0,17997,25.85775215625,42,68,"{'type': 'note_on', 'time': 0, 'note': 22, 'velocity': 68, 'channel': 9}",-3,18000,150,-0.004310343750000001,10,7,hiphop/groove6
10,8,36,0:379,note_on,75,18143,26.067522218750003,36,17,"{'type': 'note_on', 'time': 75, 'note': 36, 'velocity': 17, 'channel': 9}",23,18120,151,0.03304596875,10,8,hiphop/groove6
10,9,42,0:383,note_on,0,18246,26.215510687500004,42,79,"{'type': 'note_on', 'time': 0, 'note': 22, 'velocity': 79, 'channel': 9}",6,18240,152,0.008620687500000002,10,9,hiphop/groove6
10,9,36,0:384,note_on,2,18248,26.218384250000003,36,40,"{'type': 'note_on', 'time': 2, 'note': 36, 'velocity': 40, 'channel': 9}",8,18240,152,0.011494250000000001,10,9,hiphop/groove6
10,11,36,0:387,note_on,180,18498,26.577579562500002,36,32,"{'type': 'note_on', 'time': 180, 'note': 36, 'velocity': 32, 'channel': 9}",18,18480,154,0.0258620625,10,11,hiphop/groove6
10,13,36,0:389,note_on,165,18734,26.916659937500004,36,30,"{'type': 'note_on', 'time': 165, 'note': 36, 'velocity': 30, 'channel': 9}",14,18720,156,0.020114937500000003,10,13,hiphop/groove6
10,15,36,0:391,note_on,148,18952,27.229878250000002,36,31,"{'type': 'note_on', 'time': 148, 'note': 36, 'velocity': 31, 'channel': 9}",-8,18960,158,-0.011494250000000001,10,15,hiphop/groove6
11,1,42,0:395,note_on,0,19190,27.571832187500004,42,92,"{'type': 'note_on', 'time': 0, 'note': 22, 'velocity': 92, 'channel': 9}",-10,19200,160,-0.0143678125,11,1,hiphop/groove6
11,3,42,0:401,note_on,0,19456,27.954016000000003,42,57,"{'type': 'note_on', 'time': 0, 'note': 22, 'velocity': 57, 'channel': 9}",16,19440,162,0.022988500000000002,11,3,hiphop/groove6
11,5,42,0:404,note_on,0,19698,28.301717062500003,42,91,"{'type': 'note_on', 'time': 0, 'note': 22, 'velocity': 91, 'channel': 9}",18,19680,164,0.0258620625,11,5,hiphop/groove6
11,5,38,0:405,note_on,4,19702,28.307464187500003,38,97,"{'type': 'note_on', 'time': 4, 'note': 40, 'velocity': 97, 'channel': 9}",22,19680,164,0.031609187500000004,11,5,hiphop/groove6
11,7,42,0:409,note_on,0,19924,28.626429625000004,42,62,"{'type': 'note_on', 'time': 0, 'note': 22, 'velocity': 62, 'channel': 9}",4,19920,166,0.0057471250000000005,11,7,hiphop/groove6
11,8,36,0:411,note_on,66,20060,28.821831875,36,36,"{'type': 'note_on', 'time': 66, 'note': 36, 'velocity': 36, 'channel': 9}",20,20040,167,0.028735625,11,8,hiphop/groove6
11,9,42,0:414,note_on,0,20150,28.951142187500004,42,62,"{'type': 'note_on', 'time': 0, 'note': 22, 'velocity': 62, 'channel': 9}",-10,20160,168,-0.0143678125,11,9,hiphop/groove6
11,10,36,0:416,note_on,66,20286,29.1465444375,36,15,"{'type': 'note_on', 'time': 66, 'note': 36, 'velocity': 15, 'channel': 9}",6,20280,169,0.008620687500000002,11,10,hiphop/groove6
11,11,42,0:419,note_on,0,20390,29.2959696875,42,74,"{'type': 'note_on', 'time': 0, 'note': 22, 'velocity': 74, 'channel': 9}",-10,20400,170,-0.0143678125,11,11,hiphop/groove6
11,11,36,0:420,note_on,0,20390,29.2959696875,36,39,"{'type': 'note_on', 'time': 0, 'note': 36, 'velocity': 39, 'channel': 9}",-10,20400,170,-0.0143678125,11,11,hiphop/groove6
11,13,42,0:424,note_on,0,20624,29.632176500000003,42,88,"{'type': 'note_on', 'time': 0, 'note': 22, 'velocity': 88, 'channel': 9}",-16,20640,172,-0.022988500000000002,11,13,hiphop/groove6
11,13,38,0:425,note_on,6,20630,29.640797187500002,38,94,"{'type': 'note_on', 'time': 6, 'note': 40, 'velocity': 94, 'channel': 9}",-10,20640,172,-0.0143678125,11,13,hiphop/groove6
11,14,36,0:428,note_on,69,20769,29.840509781250002,36,38,"{'type': 'note_on', 'time': 69, 'note': 36, 'velocity': 38, 'channel': 9}",9,20760,173,0.01293103125,11,14,hiphop/groove6
11,15,42,0:431,note_on,0,20863,29.97556721875,42,51,"{'type': 'note_on', 'time': 0, 'note': 22, 'velocity': 51, 'channel': 9}",-17,20880,174,-0.024425281250000003,11,15,hiphop/groove6
11,16,36,0:433,note_on,79,21013,30.191084406250003,36,13,"{'type': 'note_on', 'time': 79, 'note': 36, 'velocity': 13, 'channel': 9}",13,21000,175,0.01867815625,11,16,hiphop/groove6
12,1,42,0:436,note_on,0,21108,30.327578625,42,78,"{'type': 'note_on', 'time': 0, 'note': 22, 'velocity': 78, 'channel': 9}",-12,21120,176,-0.017241375000000003,12,1,hiphop/groove6
12,1,36,0:437,note_on,9,21117,30.340509656250003,36,35,"{'type': 'note_on', 'time': 9, 'note': 36, 'velocity': 35, 'channel': 9}",-3,21120,176,-0.004310343750000001,12,1,hiphop/groove6
12,3,42,0:441,note_on,0,21354,30.681026812500004,42,36,"{'type': 'note_on', 'time': 0, 'note': 42, 'velocity': 36, 'channel': 9}",-6,21360,178,-0.008620687500000002,12,3,hiphop/groove6
12,5,42,0:444,note_on,0,21584,31.011486500000004,42,93,"{'type': 'note_on', 'time': 0, 'note': 22, 'velocity': 93, 'channel': 9}",-16,21600,180,-0.022988500000000002,12,5,hiphop/groove6
12,5,38,0:445,note_on,3,21587,31.015796843750003,38,92,"{'type': 'note_on', 'time': 3, 'note': 40, 'velocity': 92, 'channel': 9}",-13,21600,180,-0.01867815625,12,5,hiphop/groove6
12,7,42,0:449,note_on,0,21818,31.347693312500002,42,69,"{'type': 'note_on', 'time': 0, 'note': 22, 'velocity': 69, 'channel': 9}",-22,21840,182,-0.031609187500000004,12,7,hiphop/groove6
12,8,36,0:451,note_on,67,21956,31.545969125000003,36,37,"{'type': 'note_on', 'time': 67, 'note': 36, 'velocity': 37, 'channel': 9}",-4,21960,183,-0.0057471250000000005,12,8,hiphop/groove6
12,9,42,0:454,note_on,0,22068,31.706888625,42,72,"{'type': 'note_on', 'time': 0, 'note': 22, 'velocity': 72, 'channel': 9}",-12,22080,184,-0.017241375000000003,12,9,hiphop/groove6
12,11,36,0:456,note_on,149,22288,32.0229805,36,38,"{'type': 'note_on', 'time': 149, 'note': 36, 'velocity': 38, 'channel': 9}",-32,22320,186,-0.045977000000000004,12,11,hiphop/groove6
12,11,42,0:458,note_on,0,22302,32.0430954375,42,43,"{'type': 'note_on', 'time': 0, 'note': 22, 'velocity': 43, 'channel': 9}",-18,22320,186,-0.0258620625,12,11,hiphop/groove6
12,13,42,0:462,note_on,0,22524,32.362060875000005,42,22,"{'type': 'note_on', 'time': 0, 'note': 22, 'velocity': 22, 'channel': 9}",-36,22560,188,-0.051724125,12,13,hiphop/groove6
12,13,36,0:463,note_on,1,22525,32.363497656250004,36,34,"{'type': 'note_on', 'time': 1, 'note': 36, 'velocity': 34, 'channel': 9}",-35,22560,188,-0.050287343750000005,12,13,hiphop/groove6
12,15,36,0:466,note_on,166,22760,32.701141250000006,36,32,"{'type': 'note_on', 'time': 166, 'note': 36, 'velocity': 32, 'channel': 9}",-40,22800,190,-0.05747125,12,15,hiphop/groove6
12,15,42,0:468,note_on,0,22765,32.708325156250005,42,13,"{'type': 'note_on', 'time': 0, 'note': 22, 'velocity': 13, 'channel': 9}",-35,22800,190,-0.050287343750000005,12,15,hiphop/groove6
13,1,42,0:473,note_on,0,23000,33.04596875,42,84,"{'type': 'note_on', 'time': 0, 'note': 22, 'velocity': 84, 'channel': 9}",-40,23040,192,-0.05747125,13,1,hiphop/groove6
13,3,42,0:481,note_on,0,23262,33.422405437500004,42,22,"{'type': 'note_on', 'time': 0, 'note': 42, 'velocity': 22, 'channel': 9}",-18,23280,194,-0.0258620625,13,3,hiphop/groove6
13,5,42,0:484,note_on,0,23509,33.77729040625,42,77,"{'type': 'note_on', 'time': 0, 'note': 22, 'velocity': 77, 'channel': 9}",-11,23520,196,-0.015804593750000002,13,5,hiphop/groove6
13,5,38,0:485,note_on,6,23515,33.78591109375,38,108,"{'type': 'note_on', 'time': 6, 'note': 40, 'velocity': 108, 'channel': 9}",-5,23520,196,-0.00718390625,13,5,hiphop/groove6
13,7,42,0:489,note_on,0,23753,34.12786503125,42,39,"{'type': 'note_on', 'time': 0, 'note': 22, 'velocity': 39, 'channel': 9}",-7,23760,198,-0.010057468750000001,13,7,hiphop/groove6
13,8,36,0:491,note_on,47,23870,34.2959684375,36,33,"{'type': 'note_on', 'time': 47, 'note': 36, 'velocity': 33, 'channel': 9}",-10,23880,199,-0.0143678125,13,8,hiphop/groove6
13,9,42,0:494,note_on,0,23971,34.44108334375,42,47,"{'type': 'note_on', 'time': 0, 'note': 22, 'velocity': 47, 'channel': 9}",-29,24000,200,-0.04166665625,13,9,hiphop/groove6
13,10,36,0:496,note_on,86,24127,34.665221218750006,36,18,"{'type': 'note_on', 'time': 86, 'note': 36, 'velocity': 18, 'channel': 9}",7,24120,201,0.010057468750000001,13,10,hiphop/groove6
13,11,38,0:497,note_on,56,24183,34.74568096875,38,5,"{'type': 'note_on', 'time': 56, 'note': 38, 'velocity': 5, 'channel': 9}",-57,24240,202,-0.08189653125,13,11,hiphop/groove6
13,11,42,0:500,note_on,0,24215,34.79165796875,42,57,"{'type': 'note_on', 'time': 0, 'note': 22, 'velocity': 57, 'channel': 9}",-25,24240,202,-0.035919531250000004,13,11,hiphop/groove6
13,11,36,0:501,note_on,16,24231,34.814646468750006,36,42,"{'type': 'note_on', 'time': 16, 'note': 36, 'velocity': 42, 'channel': 9}",-9,24240,202,-0.01293103125,13,11,hiphop/groove6
13,13,42,0:506,note_on,0,24458,35.1407958125,42,64,"{'type': 'note_on', 'time': 0, 'note': 22, 'velocity': 64, 'channel': 9}",-22,24480,204,-0.031609187500000004,13,13,hiphop/groove6
13,13,38,0:507,note_on,8,24466,35.1522900625,38,84,"{'type': 'note_on', 'time': 8, 'note': 38, 'velocity': 84, 'channel': 9}",-14,24480,204,-0.020114937500000003,13,13,hiphop/groove6
13,14,36,0:510,note_on,50,24586,35.324703812500005,36,34,"{'type': 'note_on', 'time': 50, 'note': 36, 'velocity': 34, 'channel': 9}",-14,24600,205,-0.020114937500000003,13,14,hiphop/groove6
13,15,42,0:513,note_on,0,24701,35.48993365625,42,44,"{'type': 'note_on', 'time': 0, 'note': 22, 'velocity': 44, 'channel': 9}",-19,24720,206,-0.027298843750000003,13,15,hiphop/groove6
13,16,36,0:515,note_on,64,24835,35.682462343750004,36,13,"{'type': 'note_on', 'time': 64, 'note': 36, 'velocity': 13, 'channel': 9}",-5,24840,207,-0.00718390625,13,16,hiphop/groove6
14,1,42,0:518,note_on,0,24940,35.833324375000004,42,72,"{'type': 'note_on', 'time': 0, 'note': 22, 'velocity': 72, 'channel': 9}",-20,24960,208,-0.028735625,14,1,hiphop/groove6
14,1,36,0:519,note_on,1,24941,35.83476115625,36,42,"{'type': 'note_on', 'time': 1, 'note': 36, 'velocity': 42, 'channel': 9}",-19,24960,208,-0.027298843750000003,14,1,hiphop/groove6
14,3,42,0:523,note_on,0,25185,36.185335781250004,42,28,"{'type': 'note_on', 'time': 0, 'note': 22, 'velocity': 28, 'channel': 9}",-15,25200,210,-0.02155171875,14,3,hiphop/groove6
14,5,42,0:526,note_on,0,25426,36.531600062500004,42,62,"{'type': 'note_on', 'time': 0, 'note': 22, 'velocity': 62, 'channel': 9}",-14,25440,212,-0.020114937500000003,14,5,hiphop/groove6
14,5,38,0:527,note_on,8,25434,36.5430943125,38,103,"{'type': 'note_on', 'time': 8, 'note': 38, 'velocity': 103, 'channel': 9}",-6,25440,212,-0.008620687500000002,14,5,hiphop/groove6
14,6,38,0:530,note_on,12,25516,36.660910375,38,37,"{'type': 'note_on', 'time': 12, 'note': 38, 'velocity': 37, 'channel': 9}",-44,25560,213,-0.06321837500000001,14,6,hiphop/groove6
14,7,42,0:533,note_on,0,25664,36.873554000000006,42,38,"{'type': 'note_on', 'time': 0, 'note': 22, 'velocity': 38, 'channel': 9}",-16,25680,214,-0.022988500000000002,14,7,hiphop/groove6
14,8,36,0:535,note_on,63,25797,37.06464590625,36,17,"{'type': 'note_on', 'time': 63, 'note': 36, 'velocity': 17, 'channel': 9}",-3,25800,215,-0.004310343750000001,14,8,hiphop/groove6
14,9,42,0:538,note_on,0,25905,37.21981828125001,42,77,"{'type': 'note_on', 'time': 0, 'note': 22, 'velocity': 77, 'channel': 9}",-15,25920,216,-0.02155171875,14,9,hiphop/groove6
14,11,36,0:546,note_on,166,26145,37.56464578125,36,27,"{'type': 'note_on', 'time': 166, 'note': 36, 'velocity': 27, 'channel': 9}",-15,26160,218,-0.02155171875,14,11,hiphop/groove6
14,13,36,0:548,note_on,170,26385,37.90947328125,36,31,"{'type': 'note_on', 'time': 170, 'note': 36, 'velocity': 31, 'channel': 9}",-15,26400,220,-0.02155171875,14,13,hiphop/groove6
14,15,36,0:550,note_on,168,26623,38.25142721875,36,29,"{'type': 'note_on', 'time': 168, 'note': 36, 'velocity': 29, 'channel': 9}",-17,26640,222,-0.024425281250000003,14,15,hiphop/groove6
15,1,42,0:554,note_on,0,26848,38.57470300000001,42,80,"{'type': 'note_on', 'time': 0, 'note': 22, 'velocity': 80, 'channel': 9}",-32,26880,224,-0.045977000000000004,15,1,hiphop/groove6
15,3,42,0:560,note_on,0,27120,38.9655075,42,27,"{'type': 'note_on', 'time': 0, 'note': 42, 'velocity': 27, 'channel': 9}",0,27120,226,0.0,15,3,hiphop/groove6
15,5,42,0:563,note_on,0,27362,39.3132085625,42,84,"{'type': 'note_on', 'time': 0, 'note': 22, 'velocity': 84, 'channel': 9}",2,27360,228,0.0028735625000000002,15,5,hiphop/groove6
15,5,38,0:564,note_on,5,27367,39.32039246875,38,99,"{'type': 'note_on', 'time': 5, 'note': 38, 'velocity': 99, 'channel': 9}",7,27360,228,0.010057468750000001,15,5,hiphop/groove6
15,7,42,0:568,note_on,0,27597,39.650852156250004,42,59,"{'type': 'note_on', 'time': 0, 'note': 22, 'velocity': 59, 'channel': 9}",-3,27600,230,-0.004310343750000001,15,7,hiphop/groove6
15,8,36,0:570,note_on,50,27718,39.8247026875,36,25,"{'type': 'note_on', 'time': 50, 'note': 36, 'velocity': 25, 'channel': 9}",-2,27720,231,-0.0028735625000000002,15,8,hiphop/groove6
15,9,42,0:573,note_on,0,27823,39.97556471875,42,53,"{'type': 'note_on', 'time': 0, 'note': 22, 'velocity': 53, 'channel': 9}",-17,27840,232,-0.024425281250000003,15,9,hiphop/groove6
15,10,36,0:575,note_on,70,27964,40.178150875,36,15,"{'type': 'note_on', 'time': 70, 'note': 36, 'velocity': 15, 'channel': 9}",4,27960,233,0.0057471250000000005,15,10,hiphop/groove6
15,11,42,0:578,note_on,0,28059,40.31464509375,42,70,"{'type': 'note_on', 'time': 0, 'note': 22, 'velocity': 70, 'channel': 9}",-21,28080,234,-0.030172406250000002,15,11,hiphop/groove6
15,11,36,0:579,note_on,9,28068,40.327576125,36,37,"{'type': 'note_on', 'time': 9, 'note': 36, 'velocity': 37, 'channel': 9}",-12,28080,234,-0.017241375000000003,15,11,hiphop/groove6
15,13,42,0:583,note_on,0,28300,40.660909375,42,83,"{'type': 'note_on', 'time': 0, 'note': 22, 'velocity': 83, 'channel': 9}",-20,28320,236,-0.028735625,15,13,hiphop/groove6
15,13,38,0:584,note_on,3,28303,40.66521971875,38,97,"{'type': 'note_on', 'time': 3, 'note': 38, 'velocity': 97, 'channel': 9}",-17,28320,236,-0.024425281250000003,15,13,hiphop/groove6
15,14,36,0:587,note_on,64,28437,40.85774840625,36,27,"{'type': 'note_on', 'time': 64, 'note': 36, 'velocity': 27, 'channel': 9}",-3,28440,237,-0.004310343750000001,15,14,hiphop/groove6
15,15,42,0:590,note_on,0,28544,41.011484,42,49,"{'type': 'note_on', 'time': 0, 'note': 22, 'velocity': 49, 'channel': 9}",-16,28560,238,-0.022988500000000002,15,15,hiphop/groove6
15,16,36,0:592,note_on,71,28685,41.21407015625,36,20,"{'type': 'note_on', 'time': 71, 'note': 36, 'velocity': 20, 'channel': 9}",5,28680,239,0.00718390625,15,16,hiphop/groove6
16,1,42,0:595,note_on,0,28781,41.352001156250004,42,63,"{'type': 'note_on', 'time': 0, 'note': 22, 'velocity': 63, 'channel': 9}",-19,28800,240,-0.027298843750000003,16,1,hiphop/groove6
16,1,36,0:596,note_on,19,28800,41.3793,36,33,"{'type': 'note_on', 'time': 19, 'note': 36, 'velocity': 33, 'channel': 9}",0,28800,240,0.0,16,1,hiphop/groove6
16,3,38,0:599,note_on,115,28985,41.645104531250006,38,8,"{'type': 'note_on', 'time': 115, 'note': 38, 'velocity': 8, 'channel': 9}",-55,29040,242,-0.07902296875,16,3,hiphop/groove6
16,3,42,0:601,note_on,0,29030,41.709759687500004,42,27,"{'type': 'note_on', 'time': 0, 'note': 42, 'velocity': 27, 'channel': 9}",-10,29040,242,-0.0143678125,16,3,hiphop/groove6
16,5,42,0:605,note_on,0,29262,42.043092937500006,42,85,"{'type': 'note_on', 'time': 0, 'note': 22, 'velocity': 85, 'channel': 9}",-18,29280,244,-0.0258620625,16,5,hiphop/groove6
16,5,38,0:606,note_on,6,29268,42.051713625000005,38,120,"{'type': 'note_on', 'time': 6, 'note': 40, 'velocity': 120, 'channel': 9}",-12,29280,244,-0.017241375000000003,16,5,hiphop/groove6
16,7,42,0:610,note_on,0,29500,42.385046875,42,72,"{'type': 'note_on', 'time': 0, 'note': 22, 'velocity': 72, 'channel': 9}",-20,29520,246,-0.028735625,16,7,hiphop/groove6
16,8,36,0:612,note_on,70,29640,42.58619625,36,34,"{'type': 'note_on', 'time': 70, 'note': 36, 'velocity': 34, 'channel': 9}",0,29640,247,0.0,16,8,hiphop/groove6
16,9,42,0:615,note_on,0,29744,42.7356215,42,82,"{'type': 'note_on', 'time': 0, 'note': 22, 'velocity': 82, 'channel': 9}",-16,29760,248,-0.022988500000000002,16,9,hiphop/groove6
16,11,36,0:617,note_on,152,29967,43.056023718750005,36,37,"{'type': 'note_on', 'time': 152, 'note': 36, 'velocity': 37, 'channel': 9}",-33,30000,250,-0.04741378125,16,11,hiphop/groove6
16,13,36,0:619,note_on,169,30207,43.400851218750006,36,32,"{'type': 'note_on', 'time': 169, 'note': 36, 'velocity': 32, 'channel': 9}",-33,30240,252,-0.04741378125,16,13,hiphop/groove6
16,15,36,0:621,note_on,165,30442,43.7384948125,36,27,"{'type': 'note_on', 'time': 165, 'note': 36, 'velocity': 27, 'channel': 9}",-38,30480,254,-0.054597687500000006,16,15,hiphop/groove6
