bar_number,bar_beat_number,note,track_msg_num,msg_type,delta_ticks,total_ticks,total_seconds,note,velocity,raw_data,beat_offset,beat_center,file_beat_number,beat_offset_ms,bar_number,bar_beat_number,style
1,1,42,0:6,note_on,0,0,0.0,42,67,"{'type': 'note_on', 'time': 0, 'note': 42, 'velocity': 67, 'channel': 9}",0,0,0,0.0,1,1,soul/groove4
1,3,42,0:9,note_on,0,228,0.35625,42,89,"{'type': 'note_on', 'time': 0, 'note': 42, 'velocity': 89, 'channel': 9}",-12,240,2,-0.018750000000000003,1,3,soul/groove4
1,5,38,0:11,note_on,181,474,0.7406250000000001,38,106,"{'type': 'note_on', 'time': 181, 'note': 38, 'velocity': 106, 'channel': 9}",-6,480,4,-0.009375000000000001,1,5,soul/groove4
1,7,42,0:14,note_on,0,721,1.1265625000000001,42,78,"{'type': 'note_on', 'time': 0, 'note': 42, 'velocity': 78, 'channel': 9}",1,720,6,0.0015625,1,7,soul/groove4
1,8,42,0:17,note_on,0,843,1.3171875000000002,42,64,"{'type': 'note_on', 'time': 0, 'note': 42, 'velocity': 64, 'channel': 9}",3,840,7,0.004687500000000001,1,8,soul/groove4
1,9,36,0:19,note_on,64,972,1.51875,36,41,"{'type': 'note_on', 'time': 64, 'note': 36, 'velocity': 41, 'channel': 9}",12,960,8,0.018750000000000003,1,9,soul/groove4
1,10,42,0:22,note_on,0,1084,1.69375,42,52,"{'type': 'note_on', 'time': 0, 'note': 42, 'velocity': 52, 'channel': 9}",4,1080,9,0.00625,1,10,soul/groove4
1,11,42,0:25,note_on,0,1201,1.8765625000000001,42,99,"{'type': 'note_on', 'time': 0, 'note': 22, 'velocity': 99, 'channel': 9}",1,1200,10,0.0015625,1,11,soul/groove4
1,13,38,0:27,note_on,174,1440,2.25,38,101,"{'type': 'note_on', 'time': 174, 'note': 38, 'velocity': 101, 'channel': 9}",0,1440,12,0.0,1,13,soul/groove4
1,15,42,0:30,note_on,0,1698,2.653125,42,79,"{'type': 'note_on', 'time': 0, 'note': 42, 'velocity': 79, 'channel': 9}",18,1680,14,0.028125,1,15,soul/groove4
1,16,42,0:33,note_on,0,1802,2.8156250000000003,42,59,"{'type': 'note_on', 'time': 0, 'note': 42, 'velocity': 59, 'channel': 9}",2,1800,15,0.003125,1,16,soul/groove4
2,1,42,0:36,note_on,0,1927,3.0109375000000003,42,92,"{'type': 'note_on', 'time': 0, 'note': 42, 'velocity': 92, 'channel': 9}",7,1920,16,0.010937500000000001,2,1,soul/groove4
2,1,36,0:37,note_on,11,1938,3.028125,36,46,"{'type': 'note_on', 'time': 11, 'note': 36, 'velocity': 46, 'channel': 9}",18,1920,16,0.028125,2,1,soul/groove4
2,3,42,0:41,note_on,0,2176,3.4000000000000004,42,65,"{'type': 'note_on', 'time': 0, 'note': 42, 'velocity': 65, 'channel': 9}",16,2160,18,0.025,2,3,soul/groove4
2,5,38,0:43,note_on,189,2430,3.796875,38,108,"{'type': 'note_on', 'time': 189, 'note': 38, 'velocity': 108, 'channel': 9}",30,2400,20,0.046875,2,5,soul/groove4
2,7,42,0:46,note_on,0,2672,4.175,42,80,"{'type': 'note_on', 'time': 0, 'note': 42, 'velocity': 80, 'channel': 9}",32,2640,22,0.05,2,7,soul/groove4
2,8,42,0:49,note_on,0,2787,4.3546875,42,78,"{'type': 'note_on', 'time': 0, 'note': 42, 'velocity': 78, 'channel': 9}",27,2760,23,0.0421875,2,8,soul/groove4
2,9,36,0:51,note_on,57,2909,4.5453125000000005,36,40,"{'type': 'note_on', 'time': 57, 'note': 36, 'velocity': 40, 'channel': 9}",29,2880,24,0.045312500000000006,2,9,soul/groove4
2,10,42,0:54,note_on,0,3018,4.715625,42,71,"{'type': 'note_on', 'time': 0, 'note': 42, 'velocity': 71, 'channel': 9}",18,3000,25,0.028125,2,10,soul/groove4
2,11,42,0:57,note_on,0,3141,4.9078125,42,89,"{'type': 'note_on', 'time': 0, 'note': 42, 'velocity': 89, 'channel': 9}",21,3120,26,0.0328125,2,11,soul/groove4
2,13,38,0:59,note_on,171,3377,5.276562500000001,38,102,"{'type': 'note_on', 'time': 171, 'note': 38, 'velocity': 102, 'channel': 9}",17,3360,28,0.026562500000000003,2,13,soul/groove4
2,15,46,0:63,note_on,26,3606,5.634375,46,127,"{'type': 'note_on', 'time': 26, 'note': 46, 'velocity': 127, 'channel': 9}",6,3600,30,0.009375000000000001,2,15,soul/groove4
3,1,42,0:67,note_on,15,3852,6.018750000000001,42,64,"{'type': 'note_on', 'time': 15, 'note': 42, 'velocity': 64, 'channel': 9}",12,3840,32,0.018750000000000003,3,1,soul/groove4
3,1,36,0:68,note_on,2,3854,6.0218750000000005,36,47,"{'type': 'note_on', 'time': 2, 'note': 36, 'velocity': 47, 'channel': 9}",14,3840,32,0.021875000000000002,3,1,soul/groove4
3,3,42,0:74,note_on,0,4082,6.378125000000001,42,94,"{'type': 'note_on', 'time': 0, 'note': 42, 'velocity': 94, 'channel': 9}",2,4080,34,0.003125,3,3,soul/groove4
3,5,38,0:76,note_on,174,4321,6.7515625,38,111,"{'type': 'note_on', 'time': 174, 'note': 38, 'velocity': 111, 'channel': 9}",1,4320,36,0.0015625,3,5,soul/groove4
3,7,42,0:79,note_on,0,4569,7.1390625000000005,42,79,"{'type': 'note_on', 'time': 0, 'note': 42, 'velocity': 79, 'channel': 9}",9,4560,38,0.0140625,3,7,soul/groove4
3,8,42,0:82,note_on,0,4687,7.323437500000001,42,73,"{'type': 'note_on', 'time': 0, 'note': 42, 'velocity': 73, 'channel': 9}",7,4680,39,0.010937500000000001,3,8,soul/groove4
3,9,36,0:84,note_on,52,4804,7.5062500000000005,36,42,"{'type': 'note_on', 'time': 52, 'note': 36, 'velocity': 42, 'channel': 9}",4,4800,40,0.00625,3,9,soul/groove4
3,10,42,0:87,note_on,0,4925,7.6953125,42,53,"{'type': 'note_on', 'time': 0, 'note': 42, 'velocity': 53, 'channel': 9}",5,4920,41,0.0078125,3,10,soul/groove4
3,11,42,0:90,note_on,0,5038,7.871875,42,125,"{'type': 'note_on', 'time': 0, 'note': 22, 'velocity': 125, 'channel': 9}",-2,5040,42,-0.003125,3,11,soul/groove4
3,13,38,0:92,note_on,162,5265,8.2265625,38,105,"{'type': 'note_on', 'time': 162, 'note': 38, 'velocity': 105, 'channel': 9}",-15,5280,44,-0.0234375,3,13,soul/groove4
3,15,42,0:95,note_on,0,5513,8.614062500000001,42,66,"{'type': 'note_on', 'time': 0, 'note': 42, 'velocity': 66, 'channel': 9}",-7,5520,46,-0.010937500000000001,3,15,soul/groove4
3,16,42,0:98,note_on,0,5633,8.801562500000001,42,78,"{'type': 'note_on', 'time': 0, 'note': 42, 'velocity': 78, 'channel': 9}",-7,5640,47,-0.010937500000000001,3,16,soul/groove4
4,1,36,0:100,note_on,63,5761,9.0015625,36,45,"{'type': 'note_on', 'time': 63, 'note': 36, 'velocity': 45, 'channel': 9}",1,5760,48,0.0015625,4,1,soul/groove4
4,3,42,0:103,note_on,0,5976,9.3375,42,82,"{'type': 'note_on', 'time': 0, 'note': 42, 'velocity': 82, 'channel': 9}",-24,6000,50,-0.037500000000000006,4,3,soul/groove4
4,5,38,0:105,note_on,180,6221,9.7203125,38,100,"{'type': 'note_on', 'time': 180, 'note': 38, 'velocity': 100, 'channel': 9}",-19,6240,52,-0.029687500000000002,4,5,soul/groove4
4,7,42,0:108,note_on,0,6465,10.1015625,42,73,"{'type': 'note_on', 'time': 0, 'note': 42, 'velocity': 73, 'channel': 9}",-15,6480,54,-0.0234375,4,7,soul/groove4
4,8,42,0:111,note_on,0,6584,10.287500000000001,42,77,"{'type': 'note_on', 'time': 0, 'note': 42, 'velocity': 77, 'channel': 9}",-16,6600,55,-0.025,4,8,soul/groove4
4,9,36,0:113,note_on,54,6703,10.473437500000001,36,45,"{'type': 'note_on', 'time': 54, 'note': 36, 'velocity': 45, 'channel': 9}",-17,6720,56,-0.026562500000000003,4,9,soul/groove4
4,10,42,0:116,note_on,0,6822,10.659375,42,66,"{'type': 'note_on', 'time': 0, 'note': 42, 'velocity': 66, 'channel': 9}",-18,6840,57,-0.028125,4,10,soul/groove4
4,11,42,0:119,note_on,0,6943,10.848437500000001,42,84,"{'type': 'note_on', 'time': 0, 'note': 42, 'velocity': 84, 'channel': 9}",-17,6960,58,-0.026562500000000003,4,11,soul/groove4
4,13,38,0:121,note_on,180,7188,11.231250000000001,38,104,"{'type': 'note_on', 'time': 180, 'note': 38, 'velocity': 104, 'channel': 9}",-12,7200,60,-0.018750000000000003,4,13,soul/groove4
4,15,46,0:125,note_on,25,7426,11.603125,46,116,"{'type': 'note_on', 'time': 25, 'note': 46, 'velocity': 116, 'channel': 9}",-14,7440,62,-0.021875000000000002,4,15,soul/groove4
5,1,36,0:129,note_on,10,7676,11.99375,36,42,"{'type': 'note_on', 'time': 10, 'note': 36, 'velocity': 42, 'channel': 9}",-4,7680,64,-0.00625,5,1,soul/groove4
5,1,42,0:130,note_on,0,7676,11.99375,42,66,"{'type': 'note_on', 'time': 0, 'note': 42, 'velocity': 66, 'channel': 9}",-4,7680,64,-0.00625,5,1,soul/groove4
5,3,42,0:136,note_on,0,7917,12.3703125,42,106,"{'type': 'note_on', 'time': 0, 'note': 42, 'velocity': 106, 'channel': 9}",-3,7920,66,-0.004687500000000001,5,3,soul/groove4
5,5,38,0:138,note_on,167,8149,12.732812500000001,38,108,"{'type': 'note_on', 'time': 167, 'note': 38, 'velocity': 108, 'channel': 9}",-11,8160,68,-0.0171875,5,5,soul/groove4
5,7,42,0:141,note_on,0,8398,13.121875000000001,42,77,"{'type': 'note_on', 'time': 0, 'note': 42, 'velocity': 77, 'channel': 9}",-2,8400,70,-0.003125,5,7,soul/groove4
5,8,42,0:144,note_on,0,8516,13.30625,42,74,"{'type': 'note_on', 'time': 0, 'note': 42, 'velocity': 74, 'channel': 9}",-4,8520,71,-0.00625,5,8,soul/groove4
5,9,36,0:146,note_on,41,8622,13.471875,36,43,"{'type': 'note_on', 'time': 41, 'note': 36, 'velocity': 43, 'channel': 9}",-18,8640,72,-0.028125,5,9,soul/groove4
5,10,42,0:149,note_on,0,8756,13.68125,42,57,"{'type': 'note_on', 'time': 0, 'note': 42, 'velocity': 57, 'channel': 9}",-4,8760,73,-0.00625,5,10,soul/groove4
5,11,42,0:152,note_on,0,8873,13.864062500000001,42,118,"{'type': 'note_on', 'time': 0, 'note': 22, 'velocity': 118, 'channel': 9}",-7,8880,74,-0.010937500000000001,5,11,soul/groove4
5,13,38,0:154,note_on,180,9118,14.246875000000001,38,110,"{'type': 'note_on', 'time': 180, 'note': 38, 'velocity': 110, 'channel': 9}",-2,9120,76,-0.003125,5,13,soul/groove4
5,15,42,0:157,note_on,0,9364,14.631250000000001,42,67,"{'type': 'note_on', 'time': 0, 'note': 42, 'velocity': 67, 'channel': 9}",4,9360,78,0.00625,5,15,soul/groove4
5,16,42,0:160,note_on,0,9491,14.8296875,42,69,"{'type': 'note_on', 'time': 0, 'note': 42, 'velocity': 69, 'channel': 9}",11,9480,79,0.0171875,5,16,soul/groove4
6,1,36,0:162,note_on,48,9604,15.006250000000001,36,40,"{'type': 'note_on', 'time': 48, 'note': 36, 'velocity': 40, 'channel': 9}",4,9600,80,0.00625,6,1,soul/groove4
6,1,42,0:164,note_on,0,9610,15.015625,42,74,"{'type': 'note_on', 'time': 0, 'note': 42, 'velocity': 74, 'channel': 9}",10,9600,80,0.015625,6,1,soul/groove4
6,3,42,0:168,note_on,0,9850,15.390625,42,103,"{'type': 'note_on', 'time': 0, 'note': 42, 'velocity': 103, 'channel': 9}",10,9840,82,0.015625,6,3,soul/groove4
6,5,38,0:170,note_on,167,10082,15.753125,38,109,"{'type': 'note_on', 'time': 167, 'note': 38, 'velocity': 109, 'channel': 9}",2,10080,84,0.003125,6,5,soul/groove4
6,7,42,0:173,note_on,0,10336,16.150000000000002,42,70,"{'type': 'note_on', 'time': 0, 'note': 42, 'velocity': 70, 'channel': 9}",16,10320,86,0.025,6,7,soul/groove4
6,8,42,0:176,note_on,0,10449,16.3265625,42,69,"{'type': 'note_on', 'time': 0, 'note': 42, 'velocity': 69, 'channel': 9}",9,10440,87,0.0140625,6,8,soul/groove4
6,9,36,0:178,note_on,59,10573,16.5203125,36,44,"{'type': 'note_on', 'time': 59, 'note': 36, 'velocity': 44, 'channel': 9}",13,10560,88,0.0203125,6,9,soul/groove4
6,10,42,0:181,note_on,0,10686,16.696875000000002,42,59,"{'type': 'note_on', 'time': 0, 'note': 42, 'velocity': 59, 'channel': 9}",6,10680,89,0.009375000000000001,6,10,soul/groove4
6,11,46,0:184,note_on,23,10806,16.884375000000002,46,113,"{'type': 'note_on', 'time': 23, 'note': 26, 'velocity': 113, 'channel': 9}",6,10800,90,0.009375000000000001,6,11,soul/groove4
6,13,38,0:187,note_on,173,11043,17.2546875,38,109,"{'type': 'note_on', 'time': 173, 'note': 38, 'velocity': 109, 'channel': 9}",3,11040,92,0.004687500000000001,6,13,soul/groove4
6,15,46,0:190,note_on,8,11270,17.609375,46,111,"{'type': 'note_on', 'time': 8, 'note': 46, 'velocity': 111, 'channel': 9}",-10,11280,94,-0.015625,6,15,soul/groove4
7,1,36,0:195,note_on,16,11529,18.0140625,36,47,"{'type': 'note_on', 'time': 16, 'note': 36, 'velocity': 47, 'channel': 9}",9,11520,96,0.0140625,7,1,soul/groove4
7,1,42,0:196,note_on,0,11529,18.0140625,42,55,"{'type': 'note_on', 'time': 0, 'note': 42, 'velocity': 55, 'channel': 9}",9,11520,96,0.0140625,7,1,soul/groove4
7,3,42,0:202,note_on,0,11771,18.392187500000002,42,93,"{'type': 'note_on', 'time': 0, 'note': 42, 'velocity': 93, 'channel': 9}",11,11760,98,0.0171875,7,3,soul/groove4
7,5,38,0:204,note_on,175,12011,18.767187500000002,38,111,"{'type': 'note_on', 'time': 175, 'note': 38, 'velocity': 111, 'channel': 9}",11,12000,100,0.0171875,7,5,soul/groove4
7,7,42,0:207,note_on,0,12250,19.140625,42,81,"{'type': 'note_on', 'time': 0, 'note': 42, 'velocity': 81, 'channel': 9}",10,12240,102,0.015625,7,7,soul/groove4
7,8,42,0:210,note_on,0,12374,19.334375,42,74,"{'type': 'note_on', 'time': 0, 'note': 42, 'velocity': 74, 'channel': 9}",14,12360,103,0.021875000000000002,7,8,soul/groove4
7,9,36,0:212,note_on,64,12503,19.535937500000003,36,46,"{'type': 'note_on', 'time': 64, 'note': 36, 'velocity': 46, 'channel': 9}",23,12480,104,0.035937500000000004,7,9,soul/groove4
7,10,42,0:215,note_on,0,12612,19.70625,42,52,"{'type': 'note_on', 'time': 0, 'note': 42, 'velocity': 52, 'channel': 9}",12,12600,105,0.018750000000000003,7,10,soul/groove4
7,11,42,0:218,note_on,0,12728,19.887500000000003,42,104,"{'type': 'note_on', 'time': 0, 'note': 22, 'velocity': 104, 'channel': 9}",8,12720,106,0.0125,7,11,soul/groove4
7,13,38,0:220,note_on,165,12958,20.246875000000003,38,92,"{'type': 'note_on', 'time': 165, 'note': 40, 'velocity': 92, 'channel': 9}",-2,12960,108,-0.003125,7,13,soul/groove4
7,15,42,0:223,note_on,0,13197,20.6203125,42,66,"{'type': 'note_on', 'time': 0, 'note': 42, 'velocity': 66, 'channel': 9}",-3,13200,110,-0.004687500000000001,7,15,soul/groove4
7,16,42,0:226,note_on,0,13314,20.803125,42,58,"{'type': 'note_on', 'time': 0, 'note': 42, 'velocity': 58, 'channel': 9}",-6,13320,111,-0.009375000000000001,7,16,soul/groove4
8,1,42,0:229,note_on,0,13430,20.984375,42,107,"{'type': 'note_on', 'time': 0, 'note': 42, 'velocity': 107, 'channel': 9}",-10,13440,112,-0.015625,8,1,soul/groove4
8,1,36,0:230,note_on,7,13437,20.9953125,36,41,"{'type': 'note_on', 'time': 7, 'note': 36, 'velocity': 41, 'channel': 9}",-3,13440,112,-0.004687500000000001,8,1,soul/groove4
8,3,42,0:234,note_on,0,13679,21.3734375,42,86,"{'type': 'note_on', 'time': 0, 'note': 42, 'velocity': 86, 'channel': 9}",-1,13680,114,-0.0015625,8,3,soul/groove4
8,5,38,0:236,note_on,177,13921,21.751562500000002,38,105,"{'type': 'note_on', 'time': 177, 'note': 38, 'velocity': 105, 'channel': 9}",1,13920,116,0.0015625,8,5,soul/groove4
8,7,42,0:239,note_on,0,14167,22.1359375,42,80,"{'type': 'note_on', 'time': 0, 'note': 42, 'velocity': 80, 'channel': 9}",7,14160,118,0.010937500000000001,8,7,soul/groove4
8,8,42,0:242,note_on,0,14284,22.31875,42,76,"{'type': 'note_on', 'time': 0, 'note': 42, 'velocity': 76, 'channel': 9}",4,14280,119,0.00625,8,8,soul/groove4
8,9,36,0:244,note_on,59,14408,22.512500000000003,36,47,"{'type': 'note_on', 'time': 59, 'note': 36, 'velocity': 47, 'channel': 9}",8,14400,120,0.0125,8,9,soul/groove4
8,10,42,0:247,note_on,0,14518,22.684375000000003,42,55,"{'type': 'note_on', 'time': 0, 'note': 42, 'velocity': 55, 'channel': 9}",-2,14520,121,-0.003125,8,10,soul/groove4
8,11,42,0:250,note_on,0,14639,22.8734375,42,104,"{'type': 'note_on', 'time': 0, 'note': 42, 'velocity': 104, 'channel': 9}",-1,14640,122,-0.0015625,8,11,soul/groove4
8,13,38,0:252,note_on,169,14873,23.239062500000003,38,111,"{'type': 'note_on', 'time': 169, 'note': 38, 'velocity': 111, 'channel': 9}",-7,14880,124,-0.010937500000000001,8,13,soul/groove4
8,15,46,0:255,note_on,17,15118,23.621875000000003,46,122,"{'type': 'note_on', 'time': 17, 'note': 46, 'velocity': 122, 'channel': 9}",-2,15120,126,-0.003125,8,15,soul/groove4
9,1,36,0:260,note_on,14,15359,23.9984375,36,48,"{'type': 'note_on', 'time': 14, 'note': 36, 'velocity': 48, 'channel': 9}",-1,15360,128,-0.0015625,9,1,soul/groove4
9,3,42,0:265,note_on,0,15596,24.368750000000002,42,112,"{'type': 'note_on', 'time': 0, 'note': 42, 'velocity': 112, 'channel': 9}",-4,15600,130,-0.00625,9,3,soul/groove4
9,5,38,0:267,note_on,167,15828,24.731250000000003,38,96,"{'type': 'note_on', 'time': 167, 'note': 40, 'velocity': 96, 'channel': 9}",-12,15840,132,-0.018750000000000003,9,5,soul/groove4
9,7,42,0:270,note_on,0,16080,25.125,42,82,"{'type': 'note_on', 'time': 0, 'note': 42, 'velocity': 82, 'channel': 9}",0,16080,134,0.0,9,7,soul/groove4
9,8,42,0:273,note_on,0,16201,25.314062500000002,42,77,"{'type': 'note_on', 'time': 0, 'note': 42, 'velocity': 77, 'channel': 9}",1,16200,135,0.0015625,9,8,soul/groove4
9,9,36,0:275,note_on,58,16324,25.50625,36,45,"{'type': 'note_on', 'time': 58, 'note': 36, 'velocity': 45, 'channel': 9}",4,16320,136,0.00625,9,9,soul/groove4
9,10,42,0:278,note_on,0,16445,25.6953125,42,64,"{'type': 'note_on', 'time': 0, 'note': 42, 'velocity': 64, 'channel': 9}",5,16440,137,0.0078125,9,10,soul/groove4
9,11,42,0:281,note_on,0,16567,25.8859375,42,101,"{'type': 'note_on', 'time': 0, 'note': 42, 'velocity': 101, 'channel': 9}",7,16560,138,0.010937500000000001,9,11,soul/groove4
9,13,38,0:283,note_on,167,16799,26.2484375,38,99,"{'type': 'note_on', 'time': 167, 'note': 38, 'velocity': 99, 'channel': 9}",-1,16800,140,-0.0015625,9,13,soul/groove4
9,15,42,0:286,note_on,0,17040,26.625,42,63,"{'type': 'note_on', 'time': 0, 'note': 42, 'velocity': 63, 'channel': 9}",0,17040,142,0.0,9,15,soul/groove4
9,16,42,0:289,note_on,0,17157,26.8078125,42,51,"{'type': 'note_on', 'time': 0, 'note': 42, 'velocity': 51, 'channel': 9}",-3,17160,143,-0.004687500000000001,9,16,soul/groove4
10,1,42,0:292,note_on,0,17272,26.9875,42,104,"{'type': 'note_on', 'time': 0, 'note': 42, 'velocity': 104, 'channel': 9}",-8,17280,144,-0.0125,10,1,soul/groove4
10,1,36,0:293,note_on,4,17276,26.993750000000002,36,48,"{'type': 'note_on', 'time': 4, 'note': 36, 'velocity': 48, 'channel': 9}",-4,17280,144,-0.00625,10,1,soul/groove4
10,3,42,0:297,note_on,0,17514,27.365625,42,71,"{'type': 'note_on', 'time': 0, 'note': 42, 'velocity': 71, 'channel': 9}",-6,17520,146,-0.009375000000000001,10,3,soul/groove4
10,5,38,0:299,note_on,182,17761,27.751562500000002,38,106,"{'type': 'note_on', 'time': 182, 'note': 38, 'velocity': 106, 'channel': 9}",1,17760,148,0.0015625,10,5,soul/groove4
10,7,42,0:302,note_on,0,18001,28.126562500000002,42,76,"{'type': 'note_on', 'time': 0, 'note': 42, 'velocity': 76, 'channel': 9}",1,18000,150,0.0015625,10,7,soul/groove4
10,8,42,0:305,note_on,0,18118,28.309375000000003,42,102,"{'type': 'note_on', 'time': 0, 'note': 42, 'velocity': 102, 'channel': 9}",-2,18120,151,-0.003125,10,8,soul/groove4
10,9,36,0:307,note_on,62,18245,28.5078125,36,48,"{'type': 'note_on', 'time': 62, 'note': 36, 'velocity': 48, 'channel': 9}",5,18240,152,0.0078125,10,9,soul/groove4
10,10,42,0:310,note_on,0,18361,28.689062500000002,42,37,"{'type': 'note_on', 'time': 0, 'note': 42, 'velocity': 37, 'channel': 9}",1,18360,153,0.0015625,10,10,soul/groove4
10,11,38,0:312,note_on,35,18461,28.845312500000002,38,5,"{'type': 'note_on', 'time': 35, 'note': 38, 'velocity': 5, 'channel': 9}",-19,18480,154,-0.029687500000000002,10,11,soul/groove4
10,11,42,0:314,note_on,0,18478,28.871875000000003,42,108,"{'type': 'note_on', 'time': 0, 'note': 22, 'velocity': 108, 'channel': 9}",-2,18480,154,-0.003125,10,11,soul/groove4
10,13,38,0:317,note_on,166,18709,29.2328125,38,104,"{'type': 'note_on', 'time': 166, 'note': 38, 'velocity': 104, 'channel': 9}",-11,18720,156,-0.0171875,10,13,soul/groove4
10,15,46,0:320,note_on,0,18945,29.6015625,46,125,"{'type': 'note_on', 'time': 0, 'note': 46, 'velocity': 125, 'channel': 9}",-15,18960,158,-0.0234375,10,15,soul/groove4
11,1,36,0:324,note_on,9,19184,29.975,36,46,"{'type': 'note_on', 'time': 9, 'note': 36, 'velocity': 46, 'channel': 9}",-16,19200,160,-0.025,11,1,soul/groove4
11,1,42,0:325,note_on,9,19193,29.989062500000003,42,80,"{'type': 'note_on', 'time': 9, 'note': 42, 'velocity': 80, 'channel': 9}",-7,19200,160,-0.010937500000000001,11,1,soul/groove4
11,3,42,0:331,note_on,0,19425,30.3515625,42,117,"{'type': 'note_on', 'time': 0, 'note': 42, 'velocity': 117, 'channel': 9}",-15,19440,162,-0.0234375,11,3,soul/groove4
11,5,38,0:333,note_on,182,19672,30.7375,38,108,"{'type': 'note_on', 'time': 182, 'note': 38, 'velocity': 108, 'channel': 9}",-8,19680,164,-0.0125,11,5,soul/groove4
11,7,42,0:336,note_on,0,19912,31.1125,42,74,"{'type': 'note_on', 'time': 0, 'note': 42, 'velocity': 74, 'channel': 9}",-8,19920,166,-0.0125,11,7,soul/groove4
11,8,42,0:339,note_on,0,20031,31.298437500000002,42,89,"{'type': 'note_on', 'time': 0, 'note': 42, 'velocity': 89, 'channel': 9}",-9,20040,167,-0.0140625,11,8,soul/groove4
11,9,36,0:341,note_on,61,20157,31.4953125,36,49,"{'type': 'note_on', 'time': 61, 'note': 36, 'velocity': 49, 'channel': 9}",-3,20160,168,-0.004687500000000001,11,9,soul/groove4
11,10,42,0:344,note_on,0,20284,31.69375,42,58,"{'type': 'note_on', 'time': 0, 'note': 42, 'velocity': 58, 'channel': 9}",4,20280,169,0.00625,11,10,soul/groove4
11,11,42,0:347,note_on,0,20401,31.876562500000002,42,117,"{'type': 'note_on', 'time': 0, 'note': 22, 'velocity': 117, 'channel': 9}",1,20400,170,0.0015625,11,11,soul/groove4
11,13,38,0:349,note_on,180,20646,32.259375,38,105,"{'type': 'note_on', 'time': 180, 'note': 38, 'velocity': 105, 'channel': 9}",6,20640,172,0.009375000000000001,11,13,soul/groove4
11,15,42,0:352,note_on,0,20897,32.651562500000004,42,60,"{'type': 'note_on', 'time': 0, 'note': 42, 'velocity': 60, 'channel': 9}",17,20880,174,0.026562500000000003,11,15,soul/groove4
11,16,42,0:355,note_on,0,21017,32.839062500000004,42,77,"{'type': 'note_on', 'time': 0, 'note': 42, 'velocity': 77, 'channel': 9}",17,21000,175,0.026562500000000003,11,16,soul/groove4
12,1,36,0:357,note_on,60,21142,33.034375000000004,36,46,"{'type': 'note_on', 'time': 60, 'note': 36, 'velocity': 46, 'channel': 9}",22,21120,176,0.034375,12,1,soul/groove4
12,3,42,0:360,note_on,0,21361,33.3765625,42,87,"{'type': 'note_on', 'time': 0, 'note': 42, 'velocity': 87, 'channel': 9}",1,21360,178,0.0015625,12,3,soul/groove4
12,5,38,0:362,note_on,174,21600,33.75,38,110,"{'type': 'note_on', 'time': 174, 'note': 38, 'velocity': 110, 'channel': 9}",0,21600,180,0.0,12,5,soul/groove4
12,7,42,0:365,note_on,0,21841,34.1265625,42,79,"{'type': 'note_on', 'time': 0, 'note': 42, 'velocity': 79, 'channel': 9}",1,21840,182,0.0015625,12,7,soul/groove4
12,8,42,0:368,note_on,0,21966,34.321875,42,80,"{'type': 'note_on', 'time': 0, 'note': 42, 'velocity': 80, 'channel': 9}",6,21960,183,0.009375000000000001,12,8,soul/groove4
12,9,36,0:370,note_on,52,22083,34.5046875,36,47,"{'type': 'note_on', 'time': 52, 'note': 36, 'velocity': 47, 'channel': 9}",3,22080,184,0.004687500000000001,12,9,soul/groove4
12,10,42,0:373,note_on,0,22199,34.6859375,42,60,"{'type': 'note_on', 'time': 0, 'note': 42, 'velocity': 60, 'channel': 9}",-1,22200,185,-0.0015625,12,10,soul/groove4
12,11,42,0:376,note_on,0,22317,34.870312500000004,42,111,"{'type': 'note_on', 'time': 0, 'note': 22, 'velocity': 111, 'channel': 9}",-3,22320,186,-0.004687500000000001,12,11,soul/groove4
12,13,38,0:378,note_on,175,22557,35.245312500000004,38,109,"{'type': 'note_on', 'time': 175, 'note': 38, 'velocity': 109, 'channel': 9}",-3,22560,188,-0.004687500000000001,12,13,soul/groove4
12,15,46,0:382,note_on,0,22797,35.620312500000004,46,127,"{'type': 'note_on', 'time': 0, 'note': 46, 'velocity': 127, 'channel': 9}",-3,22800,190,-0.004687500000000001,12,15,soul/groove4
13,1,42,0:386,note_on,10,23035,35.9921875,42,62,"{'type': 'note_on', 'time': 10, 'note': 42, 'velocity': 62, 'channel': 9}",-5,23040,192,-0.0078125,13,1,soul/groove4
13,1,36,0:387,note_on,2,23037,35.995312500000004,36,52,"{'type': 'note_on', 'time': 2, 'note': 36, 'velocity': 52, 'channel': 9}",-3,23040,192,-0.004687500000000001,13,1,soul/groove4
13,3,42,0:393,note_on,0,23270,36.359375,42,113,"{'type': 'note_on', 'time': 0, 'note': 42, 'velocity': 113, 'channel': 9}",-10,23280,194,-0.015625,13,3,soul/groove4
13,5,38,0:395,note_on,184,23519,36.7484375,38,108,"{'type': 'note_on', 'time': 184, 'note': 38, 'velocity': 108, 'channel': 9}",-1,23520,196,-0.0015625,13,5,soul/groove4
13,7,42,0:398,note_on,0,23776,37.15,42,76,"{'type': 'note_on', 'time': 0, 'note': 42, 'velocity': 76, 'channel': 9}",16,23760,198,0.025,13,7,soul/groove4
13,8,42,0:401,note_on,0,23894,37.334375,42,67,"{'type': 'note_on', 'time': 0, 'note': 42, 'velocity': 67, 'channel': 9}",14,23880,199,0.021875000000000002,13,8,soul/groove4
13,9,36,0:403,note_on,55,24014,37.521875,36,47,"{'type': 'note_on', 'time': 55, 'note': 36, 'velocity': 47, 'channel': 9}",14,24000,200,0.021875000000000002,13,9,soul/groove4
13,10,42,0:406,note_on,0,24127,37.698437500000004,42,49,"{'type': 'note_on', 'time': 0, 'note': 42, 'velocity': 49, 'channel': 9}",7,24120,201,0.010937500000000001,13,10,soul/groove4
13,11,42,0:409,note_on,0,24240,37.875,42,125,"{'type': 'note_on', 'time': 0, 'note': 22, 'velocity': 125, 'channel': 9}",0,24240,202,0.0,13,11,soul/groove4
13,13,38,0:411,note_on,158,24463,38.2234375,38,111,"{'type': 'note_on', 'time': 158, 'note': 38, 'velocity': 111, 'channel': 9}",-17,24480,204,-0.026562500000000003,13,13,soul/groove4
13,15,42,0:414,note_on,0,24701,38.595312500000006,42,70,"{'type': 'note_on', 'time': 0, 'note': 42, 'velocity': 70, 'channel': 9}",-19,24720,206,-0.029687500000000002,13,15,soul/groove4
13,16,42,0:417,note_on,0,24823,38.7859375,42,84,"{'type': 'note_on', 'time': 0, 'note': 42, 'velocity': 84, 'channel': 9}",-17,24840,207,-0.026562500000000003,13,16,soul/groove4
14,1,36,0:419,note_on,71,24958,38.996875,36,41,"{'type': 'note_on', 'time': 71, 'note': 36, 'velocity': 41, 'channel': 9}",-2,24960,208,-0.003125,14,1,soul/groove4
14,3,42,0:422,note_on,0,25163,39.3171875,42,92,"{'type': 'note_on', 'time': 0, 'note': 42, 'velocity': 92, 'channel': 9}",-37,25200,210,-0.0578125,14,3,soul/groove4
14,5,38,0:424,note_on,187,25415,39.7109375,38,109,"{'type': 'note_on', 'time': 187, 'note': 38, 'velocity': 109, 'channel': 9}",-25,25440,212,-0.0390625,14,5,soul/groove4
14,7,42,0:427,note_on,0,25668,40.10625,42,68,"{'type': 'note_on', 'time': 0, 'note': 42, 'velocity': 68, 'channel': 9}",-12,25680,214,-0.018750000000000003,14,7,soul/groove4
14,8,42,0:430,note_on,0,25786,40.290625000000006,42,80,"{'type': 'note_on', 'time': 0, 'note': 42, 'velocity': 80, 'channel': 9}",-14,25800,215,-0.021875000000000002,14,8,soul/groove4
14,9,36,0:432,note_on,45,25896,40.462500000000006,36,44,"{'type': 'note_on', 'time': 45, 'note': 36, 'velocity': 44, 'channel': 9}",-24,25920,216,-0.037500000000000006,14,9,soul/groove4
14,10,42,0:435,note_on,0,26021,40.657812500000006,42,40,"{'type': 'note_on', 'time': 0, 'note': 42, 'velocity': 40, 'channel': 9}",-19,26040,217,-0.029687500000000002,14,10,soul/groove4
14,11,42,0:438,note_on,0,26136,40.837500000000006,42,120,"{'type': 'note_on', 'time': 0, 'note': 22, 'velocity': 120, 'channel': 9}",-24,26160,218,-0.037500000000000006,14,11,soul/groove4
14,13,38,0:440,note_on,172,26373,41.2078125,38,111,"{'type': 'note_on', 'time': 172, 'note': 38, 'velocity': 111, 'channel': 9}",-27,26400,220,-0.0421875,14,13,soul/groove4
14,15,46,0:444,note_on,0,26610,41.578125,46,127,"{'type': 'note_on', 'time': 0, 'note': 46, 'velocity': 127, 'channel': 9}",-30,26640,222,-0.046875,14,15,soul/groove4
15,1,36,0:449,note_on,11,26846,41.946875000000006,36,46,"{'type': 'note_on', 'time': 11, 'note': 36, 'velocity': 46, 'channel': 9}",-34,26880,224,-0.053125000000000006,15,1,soul/groove4
15,1,42,0:451,note_on,0,26860,41.96875,42,47,"{'type': 'note_on', 'time': 0, 'note': 42, 'velocity': 47, 'channel': 9}",-20,26880,224,-0.03125,15,1,soul/groove4
15,3,42,0:456,note_on,0,27087,42.323437500000004,42,106,"{'type': 'note_on', 'time': 0, 'note': 42, 'velocity': 106, 'channel': 9}",-33,27120,226,-0.051562500000000004,15,3,soul/groove4
15,5,38,0:458,note_on,180,27332,42.706250000000004,38,108,"{'type': 'note_on', 'time': 180, 'note': 38, 'velocity': 108, 'channel': 9}",-28,27360,228,-0.043750000000000004,15,5,soul/groove4
15,7,42,0:461,note_on,0,27599,43.1234375,42,66,"{'type': 'note_on', 'time': 0, 'note': 42, 'velocity': 66, 'channel': 9}",-1,27600,230,-0.0015625,15,7,soul/groove4
15,8,42,0:464,note_on,0,27712,43.300000000000004,42,81,"{'type': 'note_on', 'time': 0, 'note': 42, 'velocity': 81, 'channel': 9}",-8,27720,231,-0.0125,15,8,soul/groove4
15,9,36,0:466,note_on,65,27843,43.5046875,36,42,"{'type': 'note_on', 'time': 65, 'note': 36, 'velocity': 42, 'channel': 9}",3,27840,232,0.004687500000000001,15,9,soul/groove4
15,10,42,0:469,note_on,0,27968,43.7,42,50,"{'type': 'note_on', 'time': 0, 'note': 42, 'velocity': 50, 'channel': 9}",8,27960,233,0.0125,15,10,soul/groove4
15,11,42,0:472,note_on,0,28089,43.8890625,42,87,"{'type': 'note_on', 'time': 0, 'note': 42, 'velocity': 87, 'channel': 9}",9,28080,234,0.0140625,15,11,soul/groove4
15,13,38,0:474,note_on,171,28325,44.2578125,38,105,"{'type': 'note_on', 'time': 171, 'note': 38, 'velocity': 105, 'channel': 9}",5,28320,236,0.0078125,15,13,soul/groove4
15,15,42,0:477,note_on,0,28570,44.640625,42,67,"{'type': 'note_on', 'time': 0, 'note': 42, 'velocity': 67, 'channel': 9}",10,28560,238,0.015625,15,15,soul/groove4
15,16,42,0:480,note_on,0,28687,44.823437500000004,42,56,"{'type': 'note_on', 'time': 0, 'note': 42, 'velocity': 56, 'channel': 9}",7,28680,239,0.010937500000000001,15,16,soul/groove4
16,1,42,0:483,note_on,0,28807,45.010937500000004,42,124,"{'type': 'note_on', 'time': 0, 'note': 42, 'velocity': 124, 'channel': 9}",7,28800,240,0.010937500000000001,16,1,soul/groove4
16,1,36,0:484,note_on,6,28813,45.0203125,36,48,"{'type': 'note_on', 'time': 6, 'note': 36, 'velocity': 48, 'channel': 9}",13,28800,240,0.0203125,16,1,soul/groove4
16,3,42,0:488,note_on,0,29043,45.3796875,42,89,"{'type': 'note_on', 'time': 0, 'note': 42, 'velocity': 89, 'channel': 9}",3,29040,242,0.004687500000000001,16,3,soul/groove4
16,5,38,0:490,note_on,177,29285,45.7578125,38,109,"{'type': 'note_on', 'time': 177, 'note': 38, 'velocity': 109, 'channel': 9}",5,29280,244,0.0078125,16,5,soul/groove4
16,7,42,0:493,note_on,0,29535,46.1484375,42,80,"{'type': 'note_on', 'time': 0, 'note': 42, 'velocity': 80, 'channel': 9}",15,29520,246,0.0234375,16,7,soul/groove4
16,8,42,0:496,note_on,0,29657,46.339062500000004,42,100,"{'type': 'note_on', 'time': 0, 'note': 42, 'velocity': 100, 'channel': 9}",17,29640,247,0.026562500000000003,16,8,soul/groove4
16,9,36,0:498,note_on,50,29772,46.518750000000004,36,43,"{'type': 'note_on', 'time': 50, 'note': 36, 'velocity': 43, 'channel': 9}",12,29760,248,0.018750000000000003,16,9,soul/groove4
16,10,42,0:501,note_on,0,29888,46.7,42,55,"{'type': 'note_on', 'time': 0, 'note': 42, 'velocity': 55, 'channel': 9}",8,29880,249,0.0125,16,10,soul/groove4
16,11,42,0:504,note_on,0,30005,46.8828125,42,118,"{'type': 'note_on', 'time': 0, 'note': 22, 'velocity': 118, 'channel': 9}",5,30000,250,0.0078125,16,11,soul/groove4
16,13,38,0:506,note_on,174,30244,47.25625,38,108,"{'type': 'note_on', 'time': 174, 'note': 38, 'velocity': 108, 'channel': 9}",4,30240,252,0.00625,16,13,soul/groove4
16,15,46,0:509,note_on,13,30484,47.63125,46,127,"{'type': 'note_on', 'time': 13, 'note': 46, 'velocity': 127, 'channel': 9}",4,30480,254,0.00625,16,15,soul/groove4
