bar_number,bar_beat_number,note,track_msg_num,msg_type,delta_ticks,total_ticks,total_seconds,note,velocity,raw_data,beat_offset,beat_center,file_beat_number,beat_offset_ms,bar_number,bar_beat_number,style
1,1,36,0:6,note_on,0,0,0.0,36,47,"{'type': 'note_on', 'time': 0, 'note': 36, 'velocity': 47, 'channel': 9}",0,0,0,0.0,1,1,funk/groove1
1,1,51,0:7,note_on,0,0,0.0,51,113,"{'type': 'note_on', 'time': 0, 'note': 51, 'velocity': 113, 'channel': 9}",0,0,0,0.0,1,1,funk/groove1
1,3,51,0:10,note_on,132,241,0.21829729791666663,51,55,"{'type': 'note_on', 'time': 132, 'note': 51, 'velocity': 55, 'channel': 9}",1,240,2,0.0009057979166666666,1,3,funk/groove1
1,3,36,0:11,note_on,4,245,0.22192048958333332,36,43,"{'type': 'note_on', 'time': 4, 'note': 36, 'velocity': 43, 'channel': 9}",5,240,2,0.004528989583333333,1,3,funk/groove1
1,5,38,0:14,note_on,148,505,0.45742794791666663,38,108,"{'type': 'note_on', 'time': 148, 'note': 38, 'velocity': 108, 'channel': 9}",25,480,4,0.022644947916666665,1,5,funk/groove1
1,5,51,0:15,note_on,12,517,0.4682975229166666,51,127,"{'type': 'note_on', 'time': 12, 'note': 51, 'velocity': 127, 'channel': 9}",37,480,4,0.033514522916666664,1,5,funk/groove1
1,7,51,0:18,note_on,109,737,0.6675730645833333,51,57,"{'type': 'note_on', 'time': 109, 'note': 51, 'velocity': 57, 'channel': 9}",17,720,6,0.015398564583333331,1,7,funk/groove1
1,8,38,0:20,note_on,8,855,0.77445721875,38,62,"{'type': 'note_on', 'time': 8, 'note': 38, 'velocity': 62, 'channel': 9}",15,840,7,0.01358696875,1,8,funk/groove1
1,9,51,0:22,note_on,12,979,0.8867761604166666,51,94,"{'type': 'note_on', 'time': 12, 'note': 51, 'velocity': 94, 'channel': 9}",19,960,8,0.017210160416666665,1,9,funk/groove1
1,10,38,0:23,note_on,96,1075,0.9737327604166666,38,45,"{'type': 'note_on', 'time': 96, 'note': 38, 'velocity': 45, 'channel': 9}",-5,1080,9,-0.004528989583333333,1,10,funk/groove1
1,11,36,0:26,note_on,5,1191,1.07880531875,36,19,"{'type': 'note_on', 'time': 5, 'note': 36, 'velocity': 19, 'channel': 9}",-9,1200,10,-0.00815218125,1,11,funk/groove1
1,11,51,0:27,note_on,7,1198,1.0851459041666665,51,89,"{'type': 'note_on', 'time': 7, 'note': 51, 'velocity': 89, 'channel': 9}",-2,1200,10,-0.0018115958333333332,1,11,funk/groove1
1,12,36,0:29,note_on,6,1308,1.1847836749999998,36,38,"{'type': 'note_on', 'time': 6, 'note': 36, 'velocity': 38, 'channel': 9}",-12,1320,11,-0.010869575,1,12,funk/groove1
1,13,38,0:32,note_on,9,1428,1.293479425,38,104,"{'type': 'note_on', 'time': 9, 'note': 38, 'velocity': 104, 'channel': 9}",-12,1440,12,-0.010869575,1,13,funk/groove1
1,13,51,0:33,note_on,7,1435,1.2998200104166666,51,127,"{'type': 'note_on', 'time': 7, 'note': 51, 'velocity': 127, 'channel': 9}",-5,1440,12,-0.004528989583333333,1,13,funk/groove1
1,15,51,0:36,note_on,125,1671,1.5135883187499999,51,49,"{'type': 'note_on', 'time': 125, 'note': 51, 'velocity': 49, 'channel': 9}",-9,1680,14,-0.00815218125,1,15,funk/groove1
1,16,38,0:38,note_on,15,1798,1.6286246541666665,38,45,"{'type': 'note_on', 'time': 15, 'note': 38, 'velocity': 45, 'channel': 9}",-2,1800,15,-0.0018115958333333332,1,16,funk/groove1
2,1,36,0:40,note_on,3,1913,1.7327914145833332,36,45,"{'type': 'note_on', 'time': 3, 'note': 36, 'velocity': 45, 'channel': 9}",-7,1920,16,-0.006340585416666666,2,1,funk/groove1
2,1,51,0:41,note_on,8,1921,1.7400377979166666,51,127,"{'type': 'note_on', 'time': 8, 'note': 51, 'velocity': 127, 'channel': 9}",1,1920,16,0.0009057979166666666,2,1,funk/groove1
2,3,36,0:44,note_on,112,2144,1.942030733333333,36,50,"{'type': 'note_on', 'time': 112, 'note': 36, 'velocity': 50, 'channel': 9}",-16,2160,18,-0.014492766666666665,2,3,funk/groove1
2,3,51,0:45,note_on,12,2156,1.9529003083333332,51,71,"{'type': 'note_on', 'time': 12, 'note': 51, 'velocity': 71, 'channel': 9}",-4,2160,18,-0.0036231916666666663,2,3,funk/groove1
2,5,38,0:48,note_on,136,2403,2.17663239375,38,115,"{'type': 'note_on', 'time': 136, 'note': 40, 'velocity': 115, 'channel': 9}",3,2400,20,0.00271739375,2,5,funk/groove1
2,5,51,0:49,note_on,5,2408,2.181161383333333,51,127,"{'type': 'note_on', 'time': 5, 'note': 51, 'velocity': 127, 'channel': 9}",8,2400,20,0.007246383333333333,2,5,funk/groove1
2,7,51,0:52,note_on,115,2634,2.3858717124999997,51,60,"{'type': 'note_on', 'time': 115, 'note': 51, 'velocity': 60, 'channel': 9}",-6,2640,22,-0.0054347875,2,7,funk/groove1
2,8,38,0:54,note_on,22,2767,2.5063428354166666,38,45,"{'type': 'note_on', 'time': 22, 'note': 38, 'velocity': 45, 'channel': 9}",7,2760,23,0.006340585416666666,2,8,funk/groove1
2,9,51,0:56,note_on,9,2888,2.615944383333333,51,127,"{'type': 'note_on', 'time': 9, 'note': 51, 'velocity': 127, 'channel': 9}",8,2880,24,0.007246383333333333,2,9,funk/groove1
2,10,38,0:57,note_on,105,2993,2.711053164583333,38,41,"{'type': 'note_on', 'time': 105, 'note': 38, 'velocity': 41, 'channel': 9}",-7,3000,25,-0.006340585416666666,2,10,funk/groove1
2,11,51,0:60,note_on,6,3110,2.817031520833333,51,89,"{'type': 'note_on', 'time': 6, 'note': 51, 'velocity': 89, 'channel': 9}",-10,3120,26,-0.009057979166666666,2,11,funk/groove1
2,11,36,0:61,note_on,7,3117,2.82337210625,36,25,"{'type': 'note_on', 'time': 7, 'note': 36, 'velocity': 25, 'channel': 9}",-3,3120,26,-0.00271739375,2,11,funk/groove1
2,12,36,0:64,note_on,14,3243,2.93750264375,36,38,"{'type': 'note_on', 'time': 14, 'note': 36, 'velocity': 38, 'channel': 9}",3,3240,27,0.00271739375,2,12,funk/groove1
2,13,38,0:66,note_on,3,3357,3.0407636062499996,38,104,"{'type': 'note_on', 'time': 3, 'note': 38, 'velocity': 104, 'channel': 9}",-3,3360,28,-0.00271739375,2,13,funk/groove1
2,13,51,0:67,note_on,5,3362,3.0452925958333332,51,127,"{'type': 'note_on', 'time': 5, 'note': 51, 'velocity': 127, 'channel': 9}",2,3360,28,0.0018115958333333332,2,13,funk/groove1
2,15,51,0:70,note_on,127,3601,3.2617782979166665,51,55,"{'type': 'note_on', 'time': 127, 'note': 51, 'velocity': 55, 'channel': 9}",1,3600,30,0.0009057979166666666,2,15,funk/groove1
2,16,38,0:72,note_on,11,3723,3.3722856437499997,38,41,"{'type': 'note_on', 'time': 11, 'note': 38, 'velocity': 41, 'channel': 9}",3,3720,31,0.00271739375,2,16,funk/groove1
3,1,36,0:74,note_on,3,3837,3.4755466062499996,36,45,"{'type': 'note_on', 'time': 3, 'note': 36, 'velocity': 45, 'channel': 9}",-3,3840,32,-0.00271739375,3,1,funk/groove1
3,1,51,0:75,note_on,11,3848,3.485510383333333,51,127,"{'type': 'note_on', 'time': 11, 'note': 51, 'velocity': 127, 'channel': 9}",8,3840,32,0.007246383333333333,3,1,funk/groove1
3,3,51,0:78,note_on,121,4081,3.6965612979166664,51,68,"{'type': 'note_on', 'time': 121, 'note': 51, 'velocity': 68, 'channel': 9}",1,4080,34,0.0009057979166666666,3,3,funk/groove1
3,3,36,0:79,note_on,5,4086,3.7010902874999996,36,52,"{'type': 'note_on', 'time': 5, 'note': 36, 'velocity': 52, 'channel': 9}",6,4080,34,0.0054347875,3,3,funk/groove1
3,5,38,0:82,note_on,132,4329,3.9211991812499996,38,104,"{'type': 'note_on', 'time': 132, 'note': 40, 'velocity': 104, 'channel': 9}",9,4320,36,0.00815218125,3,5,funk/groove1
3,5,51,0:83,note_on,7,4336,3.9275397666666665,51,124,"{'type': 'note_on', 'time': 7, 'note': 51, 'velocity': 124, 'channel': 9}",16,4320,36,0.014492766666666665,3,5,funk/groove1
3,7,51,0:86,note_on,108,4556,4.126815308333333,51,59,"{'type': 'note_on', 'time': 108, 'note': 51, 'velocity': 59, 'channel': 9}",-4,4560,38,-0.0036231916666666663,3,7,funk/groove1
3,8,38,0:88,note_on,25,4692,4.250003824999999,38,42,"{'type': 'note_on', 'time': 25, 'note': 38, 'velocity': 42, 'channel': 9}",12,4680,39,0.010869575,3,8,funk/groove1
3,9,51,0:90,note_on,2,4805,4.352358989583333,51,127,"{'type': 'note_on', 'time': 2, 'note': 51, 'velocity': 127, 'channel': 9}",5,4800,40,0.004528989583333333,3,9,funk/groove1
3,11,51,0:92,note_on,117,5033,4.558880914583333,51,56,"{'type': 'note_on', 'time': 117, 'note': 51, 'velocity': 56, 'channel': 9}",-7,5040,42,-0.006340585416666666,3,11,funk/groove1
3,11,36,0:93,note_on,14,5047,4.571562085416666,36,56,"{'type': 'note_on', 'time': 14, 'note': 36, 'velocity': 56, 'channel': 9}",7,5040,42,0.006340585416666666,3,11,funk/groove1
3,13,51,0:96,note_on,123,5282,4.7844245958333325,51,127,"{'type': 'note_on', 'time': 123, 'note': 51, 'velocity': 127, 'channel': 9}",2,5280,44,0.0018115958333333332,3,13,funk/groove1
3,15,38,0:98,note_on,116,5510,4.990946520833333,38,98,"{'type': 'note_on', 'time': 116, 'note': 40, 'velocity': 98, 'channel': 9}",-10,5520,46,-0.009057979166666666,3,15,funk/groove1
3,15,51,0:99,note_on,15,5525,5.004533489583332,51,111,"{'type': 'note_on', 'time': 15, 'note': 51, 'velocity': 111, 'channel': 9}",5,5520,46,0.004528989583333333,3,15,funk/groove1
4,1,51,0:102,note_on,105,5742,5.201091637499999,51,66,"{'type': 'note_on', 'time': 105, 'note': 51, 'velocity': 66, 'channel': 9}",-18,5760,48,-0.0163043625,4,1,funk/groove1
4,2,38,0:104,note_on,3,5857,5.305258397916666,38,44,"{'type': 'note_on', 'time': 3, 'note': 38, 'velocity': 44, 'channel': 9}",-23,5880,49,-0.020833352083333333,4,2,funk/groove1
4,3,36,0:106,note_on,4,5972,5.409425158333333,36,28,"{'type': 'note_on', 'time': 4, 'note': 36, 'velocity': 28, 'channel': 9}",-28,6000,50,-0.025362341666666663,4,3,funk/groove1
4,3,51,0:107,note_on,11,5983,5.419388935416666,51,127,"{'type': 'note_on', 'time': 11, 'note': 51, 'velocity': 127, 'channel': 9}",-17,6000,50,-0.015398564583333331,4,3,funk/groove1
4,4,36,0:109,note_on,7,6090,5.5163093125,36,38,"{'type': 'note_on', 'time': 7, 'note': 36, 'velocity': 38, 'channel': 9}",-30,6120,51,-0.0271739375,4,4,funk/groove1
4,5,38,0:112,note_on,21,6223,5.636780435416666,38,99,"{'type': 'note_on', 'time': 21, 'note': 40, 'velocity': 99, 'channel': 9}",-17,6240,52,-0.015398564583333331,4,5,funk/groove1
4,5,51,0:113,note_on,2,6225,5.638592031249999,51,127,"{'type': 'note_on', 'time': 2, 'note': 51, 'velocity': 127, 'channel': 9}",-15,6240,52,-0.01358696875,4,5,funk/groove1
4,7,51,0:116,note_on,117,6454,5.846019754166666,51,62,"{'type': 'note_on', 'time': 117, 'note': 51, 'velocity': 62, 'channel': 9}",-26,6480,54,-0.02355074583333333,4,7,funk/groove1
4,8,38,0:118,note_on,28,6593,5.971925664583333,38,85,"{'type': 'note_on', 'time': 28, 'note': 37, 'velocity': 85, 'channel': 9}",-7,6600,55,-0.006340585416666666,4,8,funk/groove1
4,9,51,0:120,note_on,11,6715,6.082433010416666,51,110,"{'type': 'note_on', 'time': 11, 'note': 51, 'velocity': 110, 'channel': 9}",-5,6720,56,-0.004528989583333333,4,9,funk/groove1
4,10,38,0:122,note_on,6,6833,6.189317164583333,38,44,"{'type': 'note_on', 'time': 6, 'note': 38, 'velocity': 44, 'channel': 9}",-7,6840,57,-0.006340585416666666,4,10,funk/groove1
4,11,49,0:124,note_on,5,6950,6.295295520833332,49,107,"{'type': 'note_on', 'time': 5, 'note': 55, 'velocity': 107, 'channel': 9}",-10,6960,58,-0.009057979166666666,4,11,funk/groove1
4,11,36,0:125,note_on,5,6955,6.299824510416666,36,76,"{'type': 'note_on', 'time': 5, 'note': 36, 'velocity': 76, 'channel': 9}",-5,6960,58,-0.004528989583333333,4,11,funk/groove1
4,13,51,0:128,note_on,129,7195,6.517216010416666,51,51,"{'type': 'note_on', 'time': 129, 'note': 51, 'velocity': 51, 'channel': 9}",-5,7200,60,-0.004528989583333333,4,13,funk/groove1
4,15,38,0:130,note_on,143,7449,6.74728868125,38,127,"{'type': 'note_on', 'time': 143, 'note': 38, 'velocity': 127, 'channel': 9}",9,7440,62,0.00815218125,4,15,funk/groove1
4,15,51,0:131,note_on,7,7456,6.753629266666666,51,127,"{'type': 'note_on', 'time': 7, 'note': 51, 'velocity': 127, 'channel': 9}",16,7440,62,0.014492766666666665,4,15,funk/groove1
5,1,36,0:134,note_on,133,7700,6.974643958333333,36,57,"{'type': 'note_on', 'time': 133, 'note': 36, 'velocity': 57, 'channel': 9}",20,7680,64,0.01811595833333333,5,1,funk/groove1
5,1,51,0:135,note_on,7,7707,6.980984543749999,51,127,"{'type': 'note_on', 'time': 7, 'note': 51, 'velocity': 127, 'channel': 9}",27,7680,64,0.024456543749999997,5,1,funk/groove1
5,3,51,0:138,note_on,116,7935,7.18750646875,51,80,"{'type': 'note_on', 'time': 116, 'note': 51, 'velocity': 80, 'channel': 9}",15,7920,66,0.01358696875,5,3,funk/groove1
5,3,36,0:139,note_on,1,7936,7.188412266666666,36,53,"{'type': 'note_on', 'time': 1, 'note': 36, 'velocity': 53, 'channel': 9}",16,7920,66,0.014492766666666665,5,3,funk/groove1
5,5,38,0:142,note_on,126,8174,7.403992170833333,38,125,"{'type': 'note_on', 'time': 126, 'note': 40, 'velocity': 125, 'channel': 9}",14,8160,68,0.012681170833333331,5,5,funk/groove1
5,5,51,0:143,note_on,8,8182,7.411238554166666,51,120,"{'type': 'note_on', 'time': 8, 'note': 51, 'velocity': 120, 'channel': 9}",22,8160,68,0.019927554166666663,5,5,funk/groove1
5,7,51,0:146,note_on,114,8408,7.615948883333332,51,60,"{'type': 'note_on', 'time': 114, 'note': 51, 'velocity': 60, 'channel': 9}",8,8400,70,0.007246383333333333,5,7,funk/groove1
5,8,38,0:148,note_on,9,8528,7.724644633333333,38,70,"{'type': 'note_on', 'time': 9, 'note': 38, 'velocity': 70, 'channel': 9}",8,8520,71,0.007246383333333333,5,8,funk/groove1
5,9,51,0:150,note_on,15,8655,7.839680968749999,51,127,"{'type': 'note_on', 'time': 15, 'note': 51, 'velocity': 127, 'channel': 9}",15,8640,72,0.01358696875,5,9,funk/groove1
5,10,38,0:151,note_on,104,8759,7.933883952083333,38,41,"{'type': 'note_on', 'time': 104, 'note': 38, 'velocity': 41, 'channel': 9}",-1,8760,73,-0.0009057979166666666,5,10,funk/groove1
5,11,36,0:154,note_on,7,8877,8.040768106249999,36,21,"{'type': 'note_on', 'time': 7, 'note': 36, 'velocity': 21, 'channel': 9}",-3,8880,74,-0.00271739375,5,11,funk/groove1
5,11,51,0:155,note_on,11,8888,8.050731883333333,51,81,"{'type': 'note_on', 'time': 11, 'note': 51, 'velocity': 81, 'channel': 9}",8,8880,74,0.007246383333333333,5,11,funk/groove1
5,12,36,0:158,note_on,2,9001,8.153087047916665,36,41,"{'type': 'note_on', 'time': 2, 'note': 36, 'velocity': 41, 'channel': 9}",1,9000,75,0.0009057979166666666,5,12,funk/groove1
5,13,38,0:160,note_on,6,9118,8.259065404166666,38,110,"{'type': 'note_on', 'time': 6, 'note': 38, 'velocity': 110, 'channel': 9}",-2,9120,76,-0.0018115958333333332,5,13,funk/groove1
5,13,51,0:161,note_on,10,9128,8.268123383333332,51,127,"{'type': 'note_on', 'time': 10, 'note': 51, 'velocity': 127, 'channel': 9}",8,9120,76,0.007246383333333333,5,13,funk/groove1
5,15,51,0:164,note_on,122,9361,8.479174297916666,51,48,"{'type': 'note_on', 'time': 122, 'note': 51, 'velocity': 48, 'channel': 9}",1,9360,78,0.0009057979166666666,5,15,funk/groove1
5,16,38,0:165,note_on,111,9472,8.579717866666666,38,44,"{'type': 'note_on', 'time': 111, 'note': 38, 'velocity': 44, 'channel': 9}",-8,9480,79,-0.007246383333333333,5,16,funk/groove1
6,1,51,0:168,note_on,16,9599,8.694754202083333,51,127,"{'type': 'note_on', 'time': 16, 'note': 51, 'velocity': 127, 'channel': 9}",-1,9600,80,-0.0009057979166666666,6,1,funk/groove1
6,1,36,0:169,note_on,5,9604,8.699283191666666,36,55,"{'type': 'note_on', 'time': 5, 'note': 36, 'velocity': 55, 'channel': 9}",4,9600,80,0.0036231916666666663,6,1,funk/groove1
6,3,36,0:172,note_on,128,9843,8.915768893749998,36,49,"{'type': 'note_on', 'time': 128, 'note': 36, 'velocity': 49, 'channel': 9}",3,9840,82,0.00271739375,6,3,funk/groove1
6,3,51,0:173,note_on,4,9847,8.919392085416666,51,48,"{'type': 'note_on', 'time': 4, 'note': 51, 'velocity': 48, 'channel': 9}",7,9840,82,0.006340585416666666,6,3,funk/groove1
6,5,38,0:176,note_on,123,10082,9.132254595833333,38,106,"{'type': 'note_on', 'time': 123, 'note': 40, 'velocity': 106, 'channel': 9}",2,10080,84,0.0018115958333333332,6,5,funk/groove1
6,5,51,0:177,note_on,3,10085,9.134971989583333,51,127,"{'type': 'note_on', 'time': 3, 'note': 51, 'velocity': 127, 'channel': 9}",5,10080,84,0.004528989583333333,6,5,funk/groove1
6,7,51,0:180,note_on,120,10316,9.344211308333332,51,67,"{'type': 'note_on', 'time': 120, 'note': 51, 'velocity': 67, 'channel': 9}",-4,10320,86,-0.0036231916666666663,6,7,funk/groove1
6,8,38,0:182,note_on,26,10453,9.468305622916665,38,59,"{'type': 'note_on', 'time': 26, 'note': 38, 'velocity': 59, 'channel': 9}",13,10440,87,0.011775372916666665,6,8,funk/groove1
6,9,51,0:184,note_on,11,10575,9.578812968749999,51,127,"{'type': 'note_on', 'time': 11, 'note': 51, 'velocity': 127, 'channel': 9}",15,10560,88,0.01358696875,6,9,funk/groove1
6,10,38,0:185,note_on,109,10684,9.677544941666666,38,54,"{'type': 'note_on', 'time': 109, 'note': 38, 'velocity': 54, 'channel': 9}",4,10680,89,0.0036231916666666663,6,10,funk/groove1
6,11,51,0:188,note_on,13,10808,9.789863883333332,51,84,"{'type': 'note_on', 'time': 13, 'note': 51, 'velocity': 84, 'channel': 9}",8,10800,90,0.007246383333333333,6,11,funk/groove1
6,11,36,0:189,note_on,18,10826,9.806168245833332,36,31,"{'type': 'note_on', 'time': 18, 'note': 36, 'velocity': 31, 'channel': 9}",26,10800,90,0.02355074583333333,6,11,funk/groove1
6,12,36,0:192,note_on,3,10941,9.91033500625,36,35,"{'type': 'note_on', 'time': 3, 'note': 36, 'velocity': 35, 'channel': 9}",21,10920,91,0.019021756249999997,6,12,funk/groove1
6,13,38,0:193,note_on,101,11042,10.001820595833331,38,110,"{'type': 'note_on', 'time': 101, 'note': 38, 'velocity': 110, 'channel': 9}",2,11040,92,0.0018115958333333332,6,13,funk/groove1
6,13,51,0:194,note_on,7,11049,10.00816118125,51,127,"{'type': 'note_on', 'time': 7, 'note': 51, 'velocity': 127, 'channel': 9}",9,11040,92,0.00815218125,6,13,funk/groove1
6,15,51,0:198,note_on,133,11293,10.229175872916665,51,66,"{'type': 'note_on', 'time': 133, 'note': 51, 'velocity': 66, 'channel': 9}",13,11280,94,0.011775372916666665,6,15,funk/groove1
6,16,38,0:199,note_on,112,11405,10.330625239583332,38,51,"{'type': 'note_on', 'time': 112, 'note': 38, 'velocity': 51, 'channel': 9}",5,11400,95,0.004528989583333333,6,16,funk/groove1
7,1,36,0:201,note_on,107,11512,10.427545616666666,36,46,"{'type': 'note_on', 'time': 107, 'note': 36, 'velocity': 46, 'channel': 9}",-8,11520,96,-0.007246383333333333,7,1,funk/groove1
7,1,51,0:203,note_on,16,11532,10.445661574999999,51,127,"{'type': 'note_on', 'time': 16, 'note': 51, 'velocity': 127, 'channel': 9}",12,11520,96,0.010869575,7,1,funk/groove1
7,3,36,0:206,note_on,113,11756,10.648560308333332,36,53,"{'type': 'note_on', 'time': 113, 'note': 36, 'velocity': 53, 'channel': 9}",-4,11760,98,-0.0036231916666666663,7,3,funk/groove1
7,3,51,0:207,note_on,5,11761,10.653089297916665,51,83,"{'type': 'note_on', 'time': 5, 'note': 51, 'velocity': 83, 'channel': 9}",1,11760,98,0.0009057979166666666,7,3,funk/groove1
7,5,38,0:210,note_on,133,12005,10.874103989583332,38,106,"{'type': 'note_on', 'time': 133, 'note': 40, 'velocity': 106, 'channel': 9}",5,12000,100,0.004528989583333333,7,5,funk/groove1
7,5,51,0:211,note_on,5,12010,10.878632979166666,51,127,"{'type': 'note_on', 'time': 5, 'note': 51, 'velocity': 127, 'channel': 9}",10,12000,100,0.009057979166666666,7,5,funk/groove1
7,7,51,0:214,note_on,116,12237,11.084249106249999,51,62,"{'type': 'note_on', 'time': 116, 'note': 51, 'velocity': 62, 'channel': 9}",-3,12240,102,-0.00271739375,7,7,funk/groove1
7,8,38,0:216,note_on,18,12366,11.201097037499999,38,43,"{'type': 'note_on', 'time': 18, 'note': 38, 'velocity': 43, 'channel': 9}",6,12360,103,0.0054347875,7,8,funk/groove1
7,9,51,0:218,note_on,1,12479,11.303452202083331,51,127,"{'type': 'note_on', 'time': 1, 'note': 51, 'velocity': 127, 'channel': 9}",-1,12480,104,-0.0009057979166666666,7,9,funk/groove1
7,11,51,0:220,note_on,118,12709,11.511785722916665,51,68,"{'type': 'note_on', 'time': 118, 'note': 51, 'velocity': 68, 'channel': 9}",-11,12720,106,-0.009963777083333332,7,11,funk/groove1
7,11,36,0:221,note_on,12,12721,11.522655297916666,36,58,"{'type': 'note_on', 'time': 12, 'note': 36, 'velocity': 58, 'channel': 9}",1,12720,106,0.0009057979166666666,7,11,funk/groove1
7,13,51,0:224,note_on,128,12960,11.739140999999998,51,127,"{'type': 'note_on', 'time': 128, 'note': 51, 'velocity': 127, 'channel': 9}",0,12960,108,0.0,7,13,funk/groove1
7,15,38,0:226,note_on,122,13193,11.950191914583332,38,104,"{'type': 'note_on', 'time': 122, 'note': 40, 'velocity': 104, 'channel': 9}",-7,13200,110,-0.006340585416666666,7,15,funk/groove1
7,15,51,0:227,note_on,13,13206,11.961967287499998,51,111,"{'type': 'note_on', 'time': 13, 'note': 51, 'velocity': 111, 'channel': 9}",6,13200,110,0.0054347875,7,15,funk/groove1
8,1,51,0:230,note_on,120,13437,12.17120660625,51,59,"{'type': 'note_on', 'time': 120, 'note': 51, 'velocity': 59, 'channel': 9}",-3,13440,112,-0.00271739375,8,1,funk/groove1
8,2,38,0:232,note_on,1,13549,12.272655972916665,38,49,"{'type': 'note_on', 'time': 1, 'note': 38, 'velocity': 49, 'channel': 9}",-11,13560,113,-0.009963777083333332,8,2,funk/groove1
8,3,36,0:233,note_on,102,13651,12.365047360416666,36,24,"{'type': 'note_on', 'time': 102, 'note': 36, 'velocity': 24, 'channel': 9}",-29,13680,114,-0.026268139583333332,8,3,funk/groove1
8,3,51,0:235,note_on,17,13677,12.388598106249999,51,127,"{'type': 'note_on', 'time': 17, 'note': 51, 'velocity': 127, 'channel': 9}",-3,13680,114,-0.00271739375,8,3,funk/groove1
8,4,36,0:236,note_on,71,13748,12.452909758333332,36,34,"{'type': 'note_on', 'time': 71, 'note': 36, 'velocity': 34, 'channel': 9}",-52,13800,115,-0.04710149166666666,8,4,funk/groove1
8,5,38,0:240,note_on,128,13915,12.604178010416666,38,119,"{'type': 'note_on', 'time': 128, 'note': 38, 'velocity': 119, 'channel': 9}",-5,13920,116,-0.004528989583333333,8,5,funk/groove1
8,5,51,0:241,note_on,13,13928,12.615953383333332,51,127,"{'type': 'note_on', 'time': 13, 'note': 51, 'velocity': 127, 'channel': 9}",8,13920,116,0.007246383333333333,8,5,funk/groove1
8,7,51,0:244,note_on,111,14150,12.817040520833332,51,69,"{'type': 'note_on', 'time': 111, 'note': 51, 'velocity': 69, 'channel': 9}",-10,14160,118,-0.009057979166666666,8,7,funk/groove1
8,8,38,0:246,note_on,12,14273,12.928453664583332,38,113,"{'type': 'note_on', 'time': 12, 'note': 40, 'velocity': 113, 'channel': 9}",-7,14280,119,-0.006340585416666666,8,8,funk/groove1
8,9,51,0:248,note_on,10,14393,13.037149414583332,51,110,"{'type': 'note_on', 'time': 10, 'note': 51, 'velocity': 110, 'channel': 9}",-7,14400,120,-0.006340585416666666,8,9,funk/groove1
8,10,38,0:250,note_on,20,14524,13.155808941666665,38,42,"{'type': 'note_on', 'time': 20, 'note': 38, 'velocity': 42, 'channel': 9}",4,14520,121,0.0036231916666666663,8,10,funk/groove1
8,11,49,0:252,note_on,7,14642,13.262693095833333,49,114,"{'type': 'note_on', 'time': 7, 'note': 55, 'velocity': 114, 'channel': 9}",2,14640,122,0.0018115958333333332,8,11,funk/groove1
8,11,36,0:253,note_on,7,14649,13.269033681249999,36,81,"{'type': 'note_on', 'time': 7, 'note': 36, 'velocity': 81, 'channel': 9}",9,14640,122,0.00815218125,8,11,funk/groove1
8,13,51,0:256,note_on,111,14872,13.471026616666665,51,54,"{'type': 'note_on', 'time': 111, 'note': 51, 'velocity': 54, 'channel': 9}",-8,14880,124,-0.007246383333333333,8,13,funk/groove1
8,15,38,0:258,note_on,151,15135,13.709251468749999,38,124,"{'type': 'note_on', 'time': 151, 'note': 38, 'velocity': 124, 'channel': 9}",15,15120,126,0.01358696875,8,15,funk/groove1
8,15,51,0:259,note_on,6,15141,13.71468625625,51,127,"{'type': 'note_on', 'time': 6, 'note': 51, 'velocity': 127, 'channel': 9}",21,15120,126,0.019021756249999997,8,15,funk/groove1
9,1,36,0:262,note_on,138,15390,13.940229937499998,36,58,"{'type': 'note_on', 'time': 138, 'note': 36, 'velocity': 58, 'channel': 9}",30,15360,128,0.0271739375,9,1,funk/groove1
9,1,51,0:263,note_on,2,15392,13.942041533333333,51,127,"{'type': 'note_on', 'time': 2, 'note': 51, 'velocity': 127, 'channel': 9}",32,15360,128,0.02898553333333333,9,1,funk/groove1
9,3,51,0:266,note_on,109,15613,14.142222872916665,51,47,"{'type': 'note_on', 'time': 109, 'note': 53, 'velocity': 47, 'channel': 9}",13,15600,130,0.011775372916666665,9,3,funk/groove1
9,3,36,0:267,note_on,2,15615,14.144034468749998,36,55,"{'type': 'note_on', 'time': 2, 'note': 36, 'velocity': 55, 'channel': 9}",15,15600,130,0.01358696875,9,3,funk/groove1
9,5,38,0:270,note_on,121,15847,14.354179585416665,38,127,"{'type': 'note_on', 'time': 121, 'note': 40, 'velocity': 127, 'channel': 9}",7,15840,132,0.006340585416666666,9,5,funk/groove1
9,5,51,0:271,note_on,7,15854,14.360520170833333,51,127,"{'type': 'note_on', 'time': 7, 'note': 51, 'velocity': 127, 'channel': 9}",14,15840,132,0.012681170833333331,9,5,funk/groove1
9,7,51,0:274,note_on,104,16070,14.556172520833332,51,70,"{'type': 'note_on', 'time': 104, 'note': 51, 'velocity': 70, 'channel': 9}",-10,16080,134,-0.009057979166666666,9,7,funk/groove1
9,8,38,0:276,note_on,32,16214,14.686607420833331,38,87,"{'type': 'note_on', 'time': 32, 'note': 38, 'velocity': 87, 'channel': 9}",14,16200,135,0.012681170833333331,9,8,funk/groove1
9,9,51,0:278,note_on,8,16333,14.794397372916665,51,127,"{'type': 'note_on', 'time': 8, 'note': 51, 'velocity': 127, 'channel': 9}",13,16320,136,0.011775372916666665,9,9,funk/groove1
9,10,38,0:280,note_on,4,16449,14.899469931249998,38,44,"{'type': 'note_on', 'time': 4, 'note': 38, 'velocity': 44, 'channel': 9}",9,16440,137,0.00815218125,9,10,funk/groove1
9,11,36,0:281,note_on,105,16554,14.9945787125,36,31,"{'type': 'note_on', 'time': 105, 'note': 36, 'velocity': 31, 'channel': 9}",-6,16560,138,-0.0054347875,9,11,funk/groove1
9,11,51,0:283,note_on,9,16569,15.008165681249999,51,72,"{'type': 'note_on', 'time': 9, 'note': 53, 'velocity': 72, 'channel': 9}",9,16560,138,0.00815218125,9,11,funk/groove1
9,12,36,0:286,note_on,3,16683,15.111426643749999,36,46,"{'type': 'note_on', 'time': 3, 'note': 36, 'velocity': 46, 'channel': 9}",3,16680,139,0.00271739375,9,12,funk/groove1
9,13,38,0:287,note_on,105,16788,15.206535424999998,38,125,"{'type': 'note_on', 'time': 105, 'note': 38, 'velocity': 125, 'channel': 9}",-12,16800,140,-0.010869575,9,13,funk/groove1
9,13,51,0:289,note_on,6,16801,15.218310797916665,51,127,"{'type': 'note_on', 'time': 6, 'note': 51, 'velocity': 127, 'channel': 9}",1,16800,140,0.0009057979166666666,9,13,funk/groove1
9,15,51,0:292,note_on,136,17049,15.442948681249998,51,67,"{'type': 'note_on', 'time': 136, 'note': 51, 'velocity': 67, 'channel': 9}",9,17040,142,0.00815218125,9,15,funk/groove1
9,16,38,0:294,note_on,14,17174,15.556173420833332,38,49,"{'type': 'note_on', 'time': 14, 'note': 38, 'velocity': 49, 'channel': 9}",14,17160,143,0.012681170833333331,9,16,funk/groove1
10,1,36,0:296,note_on,9,17295,15.665774968749998,36,52,"{'type': 'note_on', 'time': 9, 'note': 36, 'velocity': 52, 'channel': 9}",15,17280,144,0.01358696875,10,1,funk/groove1
10,1,51,0:297,note_on,2,17297,15.667586564583331,51,127,"{'type': 'note_on', 'time': 2, 'note': 51, 'velocity': 127, 'channel': 9}",17,17280,144,0.015398564583333331,10,1,funk/groove1
10,3,36,0:300,note_on,118,17525,15.874108489583332,36,57,"{'type': 'note_on', 'time': 118, 'note': 36, 'velocity': 57, 'channel': 9}",5,17520,146,0.004528989583333333,10,3,funk/groove1
10,3,51,0:301,note_on,10,17535,15.883166468749998,51,58,"{'type': 'note_on', 'time': 10, 'note': 51, 'velocity': 58, 'channel': 9}",15,17520,146,0.01358696875,10,3,funk/groove1
10,5,38,0:304,note_on,123,17770,16.096028979166665,38,121,"{'type': 'note_on', 'time': 123, 'note': 40, 'velocity': 121, 'channel': 9}",10,17760,148,0.009057979166666666,10,5,funk/groove1
10,5,51,0:305,note_on,8,17778,16.1032753625,51,127,"{'type': 'note_on', 'time': 8, 'note': 51, 'velocity': 127, 'channel': 9}",18,17760,148,0.0163043625,10,5,funk/groove1
10,7,51,0:308,note_on,119,18008,16.31160888333333,51,77,"{'type': 'note_on', 'time': 119, 'note': 51, 'velocity': 77, 'channel': 9}",8,18000,150,0.007246383333333333,10,7,funk/groove1
10,8,38,0:310,note_on,28,18147,16.437514793749997,38,108,"{'type': 'note_on', 'time': 28, 'note': 38, 'velocity': 108, 'channel': 9}",27,18120,151,0.024456543749999997,10,8,funk/groove1
10,9,51,0:312,note_on,10,18268,16.547116341666666,51,127,"{'type': 'note_on', 'time': 10, 'note': 51, 'velocity': 127, 'channel': 9}",28,18240,152,0.025362341666666663,10,9,funk/groove1
10,10,38,0:314,note_on,8,18388,16.655812091666665,38,59,"{'type': 'note_on', 'time': 8, 'note': 38, 'velocity': 59, 'channel': 9}",28,18360,153,0.025362341666666663,10,10,funk/groove1
10,11,36,0:315,note_on,104,18492,16.750015074999997,36,27,"{'type': 'note_on', 'time': 104, 'note': 36, 'velocity': 27, 'channel': 9}",12,18480,154,0.010869575,10,11,funk/groove1
10,11,51,0:317,note_on,19,18518,16.773565820833333,51,87,"{'type': 'note_on', 'time': 19, 'note': 53, 'velocity': 87, 'channel': 9}",38,18480,154,0.03442032083333333,10,11,funk/groove1
10,12,36,0:319,note_on,16,18619,16.865051410416665,36,50,"{'type': 'note_on', 'time': 16, 'note': 36, 'velocity': 50, 'channel': 9}",19,18600,155,0.017210160416666665,10,12,funk/groove1
10,13,38,0:322,note_on,22,18753,16.98642833125,38,119,"{'type': 'note_on', 'time': 22, 'note': 40, 'velocity': 119, 'channel': 9}",33,18720,156,0.029891331249999997,10,13,funk/groove1
10,15,51,0:328,note_on,121,18997,17.207443022916664,51,71,"{'type': 'note_on', 'time': 121, 'note': 51, 'velocity': 71, 'channel': 9}",37,18960,158,0.033514522916666664,10,15,funk/groove1
10,16,38,0:330,note_on,5,19112,17.31160978333333,38,50,"{'type': 'note_on', 'time': 5, 'note': 38, 'velocity': 50, 'channel': 9}",32,19080,159,0.02898553333333333,10,16,funk/groove1
11,1,36,0:331,note_on,109,19221,17.41034175625,36,56,"{'type': 'note_on', 'time': 109, 'note': 36, 'velocity': 56, 'channel': 9}",21,19200,160,0.019021756249999997,11,1,funk/groove1
11,1,51,0:333,note_on,14,19237,17.424834522916665,51,127,"{'type': 'note_on', 'time': 14, 'note': 51, 'velocity': 127, 'channel': 9}",37,19200,160,0.033514522916666664,11,1,funk/groove1
11,3,36,0:336,note_on,113,19461,17.62773325625,36,58,"{'type': 'note_on', 'time': 113, 'note': 36, 'velocity': 58, 'channel': 9}",21,19440,162,0.019021756249999997,11,3,funk/groove1
11,3,51,0:337,note_on,8,19469,17.63497963958333,51,81,"{'type': 'note_on', 'time': 8, 'note': 53, 'velocity': 81, 'channel': 9}",29,19440,162,0.026268139583333332,11,3,funk/groove1
11,5,38,0:340,note_on,118,19698,17.842407362499998,38,105,"{'type': 'note_on', 'time': 118, 'note': 40, 'velocity': 105, 'channel': 9}",18,19680,164,0.0163043625,11,5,funk/groove1
11,5,51,0:341,note_on,13,19711,17.854182735416664,51,127,"{'type': 'note_on', 'time': 13, 'note': 51, 'velocity': 127, 'channel': 9}",31,19680,164,0.028079735416666664,11,5,funk/groove1
11,7,51,0:344,note_on,107,19930,18.052552479166664,51,71,"{'type': 'note_on', 'time': 107, 'note': 51, 'velocity': 71, 'channel': 9}",10,19920,166,0.009057979166666666,11,7,funk/groove1
11,8,38,0:345,note_on,102,20032,18.144943866666665,38,54,"{'type': 'note_on', 'time': 102, 'note': 38, 'velocity': 54, 'channel': 9}",-8,20040,167,-0.007246383333333333,11,8,funk/groove1
11,9,51,0:348,note_on,28,20171,18.27084977708333,51,127,"{'type': 'note_on', 'time': 28, 'note': 51, 'velocity': 127, 'channel': 9}",11,20160,168,0.009963777083333332,11,9,funk/groove1
11,11,36,0:350,note_on,104,20386,18.465596329166665,36,64,"{'type': 'note_on', 'time': 104, 'note': 36, 'velocity': 64, 'channel': 9}",-14,20400,170,-0.012681170833333331,11,11,funk/groove1
11,11,51,0:351,note_on,22,20408,18.485523883333332,51,93,"{'type': 'note_on', 'time': 22, 'note': 51, 'velocity': 93, 'channel': 9}",8,20400,170,0.007246383333333333,11,11,funk/groove1
11,13,51,0:354,note_on,138,20656,18.710161766666666,51,81,"{'type': 'note_on', 'time': 138, 'note': 53, 'velocity': 81, 'channel': 9}",16,20640,172,0.014492766666666665,11,13,funk/groove1
11,15,38,0:356,note_on,130,20897,18.928459064583333,38,123,"{'type': 'note_on', 'time': 130, 'note': 38, 'velocity': 123, 'channel': 9}",17,20880,174,0.015398564583333331,11,15,funk/groove1
11,15,51,0:357,note_on,12,20909,18.93932863958333,51,127,"{'type': 'note_on', 'time': 12, 'note': 51, 'velocity': 127, 'channel': 9}",29,20880,174,0.026268139583333332,11,15,funk/groove1
12,1,51,0:360,note_on,111,21132,19.141321575,51,85,"{'type': 'note_on', 'time': 111, 'note': 51, 'velocity': 85, 'channel': 9}",12,21120,176,0.010869575,12,1,funk/groove1
12,2,38,0:362,note_on,12,21256,19.253640516666664,38,64,"{'type': 'note_on', 'time': 12, 'note': 38, 'velocity': 64, 'channel': 9}",16,21240,177,0.014492766666666665,12,2,funk/groove1
12,3,36,0:364,note_on,3,21370,19.356901479166666,36,32,"{'type': 'note_on', 'time': 3, 'note': 36, 'velocity': 32, 'channel': 9}",10,21360,178,0.009057979166666666,12,3,funk/groove1
12,3,51,0:365,note_on,13,21383,19.368676852083333,51,127,"{'type': 'note_on', 'time': 13, 'note': 53, 'velocity': 127, 'channel': 9}",23,21360,178,0.020833352083333333,12,3,funk/groove1
12,4,36,0:366,note_on,76,21459,19.437517493749997,36,27,"{'type': 'note_on', 'time': 76, 'note': 36, 'velocity': 27, 'channel': 9}",-21,21480,179,-0.019021756249999997,12,4,funk/groove1
12,5,38,0:370,note_on,124,21618,19.5815393625,38,105,"{'type': 'note_on', 'time': 124, 'note': 40, 'velocity': 105, 'channel': 9}",18,21600,180,0.0163043625,12,5,funk/groove1
12,5,51,0:371,note_on,4,21622,19.585162554166665,51,127,"{'type': 'note_on', 'time': 4, 'note': 51, 'velocity': 127, 'channel': 9}",22,21600,180,0.019927554166666663,12,5,funk/groove1
12,7,51,0:374,note_on,107,21841,19.783532297916665,51,77,"{'type': 'note_on', 'time': 107, 'note': 51, 'velocity': 77, 'channel': 9}",1,21840,182,0.0009057979166666666,12,7,funk/groove1
12,8,38,0:375,note_on,102,21943,19.875923685416666,38,79,"{'type': 'note_on', 'time': 102, 'note': 38, 'velocity': 79, 'channel': 9}",-17,21960,183,-0.015398564583333331,12,8,funk/groove1
12,9,51,0:378,note_on,30,22084,20.003641191666663,51,69,"{'type': 'note_on', 'time': 30, 'note': 51, 'velocity': 69, 'channel': 9}",4,22080,184,0.0036231916666666663,12,9,funk/groove1
12,10,38,0:379,note_on,107,22191,20.10056156875,38,51,"{'type': 'note_on', 'time': 107, 'note': 38, 'velocity': 51, 'channel': 9}",-9,22200,185,-0.00815218125,12,10,funk/groove1
12,11,49,0:382,note_on,21,22323,20.22012689375,49,127,"{'type': 'note_on', 'time': 21, 'note': 55, 'velocity': 127, 'channel': 9}",3,22320,186,0.00271739375,12,11,funk/groove1
12,11,36,0:383,note_on,2,22325,20.22193848958333,36,60,"{'type': 'note_on', 'time': 2, 'note': 36, 'velocity': 60, 'channel': 9}",5,22320,186,0.004528989583333333,12,11,funk/groove1
12,13,51,0:386,note_on,94,22531,20.408532860416663,51,51,"{'type': 'note_on', 'time': 94, 'note': 51, 'velocity': 51, 'channel': 9}",-29,22560,188,-0.026268139583333332,12,13,funk/groove1
12,15,38,0:388,note_on,130,22773,20.62773595625,38,127,"{'type': 'note_on', 'time': 130, 'note': 38, 'velocity': 127, 'channel': 9}",-27,22800,190,-0.024456543749999997,12,15,funk/groove1
12,15,51,0:389,note_on,10,22783,20.636793935416666,51,127,"{'type': 'note_on', 'time': 10, 'note': 51, 'velocity': 127, 'channel': 9}",-17,22800,190,-0.015398564583333331,12,15,funk/groove1
13,1,51,0:392,note_on,131,23025,20.85599703125,51,115,"{'type': 'note_on', 'time': 131, 'note': 51, 'velocity': 115, 'channel': 9}",-15,23040,192,-0.01358696875,13,1,funk/groove1
13,1,36,0:393,note_on,3,23028,20.858714425,36,69,"{'type': 'note_on', 'time': 3, 'note': 36, 'velocity': 69, 'channel': 9}",-12,23040,192,-0.010869575,13,1,funk/groove1
13,3,36,0:396,note_on,119,23258,21.06704794583333,36,66,"{'type': 'note_on', 'time': 119, 'note': 36, 'velocity': 66, 'channel': 9}",-22,23280,194,-0.019927554166666663,13,3,funk/groove1
13,3,51,0:397,note_on,7,23265,21.073388531249996,51,75,"{'type': 'note_on', 'time': 7, 'note': 53, 'velocity': 75, 'channel': 9}",-15,23280,194,-0.01358696875,13,3,funk/groove1
13,5,38,0:400,note_on,141,23516,21.30074380833333,38,121,"{'type': 'note_on', 'time': 141, 'note': 40, 'velocity': 121, 'channel': 9}",-4,23520,196,-0.0036231916666666663,13,5,funk/groove1
13,5,51,0:401,note_on,11,23527,21.310707585416665,51,127,"{'type': 'note_on', 'time': 11, 'note': 51, 'velocity': 127, 'channel': 9}",7,23520,196,0.006340585416666666,13,5,funk/groove1
13,7,51,0:404,note_on,115,23753,21.51541791458333,51,66,"{'type': 'note_on', 'time': 115, 'note': 51, 'velocity': 66, 'channel': 9}",-7,23760,198,-0.006340585416666666,13,7,funk/groove1
13,8,38,0:406,note_on,17,23881,21.631360047916665,38,93,"{'type': 'note_on', 'time': 17, 'note': 38, 'velocity': 93, 'channel': 9}",1,23880,199,0.0009057979166666666,13,8,funk/groove1
13,9,51,0:408,note_on,6,23999,21.73824420208333,51,124,"{'type': 'note_on', 'time': 6, 'note': 51, 'velocity': 124, 'channel': 9}",-1,24000,200,-0.0009057979166666666,13,9,funk/groove1
13,10,38,0:410,note_on,4,24115,21.843316760416666,38,59,"{'type': 'note_on', 'time': 4, 'note': 38, 'velocity': 59, 'channel': 9}",-5,24120,201,-0.004528989583333333,13,10,funk/groove1
13,11,36,0:411,note_on,111,24226,21.943860329166665,36,30,"{'type': 'note_on', 'time': 111, 'note': 36, 'velocity': 30, 'channel': 9}",-14,24240,202,-0.012681170833333331,13,11,funk/groove1
13,11,51,0:413,note_on,10,24237,21.953824106249996,51,88,"{'type': 'note_on', 'time': 10, 'note': 53, 'velocity': 88, 'channel': 9}",-3,24240,202,-0.00271739375,13,11,funk/groove1
13,12,36,0:416,note_on,2,24350,22.056179270833333,36,44,"{'type': 'note_on', 'time': 2, 'note': 36, 'velocity': 44, 'channel': 9}",-10,24360,203,-0.009057979166666666,13,12,funk/groove1
13,13,38,0:418,note_on,21,24482,22.175744595833333,38,120,"{'type': 'note_on', 'time': 21, 'note': 40, 'velocity': 120, 'channel': 9}",2,24480,204,0.0018115958333333332,13,13,funk/groove1
13,13,51,0:419,note_on,6,24488,22.18117938333333,51,127,"{'type': 'note_on', 'time': 6, 'note': 51, 'velocity': 127, 'channel': 9}",8,24480,204,0.007246383333333333,13,13,funk/groove1
13,15,51,0:422,note_on,139,24738,22.407628862499998,51,93,"{'type': 'note_on', 'time': 139, 'note': 51, 'velocity': 93, 'channel': 9}",18,24720,206,0.0163043625,13,15,funk/groove1
13,16,38,0:424,note_on,10,24859,22.517230410416666,38,69,"{'type': 'note_on', 'time': 10, 'note': 38, 'velocity': 69, 'channel': 9}",19,24840,207,0.017210160416666665,13,16,funk/groove1
14,1,36,0:425,note_on,109,24968,22.615962383333333,36,56,"{'type': 'note_on', 'time': 109, 'note': 36, 'velocity': 56, 'channel': 9}",8,24960,208,0.007246383333333333,14,1,funk/groove1
14,1,51,0:427,note_on,5,24976,22.623208766666664,51,127,"{'type': 'note_on', 'time': 5, 'note': 51, 'velocity': 127, 'channel': 9}",16,24960,208,0.014492766666666665,14,1,funk/groove1
14,3,36,0:430,note_on,125,25213,22.837882872916666,36,58,"{'type': 'note_on', 'time': 125, 'note': 36, 'velocity': 58, 'channel': 9}",13,25200,210,0.011775372916666665,14,3,funk/groove1
14,3,51,0:431,note_on,0,25213,22.837882872916666,51,61,"{'type': 'note_on', 'time': 0, 'note': 53, 'velocity': 61, 'channel': 9}",13,25200,210,0.011775372916666665,14,3,funk/groove1
14,5,38,0:434,note_on,114,25439,23.04259320208333,38,124,"{'type': 'note_on', 'time': 114, 'note': 38, 'velocity': 124, 'channel': 9}",-1,25440,212,-0.0009057979166666666,14,5,funk/groove1
14,5,51,0:435,note_on,17,25456,23.057991766666664,51,127,"{'type': 'note_on', 'time': 17, 'note': 51, 'velocity': 127, 'channel': 9}",16,25440,212,0.014492766666666665,14,5,funk/groove1
14,7,51,0:438,note_on,112,25679,23.25998470208333,51,73,"{'type': 'note_on', 'time': 112, 'note': 51, 'velocity': 73, 'channel': 9}",-1,25680,214,-0.0009057979166666666,14,7,funk/groove1
14,8,38,0:440,note_on,22,25812,23.380455825,38,115,"{'type': 'note_on', 'time': 22, 'note': 38, 'velocity': 115, 'channel': 9}",12,25800,215,0.010869575,14,8,funk/groove1
14,9,51,0:442,note_on,10,25933,23.490057372916663,51,127,"{'type': 'note_on', 'time': 10, 'note': 51, 'velocity': 127, 'channel': 9}",13,25920,216,0.011775372916666665,14,9,funk/groove1
14,10,38,0:444,note_on,13,26057,23.60237631458333,38,50,"{'type': 'note_on', 'time': 13, 'note': 38, 'velocity': 50, 'channel': 9}",17,26040,217,0.015398564583333331,14,10,funk/groove1
14,11,36,0:445,note_on,91,26148,23.684803924999997,36,29,"{'type': 'note_on', 'time': 91, 'note': 36, 'velocity': 29, 'channel': 9}",-12,26160,218,-0.010869575,14,11,funk/groove1
14,11,51,0:447,note_on,4,26171,23.70563727708333,51,101,"{'type': 'note_on', 'time': 4, 'note': 51, 'velocity': 101, 'channel': 9}",11,26160,218,0.009963777083333332,14,11,funk/groove1
14,12,36,0:450,note_on,7,26289,23.812521431249998,36,46,"{'type': 'note_on', 'time': 7, 'note': 36, 'velocity': 46, 'channel': 9}",9,26280,219,0.00815218125,14,12,funk/groove1
14,13,38,0:452,note_on,4,26404,23.916688191666665,38,126,"{'type': 'note_on', 'time': 4, 'note': 38, 'velocity': 126, 'channel': 9}",4,26400,220,0.0036231916666666663,14,13,funk/groove1
14,13,51,0:453,note_on,13,26417,23.928463564583332,51,127,"{'type': 'note_on', 'time': 13, 'note': 51, 'velocity': 127, 'channel': 9}",17,26400,220,0.015398564583333331,14,13,funk/groove1
14,15,51,0:456,note_on,131,26659,24.147666660416665,51,69,"{'type': 'note_on', 'time': 131, 'note': 51, 'velocity': 69, 'channel': 9}",19,26640,222,0.017210160416666665,14,15,funk/groove1
14,16,38,0:457,note_on,110,26769,24.247304431249997,38,65,"{'type': 'note_on', 'time': 110, 'note': 38, 'velocity': 65, 'channel': 9}",9,26760,223,0.00815218125,14,16,funk/groove1
15,1,51,0:460,note_on,12,26893,24.359623372916666,51,127,"{'type': 'note_on', 'time': 12, 'note': 51, 'velocity': 127, 'channel': 9}",13,26880,224,0.011775372916666665,15,1,funk/groove1
15,1,36,0:461,note_on,6,26899,24.365058160416666,36,54,"{'type': 'note_on', 'time': 6, 'note': 36, 'velocity': 54, 'channel': 9}",19,26880,224,0.017210160416666665,15,1,funk/groove1
15,3,51,0:464,note_on,114,27124,24.568862691666663,51,79,"{'type': 'note_on', 'time': 114, 'note': 53, 'velocity': 79, 'channel': 9}",4,27120,226,0.0036231916666666663,15,3,funk/groove1
15,3,36,0:465,note_on,2,27126,24.570674287499997,36,53,"{'type': 'note_on', 'time': 2, 'note': 36, 'velocity': 53, 'channel': 9}",6,27120,226,0.0054347875,15,3,funk/groove1
15,5,38,0:468,note_on,115,27351,24.774478818749998,38,125,"{'type': 'note_on', 'time': 115, 'note': 40, 'velocity': 125, 'channel': 9}",-9,27360,228,-0.00815218125,15,5,funk/groove1
15,5,51,0:469,note_on,15,27366,24.7880657875,51,127,"{'type': 'note_on', 'time': 15, 'note': 51, 'velocity': 127, 'channel': 9}",6,27360,228,0.0054347875,15,5,funk/groove1
15,7,51,0:472,note_on,108,27585,24.98643553125,51,80,"{'type': 'note_on', 'time': 108, 'note': 51, 'velocity': 80, 'channel': 9}",-15,27600,230,-0.01358696875,15,7,funk/groove1
15,8,38,0:474,note_on,4,27700,25.090602291666663,38,63,"{'type': 'note_on', 'time': 4, 'note': 38, 'velocity': 63, 'channel': 9}",-20,27720,231,-0.01811595833333333,15,8,funk/groove1
15,9,51,0:476,note_on,14,27825,25.203827031249997,51,127,"{'type': 'note_on', 'time': 14, 'note': 51, 'velocity': 127, 'channel': 9}",-15,27840,232,-0.01358696875,15,9,funk/groove1
15,11,51,0:478,note_on,137,28074,25.4293707125,51,127,"{'type': 'note_on', 'time': 137, 'note': 51, 'velocity': 127, 'channel': 9}",-6,28080,234,-0.0054347875,15,11,funk/groove1
15,11,36,0:479,note_on,9,28083,25.437522893749996,36,62,"{'type': 'note_on', 'time': 9, 'note': 36, 'velocity': 62, 'channel': 9}",3,28080,234,0.00271739375,15,11,funk/groove1
15,13,51,0:482,note_on,120,28314,25.646762212499997,51,68,"{'type': 'note_on', 'time': 120, 'note': 51, 'velocity': 68, 'channel': 9}",-6,28320,236,-0.0054347875,15,13,funk/groove1
15,15,38,0:484,note_on,132,28557,25.86687110625,38,127,"{'type': 'note_on', 'time': 132, 'note': 38, 'velocity': 127, 'channel': 9}",-3,28560,238,-0.00271739375,15,15,funk/groove1
15,15,51,0:485,note_on,13,28570,25.878646479166665,51,127,"{'type': 'note_on', 'time': 13, 'note': 51, 'velocity': 127, 'channel': 9}",10,28560,238,0.009057979166666666,15,15,funk/groove1
16,1,51,0:488,note_on,106,28787,26.07520462708333,51,79,"{'type': 'note_on', 'time': 106, 'note': 51, 'velocity': 79, 'channel': 9}",-13,28800,240,-0.011775372916666665,16,1,funk/groove1
16,2,38,0:490,note_on,11,28910,26.18661777083333,38,70,"{'type': 'note_on', 'time': 11, 'note': 38, 'velocity': 70, 'channel': 9}",-10,28920,241,-0.009057979166666666,16,2,funk/groove1
16,3,51,0:492,note_on,13,29034,26.298936712499998,51,127,"{'type': 'note_on', 'time': 13, 'note': 53, 'velocity': 127, 'channel': 9}",-6,29040,242,-0.0054347875,16,3,funk/groove1
16,3,36,0:493,note_on,6,29040,26.3043715,36,36,"{'type': 'note_on', 'time': 6, 'note': 36, 'velocity': 36, 'channel': 9}",0,29040,242,0.0,16,3,funk/groove1
16,4,36,0:496,note_on,7,29158,26.411255654166663,36,43,"{'type': 'note_on', 'time': 7, 'note': 36, 'velocity': 43, 'channel': 9}",-2,29160,243,-0.0018115958333333332,16,4,funk/groove1
16,5,38,0:498,note_on,12,29281,26.522668797916666,38,118,"{'type': 'note_on', 'time': 12, 'note': 40, 'velocity': 118, 'channel': 9}",1,29280,244,0.0009057979166666666,16,5,funk/groove1
16,5,51,0:499,note_on,2,29283,26.524480393749997,51,127,"{'type': 'note_on', 'time': 2, 'note': 51, 'velocity': 127, 'channel': 9}",3,29280,244,0.00271739375,16,5,funk/groove1
16,7,51,0:502,note_on,116,29510,26.73009652083333,51,66,"{'type': 'note_on', 'time': 116, 'note': 51, 'velocity': 66, 'channel': 9}",-10,29520,246,-0.009057979166666666,16,7,funk/groove1
16,8,38,0:503,note_on,110,29620,26.829734291666664,38,108,"{'type': 'note_on', 'time': 110, 'note': 40, 'velocity': 108, 'channel': 9}",-20,29640,247,-0.01811595833333333,16,8,funk/groove1
16,9,51,0:506,note_on,25,29756,26.95292280833333,51,108,"{'type': 'note_on', 'time': 25, 'note': 51, 'velocity': 108, 'channel': 9}",-4,29760,248,-0.0036231916666666663,16,9,funk/groove1
16,10,38,0:508,note_on,16,29884,27.068864941666664,38,43,"{'type': 'note_on', 'time': 16, 'note': 38, 'velocity': 43, 'channel': 9}",4,29880,249,0.0036231916666666663,16,10,funk/groove1
16,11,49,0:510,note_on,11,30006,27.179372287499998,49,117,"{'type': 'note_on', 'time': 11, 'note': 55, 'velocity': 117, 'channel': 9}",6,30000,250,0.0054347875,16,11,funk/groove1
16,11,36,0:511,note_on,1,30007,27.180278085416663,36,82,"{'type': 'note_on', 'time': 1, 'note': 36, 'velocity': 82, 'channel': 9}",7,30000,250,0.006340585416666666,16,11,funk/groove1
16,13,51,0:514,note_on,106,30224,27.376836233333332,51,59,"{'type': 'note_on', 'time': 106, 'note': 53, 'velocity': 59, 'channel': 9}",-16,30240,252,-0.014492766666666665,16,13,funk/groove1
16,15,38,0:516,note_on,150,30485,27.613249489583332,38,127,"{'type': 'note_on', 'time': 150, 'note': 38, 'velocity': 127, 'channel': 9}",5,30480,254,0.004528989583333333,16,15,funk/groove1
16,15,51,0:517,note_on,8,30493,27.620495872916663,51,127,"{'type': 'note_on', 'time': 8, 'note': 51, 'velocity': 127, 'channel': 9}",13,30480,254,0.011775372916666665,16,15,funk/groove1
