bar_number,bar_beat_number,note,track_msg_num,msg_type,delta_ticks,total_ticks,total_seconds,note,velocity,raw_data,beat_offset,beat_center,file_beat_number,beat_offset_ms,bar_number,bar_beat_number,style
1,1,36,0:6,note_on,0,0,0.0,36,127,"{'type': 'note_on', 'time': 0, 'note': 36, 'velocity': 127, 'channel': 9}",0,0,0,0.0,1,1,hiphop/groove6
1,1,42,0:8,note_on,0,9,0.01293103125,42,58,"{'type': 'note_on', 'time': 0, 'note': 42, 'velocity': 58, 'channel': 9}",9,0,0,0.01293103125,1,1,hiphop/groove6
1,2,42,0:12,note_on,0,115,0.16522984375000002,42,17,"{'type': 'note_on', 'time': 0, 'note': 42, 'velocity': 17, 'channel': 9}",-5,120,1,-0.00718390625,1,2,hiphop/groove6
1,3,42,0:15,note_on,0,239,0.34339071875000005,42,75,"{'type': 'note_on', 'time': 0, 'note': 22, 'velocity': 75, 'channel': 9}",-1,240,2,-0.0014367812500000001,1,3,hiphop/groove6
1,4,42,0:18,note_on,0,351,0.50431021875,42,16,"{'type': 'note_on', 'time': 0, 'note': 42, 'velocity': 16, 'channel': 9}",-9,360,3,-0.01293103125,1,4,hiphop/groove6
1,4,36,0:19,note_on,9,360,0.5172412500000001,36,58,"{'type': 'note_on', 'time': 9, 'note': 36, 'velocity': 58, 'channel': 9}",0,360,3,0.0,1,4,hiphop/groove6
1,5,42,0:23,note_on,0,482,0.6925285625000001,42,60,"{'type': 'note_on', 'time': 0, 'note': 22, 'velocity': 60, 'channel': 9}",2,480,4,0.0028735625000000002,1,5,hiphop/groove6
1,5,38,0:24,note_on,0,482,0.6925285625000001,38,107,"{'type': 'note_on', 'time': 0, 'note': 40, 'velocity': 107, 'channel': 9}",2,480,4,0.0028735625000000002,1,5,hiphop/groove6
1,6,42,0:28,note_on,0,600,0.86206875,42,21,"{'type': 'note_on', 'time': 0, 'note': 42, 'velocity': 21, 'channel': 9}",0,600,5,0.0,1,6,hiphop/groove6
1,7,42,0:31,note_on,0,729,1.0474135312500001,42,84,"{'type': 'note_on', 'time': 0, 'note': 22, 'velocity': 84, 'channel': 9}",9,720,6,0.01293103125,1,7,hiphop/groove6
1,8,36,0:33,note_on,39,838,1.2040226875000002,36,53,"{'type': 'note_on', 'time': 39, 'note': 36, 'velocity': 53, 'channel': 9}",-2,840,7,-0.0028735625000000002,1,8,hiphop/groove6
1,8,42,0:35,note_on,0,847,1.2169537187500001,42,33,"{'type': 'note_on', 'time': 0, 'note': 42, 'velocity': 33, 'channel': 9}",7,840,7,0.010057468750000001,1,8,hiphop/groove6
1,9,42,0:39,note_on,0,972,1.396551375,42,79,"{'type': 'note_on', 'time': 0, 'note': 22, 'velocity': 79, 'channel': 9}",12,960,8,0.017241375000000003,1,9,hiphop/groove6
1,10,36,0:41,note_on,25,1067,1.53304559375,36,48,"{'type': 'note_on', 'time': 25, 'note': 36, 'velocity': 48, 'channel': 9}",-13,1080,9,-0.01867815625,1,10,hiphop/groove6
1,10,42,0:43,note_on,0,1087,1.5617812187500002,42,33,"{'type': 'note_on', 'time': 0, 'note': 42, 'velocity': 33, 'channel': 9}",7,1080,9,0.010057468750000001,1,10,hiphop/groove6
1,11,36,0:46,note_on,38,1195,1.7169535937500002,36,81,"{'type': 'note_on', 'time': 38, 'note': 36, 'velocity': 81, 'channel': 9}",-5,1200,10,-0.00718390625,1,11,hiphop/groove6
1,11,42,0:48,note_on,0,1214,1.7442524375000001,42,69,"{'type': 'note_on', 'time': 0, 'note': 22, 'velocity': 69, 'channel': 9}",14,1200,10,0.020114937500000003,1,11,hiphop/groove6
1,12,42,0:52,note_on,0,1326,1.9051719375000002,42,24,"{'type': 'note_on', 'time': 0, 'note': 42, 'velocity': 24, 'channel': 9}",6,1320,11,0.008620687500000002,1,12,hiphop/groove6
1,13,42,0:55,note_on,0,1452,2.086206375,42,72,"{'type': 'note_on', 'time': 0, 'note': 22, 'velocity': 72, 'channel': 9}",12,1440,12,0.017241375000000003,1,13,hiphop/groove6
1,13,38,0:56,note_on,0,1452,2.086206375,38,100,"{'type': 'note_on', 'time': 0, 'note': 40, 'velocity': 100, 'channel': 9}",12,1440,12,0.017241375000000003,1,13,hiphop/groove6
1,14,42,0:60,note_on,0,1570,2.2557465625,42,30,"{'type': 'note_on', 'time': 0, 'note': 42, 'velocity': 30, 'channel': 9}",10,1560,13,0.0143678125,1,14,hiphop/groove6
1,14,36,0:61,note_on,3,1573,2.26005690625,36,76,"{'type': 'note_on', 'time': 3, 'note': 36, 'velocity': 76, 'channel': 9}",13,1560,13,0.01867815625,1,14,hiphop/groove6
1,15,42,0:65,note_on,0,1692,2.4310338750000002,42,56,"{'type': 'note_on', 'time': 0, 'note': 22, 'velocity': 56, 'channel': 9}",12,1680,14,0.017241375000000003,1,15,hiphop/groove6
1,16,36,0:67,note_on,32,1794,2.5775855625000004,36,36,"{'type': 'note_on', 'time': 32, 'note': 36, 'velocity': 36, 'channel': 9}",-6,1800,15,-0.008620687500000002,1,16,hiphop/groove6
1,16,42,0:69,note_on,0,1801,2.5876430312500003,42,34,"{'type': 'note_on', 'time': 0, 'note': 42, 'velocity': 34, 'channel': 9}",1,1800,15,0.0014367812500000001,1,16,hiphop/groove6
2,1,42,0:73,note_on,0,1924,2.764367125,42,67,"{'type': 'note_on', 'time': 0, 'note': 22, 'velocity': 67, 'channel': 9}",4,1920,16,0.0057471250000000005,2,1,hiphop/groove6
2,1,36,0:74,note_on,0,1924,2.764367125,36,93,"{'type': 'note_on', 'time': 0, 'note': 36, 'velocity': 93, 'channel': 9}",4,1920,16,0.0057471250000000005,2,1,hiphop/groove6
2,2,42,0:78,note_on,0,2030,2.9166659375000004,42,38,"{'type': 'note_on', 'time': 0, 'note': 22, 'velocity': 38, 'channel': 9}",-10,2040,17,-0.0143678125,2,2,hiphop/groove6
2,3,42,0:81,note_on,0,2162,3.1063210625,42,86,"{'type': 'note_on', 'time': 0, 'note': 22, 'velocity': 86, 'channel': 9}",2,2160,18,0.0028735625000000002,2,3,hiphop/groove6
2,4,42,0:84,note_on,0,2284,3.2816083750000002,42,21,"{'type': 'note_on', 'time': 0, 'note': 42, 'velocity': 21, 'channel': 9}",4,2280,19,0.0057471250000000005,2,4,hiphop/groove6
2,4,36,0:85,note_on,8,2292,3.2931026250000004,36,57,"{'type': 'note_on', 'time': 8, 'note': 36, 'velocity': 57, 'channel': 9}",12,2280,19,0.017241375000000003,2,4,hiphop/groove6
2,5,42,0:89,note_on,0,2410,3.4626428125000004,42,76,"{'type': 'note_on', 'time': 0, 'note': 22, 'velocity': 76, 'channel': 9}",10,2400,20,0.0143678125,2,5,hiphop/groove6
2,5,38,0:90,note_on,6,2416,3.4712635000000005,38,95,"{'type': 'note_on', 'time': 6, 'note': 40, 'velocity': 95, 'channel': 9}",16,2400,20,0.022988500000000002,2,5,hiphop/groove6
2,6,38,0:93,note_on,23,2509,3.6048841562500002,38,8,"{'type': 'note_on', 'time': 23, 'note': 38, 'velocity': 8, 'channel': 9}",-11,2520,21,-0.015804593750000002,2,6,hiphop/groove6
2,6,42,0:95,note_on,0,2523,3.6249990937500005,42,28,"{'type': 'note_on', 'time': 0, 'note': 42, 'velocity': 28, 'channel': 9}",3,2520,21,0.004310343750000001,2,6,hiphop/groove6
2,7,42,0:99,note_on,0,2642,3.7959760625000003,42,62,"{'type': 'note_on', 'time': 0, 'note': 42, 'velocity': 62, 'channel': 9}",2,2640,22,0.0028735625000000002,2,7,hiphop/groove6
2,8,36,0:102,note_on,0,2766,3.9741369375000004,36,55,"{'type': 'note_on', 'time': 0, 'note': 36, 'velocity': 55, 'channel': 9}",6,2760,23,0.008620687500000002,2,8,hiphop/groove6
2,8,42,0:103,note_on,0,2766,3.9741369375000004,42,36,"{'type': 'note_on', 'time': 0, 'note': 42, 'velocity': 36, 'channel': 9}",6,2760,23,0.008620687500000002,2,8,hiphop/groove6
2,9,42,0:107,note_on,0,2880,4.137930000000001,42,63,"{'type': 'note_on', 'time': 0, 'note': 22, 'velocity': 63, 'channel': 9}",0,2880,24,0.0,2,9,hiphop/groove6
2,10,36,0:109,note_on,42,2992,4.2988495,36,45,"{'type': 'note_on', 'time': 42, 'note': 36, 'velocity': 45, 'channel': 9}",-8,3000,25,-0.011494250000000001,2,10,hiphop/groove6
2,10,42,0:111,note_on,0,2995,4.3031598437500005,42,37,"{'type': 'note_on', 'time': 0, 'note': 42, 'velocity': 37, 'channel': 9}",-5,3000,25,-0.00718390625,2,10,hiphop/groove6
2,11,42,0:115,note_on,0,3110,4.4683896875,42,75,"{'type': 'note_on', 'time': 0, 'note': 22, 'velocity': 75, 'channel': 9}",-10,3120,26,-0.0143678125,2,11,hiphop/groove6
2,11,36,0:116,note_on,7,3117,4.478447156250001,36,55,"{'type': 'note_on', 'time': 7, 'note': 36, 'velocity': 55, 'channel': 9}",-3,3120,26,-0.004310343750000001,2,11,hiphop/groove6
2,13,36,0:119,note_on,165,3352,4.816090750000001,36,107,"{'type': 'note_on', 'time': 165, 'note': 36, 'velocity': 107, 'channel': 9}",-8,3360,28,-0.011494250000000001,2,13,hiphop/groove6
2,15,36,0:121,note_on,163,3585,5.1508607812500005,36,77,"{'type': 'note_on', 'time': 163, 'note': 36, 'velocity': 77, 'channel': 9}",-15,3600,30,-0.02155171875,2,15,hiphop/groove6
3,1,36,0:123,note_on,169,3824,5.494251500000001,36,114,"{'type': 'note_on', 'time': 169, 'note': 36, 'velocity': 114, 'channel': 9}",-16,3840,32,-0.022988500000000002,3,1,hiphop/groove6
3,5,38,0:125,note_on,423,4317,6.202584656250001,38,124,"{'type': 'note_on', 'time': 423, 'note': 40, 'velocity': 124, 'channel': 9}",-3,4320,36,-0.004310343750000001,3,5,hiphop/groove6
3,5,42,0:127,note_on,0,4322,6.209768562500001,42,127,"{'type': 'note_on', 'time': 0, 'note': 22, 'velocity': 127, 'channel': 9}",2,4320,36,0.0028735625000000002,3,5,hiphop/groove6
3,6,42,0:131,note_on,0,4447,6.38936621875,42,33,"{'type': 'note_on', 'time': 0, 'note': 42, 'velocity': 33, 'channel': 9}",7,4440,37,0.010057468750000001,3,6,hiphop/groove6
3,7,42,0:134,note_on,0,4564,6.557469625,42,48,"{'type': 'note_on', 'time': 0, 'note': 42, 'velocity': 48, 'channel': 9}",4,4560,38,0.0057471250000000005,3,7,hiphop/groove6
3,8,36,0:136,note_on,37,4671,6.711205218750001,36,58,"{'type': 'note_on', 'time': 37, 'note': 36, 'velocity': 58, 'channel': 9}",-9,4680,39,-0.01293103125,3,8,hiphop/groove6
3,8,42,0:138,note_on,0,4682,6.7270098125,42,39,"{'type': 'note_on', 'time': 0, 'note': 42, 'velocity': 39, 'channel': 9}",2,4680,39,0.0028735625000000002,3,8,hiphop/groove6
3,9,42,0:142,note_on,0,4800,6.89655,42,90,"{'type': 'note_on', 'time': 0, 'note': 22, 'velocity': 90, 'channel': 9}",0,4800,40,0.0,3,9,hiphop/groove6
3,10,42,0:145,note_on,0,4909,7.0531591562500004,42,38,"{'type': 'note_on', 'time': 0, 'note': 42, 'velocity': 38, 'channel': 9}",-11,4920,41,-0.015804593750000002,3,10,hiphop/groove6
3,10,36,0:146,note_on,14,4923,7.07327409375,36,48,"{'type': 'note_on', 'time': 14, 'note': 36, 'velocity': 48, 'channel': 9}",3,4920,41,0.004310343750000001,3,10,hiphop/groove6
3,11,42,0:150,note_on,0,5031,7.2284464687500005,42,74,"{'type': 'note_on', 'time': 0, 'note': 22, 'velocity': 74, 'channel': 9}",-9,5040,42,-0.01293103125,3,11,hiphop/groove6
3,11,36,0:151,note_on,16,5047,7.251434968750001,36,54,"{'type': 'note_on', 'time': 16, 'note': 36, 'velocity': 54, 'channel': 9}",7,5040,42,0.010057468750000001,3,11,hiphop/groove6
3,12,42,0:155,note_on,0,5143,7.389365968750001,42,34,"{'type': 'note_on', 'time': 0, 'note': 42, 'velocity': 34, 'channel': 9}",-17,5160,43,-0.024425281250000003,3,12,hiphop/groove6
3,13,42,0:158,note_on,0,5282,7.589078562500001,42,85,"{'type': 'note_on', 'time': 0, 'note': 22, 'velocity': 85, 'channel': 9}",2,5280,44,0.0028735625000000002,3,13,hiphop/groove6
3,13,38,0:159,note_on,5,5287,7.596262468750001,38,95,"{'type': 'note_on', 'time': 5, 'note': 40, 'velocity': 95, 'channel': 9}",7,5280,44,0.010057468750000001,3,13,hiphop/groove6
3,14,42,0:163,note_on,0,5407,7.7686762187500005,42,36,"{'type': 'note_on', 'time': 0, 'note': 42, 'velocity': 36, 'channel': 9}",7,5400,45,0.010057468750000001,3,14,hiphop/groove6
3,15,42,0:166,note_on,0,5527,7.941089968750001,42,70,"{'type': 'note_on', 'time': 0, 'note': 22, 'velocity': 70, 'channel': 9}",7,5520,46,0.010057468750000001,3,15,hiphop/groove6
3,16,36,0:168,note_on,37,5634,8.0948255625,36,44,"{'type': 'note_on', 'time': 37, 'note': 36, 'velocity': 44, 'channel': 9}",-6,5640,47,-0.008620687500000002,3,16,hiphop/groove6
3,16,42,0:170,note_on,0,5640,8.103446250000001,42,40,"{'type': 'note_on', 'time': 0, 'note': 42, 'velocity': 40, 'channel': 9}",0,5640,47,0.0,3,16,hiphop/groove6
4,1,36,0:173,note_on,52,5763,8.280170343750001,36,56,"{'type': 'note_on', 'time': 52, 'note': 36, 'velocity': 56, 'channel': 9}",3,5760,48,0.004310343750000001,4,1,hiphop/groove6
4,1,42,0:175,note_on,0,5770,8.290227812500001,42,75,"{'type': 'note_on', 'time': 0, 'note': 22, 'velocity': 75, 'channel': 9}",10,5760,48,0.0143678125,4,1,hiphop/groove6
4,2,42,0:179,note_on,0,5883,8.452584093750001,42,43,"{'type': 'note_on', 'time': 0, 'note': 42, 'velocity': 43, 'channel': 9}",3,5880,49,0.004310343750000001,4,2,hiphop/groove6
4,3,42,0:182,note_on,0,6002,8.6235610625,42,78,"{'type': 'note_on', 'time': 0, 'note': 22, 'velocity': 78, 'channel': 9}",2,6000,50,0.0028735625000000002,4,3,hiphop/groove6
4,4,36,0:185,note_on,0,6117,8.78879090625,36,57,"{'type': 'note_on', 'time': 0, 'note': 36, 'velocity': 57, 'channel': 9}",-3,6120,51,-0.004310343750000001,4,4,hiphop/groove6
4,4,42,0:186,note_on,0,6117,8.78879090625,42,28,"{'type': 'note_on', 'time': 0, 'note': 42, 'velocity': 28, 'channel': 9}",-3,6120,51,-0.004310343750000001,4,4,hiphop/groove6
4,5,38,0:189,note_on,51,6239,8.96407821875,38,118,"{'type': 'note_on', 'time': 51, 'note': 40, 'velocity': 118, 'channel': 9}",-1,6240,52,-0.0014367812500000001,4,5,hiphop/groove6
4,5,42,0:191,note_on,0,6241,8.966951781250001,42,73,"{'type': 'note_on', 'time': 0, 'note': 22, 'velocity': 73, 'channel': 9}",1,6240,52,0.0014367812500000001,4,5,hiphop/groove6
4,6,42,0:195,note_on,0,6353,9.12787128125,42,36,"{'type': 'note_on', 'time': 0, 'note': 42, 'velocity': 36, 'channel': 9}",-7,6360,53,-0.010057468750000001,4,6,hiphop/groove6
4,7,42,0:198,note_on,0,6470,9.295974687500001,42,91,"{'type': 'note_on', 'time': 0, 'note': 22, 'velocity': 91, 'channel': 9}",-10,6480,54,-0.0143678125,4,7,hiphop/groove6
4,8,42,0:201,note_on,0,6590,9.468388437500002,42,27,"{'type': 'note_on', 'time': 0, 'note': 42, 'velocity': 27, 'channel': 9}",-10,6600,55,-0.0143678125,4,8,hiphop/groove6
4,8,36,0:202,note_on,15,6605,9.48994015625,36,57,"{'type': 'note_on', 'time': 15, 'note': 36, 'velocity': 57, 'channel': 9}",5,6600,55,0.00718390625,4,8,hiphop/groove6
4,9,42,0:206,note_on,0,6715,9.647986093750001,42,82,"{'type': 'note_on', 'time': 0, 'note': 22, 'velocity': 82, 'channel': 9}",-5,6720,56,-0.00718390625,4,9,hiphop/groove6
4,10,36,0:208,note_on,44,6829,9.811779156250001,36,44,"{'type': 'note_on', 'time': 44, 'note': 36, 'velocity': 44, 'channel': 9}",-11,6840,57,-0.015804593750000002,4,10,hiphop/groove6
4,10,42,0:210,note_on,0,6842,9.8304573125,42,22,"{'type': 'note_on', 'time': 0, 'note': 42, 'velocity': 22, 'channel': 9}",2,6840,57,0.0028735625000000002,4,10,hiphop/groove6
4,11,36,0:213,note_on,41,6954,9.9913768125,36,57,"{'type': 'note_on', 'time': 41, 'note': 36, 'velocity': 57, 'channel': 9}",-6,6960,58,-0.008620687500000002,4,11,hiphop/groove6
4,11,42,0:215,note_on,0,6961,10.00143428125,42,76,"{'type': 'note_on', 'time': 0, 'note': 22, 'velocity': 76, 'channel': 9}",1,6960,58,0.0014367812500000001,4,11,hiphop/groove6
4,12,38,0:218,note_on,14,7045,10.122123906250001,38,7,"{'type': 'note_on', 'time': 14, 'note': 38, 'velocity': 7, 'channel': 9}",-35,7080,59,-0.050287343750000005,4,12,hiphop/groove6
4,12,42,0:220,note_on,0,7075,10.16522734375,42,21,"{'type': 'note_on', 'time': 0, 'note': 42, 'velocity': 21, 'channel': 9}",-5,7080,59,-0.00718390625,4,12,hiphop/groove6
4,13,38,0:223,note_on,49,7194,10.336204312500001,38,120,"{'type': 'note_on', 'time': 49, 'note': 40, 'velocity': 120, 'channel': 9}",-6,7200,60,-0.008620687500000002,4,13,hiphop/groove6
4,13,42,0:225,note_on,0,7199,10.34338821875,42,65,"{'type': 'note_on', 'time': 0, 'note': 22, 'velocity': 65, 'channel': 9}",-1,7200,60,-0.0014367812500000001,4,13,hiphop/groove6
4,14,36,0:228,note_on,47,7317,10.512928406250001,36,95,"{'type': 'note_on', 'time': 47, 'note': 36, 'velocity': 95, 'channel': 9}",-3,7320,61,-0.004310343750000001,4,14,hiphop/groove6
4,14,46,0:229,note_on,5,7322,10.5201123125,46,74,"{'type': 'note_on', 'time': 5, 'note': 26, 'velocity': 74, 'channel': 9}",2,7320,61,0.0028735625000000002,4,14,hiphop/groove6
4,15,42,0:234,note_on,15,7447,10.699709968750001,42,47,"{'type': 'note_on', 'time': 15, 'note': 42, 'velocity': 47, 'channel': 9}",7,7440,62,0.010057468750000001,4,15,hiphop/groove6
4,16,36,0:238,note_on,19,7537,10.829020281250001,36,48,"{'type': 'note_on', 'time': 19, 'note': 36, 'velocity': 48, 'channel': 9}",-23,7560,63,-0.03304596875,4,16,hiphop/groove6
4,16,42,0:240,note_on,0,7561,10.863503031250001,42,9,"{'type': 'note_on', 'time': 0, 'note': 42, 'velocity': 9, 'channel': 9}",1,7560,63,0.0014367812500000001,4,16,hiphop/groove6
5,1,42,0:244,note_on,0,7671,11.02154896875,42,70,"{'type': 'note_on', 'time': 0, 'note': 22, 'velocity': 70, 'channel': 9}",-9,7680,64,-0.01293103125,5,1,hiphop/groove6
5,1,36,0:245,note_on,4,7675,11.027296093750001,36,107,"{'type': 'note_on', 'time': 4, 'note': 36, 'velocity': 107, 'channel': 9}",-5,7680,64,-0.00718390625,5,1,hiphop/groove6
5,2,42,0:249,note_on,0,7787,11.188215593750002,42,26,"{'type': 'note_on', 'time': 0, 'note': 42, 'velocity': 26, 'channel': 9}",-13,7800,65,-0.01867815625,5,2,hiphop/groove6
5,3,42,0:252,note_on,0,7907,11.36062934375,42,96,"{'type': 'note_on', 'time': 0, 'note': 22, 'velocity': 96, 'channel': 9}",-13,7920,66,-0.01867815625,5,3,hiphop/groove6
5,4,42,0:255,note_on,0,8030,11.5373534375,42,25,"{'type': 'note_on', 'time': 0, 'note': 42, 'velocity': 25, 'channel': 9}",-10,8040,67,-0.0143678125,5,4,hiphop/groove6
5,4,36,0:256,note_on,9,8039,11.55028446875,36,54,"{'type': 'note_on', 'time': 9, 'note': 36, 'velocity': 54, 'channel': 9}",-1,8040,67,-0.0014367812500000001,5,4,hiphop/groove6
5,5,42,0:260,note_on,0,8156,11.718387875000001,42,86,"{'type': 'note_on', 'time': 0, 'note': 22, 'velocity': 86, 'channel': 9}",-4,8160,68,-0.0057471250000000005,5,5,hiphop/groove6
5,5,38,0:261,note_on,1,8157,11.719824656250001,38,115,"{'type': 'note_on', 'time': 1, 'note': 40, 'velocity': 115, 'channel': 9}",-3,8160,68,-0.004310343750000001,5,5,hiphop/groove6
5,6,42,0:265,note_on,0,8281,11.89798553125,42,28,"{'type': 'note_on', 'time': 0, 'note': 42, 'velocity': 28, 'channel': 9}",1,8280,69,0.0014367812500000001,5,6,hiphop/groove6
5,7,42,0:268,note_on,0,8394,12.0603418125,42,99,"{'type': 'note_on', 'time': 0, 'note': 22, 'velocity': 99, 'channel': 9}",-6,8400,70,-0.008620687500000002,5,7,hiphop/groove6
5,8,36,0:270,note_on,40,8504,12.218387750000002,36,56,"{'type': 'note_on', 'time': 40, 'note': 36, 'velocity': 56, 'channel': 9}",-16,8520,71,-0.022988500000000002,5,8,hiphop/groove6
5,8,42,0:272,note_on,0,8515,12.234192343750001,42,24,"{'type': 'note_on', 'time': 0, 'note': 42, 'velocity': 24, 'channel': 9}",-5,8520,71,-0.00718390625,5,8,hiphop/groove6
5,9,42,0:276,note_on,0,8642,12.416663562500002,42,94,"{'type': 'note_on', 'time': 0, 'note': 22, 'velocity': 94, 'channel': 9}",2,8640,72,0.0028735625000000002,5,9,hiphop/groove6
5,10,36,0:278,note_on,41,8754,12.5775830625,36,39,"{'type': 'note_on', 'time': 41, 'note': 36, 'velocity': 39, 'channel': 9}",-6,8760,73,-0.008620687500000002,5,10,hiphop/groove6
5,10,42,0:280,note_on,0,8767,12.596261218750001,42,36,"{'type': 'note_on', 'time': 0, 'note': 42, 'velocity': 36, 'channel': 9}",7,8760,73,0.010057468750000001,5,10,hiphop/groove6
5,11,42,0:284,note_on,0,8891,12.774422093750001,42,86,"{'type': 'note_on', 'time': 0, 'note': 22, 'velocity': 86, 'channel': 9}",11,8880,74,0.015804593750000002,5,11,hiphop/groove6
5,11,36,0:285,note_on,0,8891,12.774422093750001,36,58,"{'type': 'note_on', 'time': 0, 'note': 36, 'velocity': 58, 'channel': 9}",11,8880,74,0.015804593750000002,5,11,hiphop/groove6
5,12,42,0:289,note_on,0,9008,12.9425255,42,34,"{'type': 'note_on', 'time': 0, 'note': 42, 'velocity': 34, 'channel': 9}",8,9000,75,0.011494250000000001,5,12,hiphop/groove6
5,13,42,0:292,note_on,0,9126,13.112065687500001,42,84,"{'type': 'note_on', 'time': 0, 'note': 22, 'velocity': 84, 'channel': 9}",6,9120,76,0.008620687500000002,5,13,hiphop/groove6
5,13,38,0:293,note_on,0,9126,13.112065687500001,38,112,"{'type': 'note_on', 'time': 0, 'note': 40, 'velocity': 112, 'channel': 9}",6,9120,76,0.008620687500000002,5,13,hiphop/groove6
5,14,36,0:296,note_on,47,9244,13.281605875,36,65,"{'type': 'note_on', 'time': 47, 'note': 36, 'velocity': 65, 'channel': 9}",4,9240,77,0.0057471250000000005,5,14,hiphop/groove6
5,14,42,0:298,note_on,0,9253,13.29453690625,42,45,"{'type': 'note_on', 'time': 0, 'note': 42, 'velocity': 45, 'channel': 9}",13,9240,77,0.01867815625,5,14,hiphop/groove6
5,15,42,0:302,note_on,0,9370,13.462640312500001,42,66,"{'type': 'note_on', 'time': 0, 'note': 22, 'velocity': 66, 'channel': 9}",10,9360,78,0.0143678125,5,15,hiphop/groove6
5,16,36,0:304,note_on,39,9480,13.62068625,36,48,"{'type': 'note_on', 'time': 39, 'note': 36, 'velocity': 48, 'channel': 9}",0,9480,79,0.0,5,16,hiphop/groove6
5,16,42,0:306,note_on,0,9484,13.626433375000001,42,25,"{'type': 'note_on', 'time': 0, 'note': 42, 'velocity': 25, 'channel': 9}",4,9480,79,0.0057471250000000005,5,16,hiphop/groove6
6,1,36,0:309,note_on,45,9600,13.7931,36,73,"{'type': 'note_on', 'time': 45, 'note': 36, 'velocity': 73, 'channel': 9}",0,9600,80,0.0,6,1,hiphop/groove6
6,1,42,0:311,note_on,0,9610,13.8074678125,42,84,"{'type': 'note_on', 'time': 0, 'note': 22, 'velocity': 84, 'channel': 9}",10,9600,80,0.0143678125,6,1,hiphop/groove6
6,2,42,0:315,note_on,0,9719,13.964076968750001,42,39,"{'type': 'note_on', 'time': 0, 'note': 42, 'velocity': 39, 'channel': 9}",-1,9720,81,-0.0014367812500000001,6,2,hiphop/groove6
6,3,42,0:318,note_on,0,9843,14.142237843750001,42,85,"{'type': 'note_on', 'time': 0, 'note': 22, 'velocity': 85, 'channel': 9}",3,9840,82,0.004310343750000001,6,3,hiphop/groove6
6,4,36,0:320,note_on,31,9945,14.288789531250002,36,57,"{'type': 'note_on', 'time': 31, 'note': 36, 'velocity': 57, 'channel': 9}",-15,9960,83,-0.02155171875,6,4,hiphop/groove6
6,4,42,0:322,note_on,0,9964,14.316088375000001,42,43,"{'type': 'note_on', 'time': 0, 'note': 42, 'velocity': 43, 'channel': 9}",4,9960,83,0.0057471250000000005,6,4,hiphop/groove6
6,5,42,0:326,note_on,0,10081,14.48419178125,42,83,"{'type': 'note_on', 'time': 0, 'note': 22, 'velocity': 83, 'channel': 9}",1,10080,84,0.0014367812500000001,6,5,hiphop/groove6
6,5,38,0:327,note_on,1,10082,14.4856285625,38,109,"{'type': 'note_on', 'time': 1, 'note': 40, 'velocity': 109, 'channel': 9}",2,10080,84,0.0028735625000000002,6,5,hiphop/groove6
6,6,42,0:331,note_on,0,10195,14.64798484375,42,38,"{'type': 'note_on', 'time': 0, 'note': 42, 'velocity': 38, 'channel': 9}",-5,10200,85,-0.00718390625,6,6,hiphop/groove6
6,7,42,0:334,note_on,0,10322,14.830456062500001,42,80,"{'type': 'note_on', 'time': 0, 'note': 22, 'velocity': 80, 'channel': 9}",2,10320,86,0.0028735625000000002,6,7,hiphop/groove6
6,8,36,0:336,note_on,39,10432,14.988502,36,59,"{'type': 'note_on', 'time': 39, 'note': 36, 'velocity': 59, 'channel': 9}",-8,10440,87,-0.011494250000000001,6,8,hiphop/groove6
6,8,42,0:338,note_on,0,10440,14.99999625,42,45,"{'type': 'note_on', 'time': 0, 'note': 42, 'velocity': 45, 'channel': 9}",0,10440,87,0.0,6,8,hiphop/groove6
6,9,42,0:342,note_on,0,10561,15.17384678125,42,82,"{'type': 'note_on', 'time': 0, 'note': 22, 'velocity': 82, 'channel': 9}",1,10560,88,0.0014367812500000001,6,9,hiphop/groove6
6,10,36,0:344,note_on,22,10654,15.307467437500001,36,41,"{'type': 'note_on', 'time': 22, 'note': 36, 'velocity': 41, 'channel': 9}",-26,10680,89,-0.0373563125,6,10,hiphop/groove6
6,10,42,0:346,note_on,0,10675,15.33763984375,42,38,"{'type': 'note_on', 'time': 0, 'note': 42, 'velocity': 38, 'channel': 9}",-5,10680,89,-0.00718390625,6,10,hiphop/groove6
6,11,36,0:349,note_on,32,10778,15.485628312500001,36,55,"{'type': 'note_on', 'time': 32, 'note': 36, 'velocity': 55, 'channel': 9}",-22,10800,90,-0.031609187500000004,6,11,hiphop/groove6
6,11,42,0:351,note_on,0,10794,15.508616812500001,42,91,"{'type': 'note_on', 'time': 0, 'note': 22, 'velocity': 91, 'channel': 9}",-6,10800,90,-0.008620687500000002,6,11,hiphop/groove6
6,13,46,0:355,note_on,4,11034,15.8534443125,46,57,"{'type': 'note_on', 'time': 4, 'note': 26, 'velocity': 57, 'channel': 9}",-6,11040,92,-0.008620687500000002,6,13,hiphop/groove6
6,13,36,0:356,note_on,8,11042,15.8649385625,36,127,"{'type': 'note_on', 'time': 8, 'note': 36, 'velocity': 127, 'channel': 9}",2,11040,92,0.0028735625000000002,6,13,hiphop/groove6
6,15,36,0:362,note_on,127,11265,16.18534078125,36,52,"{'type': 'note_on', 'time': 127, 'note': 36, 'velocity': 52, 'channel': 9}",-15,11280,94,-0.02155171875,6,15,hiphop/groove6
7,1,36,0:366,note_on,9,11525,16.558903906250002,36,116,"{'type': 'note_on', 'time': 9, 'note': 36, 'velocity': 116, 'channel': 9}",5,11520,96,0.00718390625,7,1,hiphop/groove6
7,5,38,0:373,note_on,175,11983,17.21694971875,38,127,"{'type': 'note_on', 'time': 175, 'note': 40, 'velocity': 127, 'channel': 9}",-17,12000,100,-0.024425281250000003,7,5,hiphop/groove6
7,5,42,0:375,note_on,0,11989,17.22557040625,42,127,"{'type': 'note_on', 'time': 0, 'note': 22, 'velocity': 127, 'channel': 9}",-11,12000,100,-0.015804593750000002,7,5,hiphop/groove6
7,6,42,0:379,note_on,0,12108,17.396547375,42,37,"{'type': 'note_on', 'time': 0, 'note': 42, 'velocity': 37, 'channel': 9}",-12,12120,101,-0.017241375000000003,7,6,hiphop/groove6
7,7,42,0:382,note_on,0,12223,17.561777218750002,42,39,"{'type': 'note_on', 'time': 0, 'note': 22, 'velocity': 39, 'channel': 9}",-17,12240,102,-0.024425281250000003,7,7,hiphop/groove6
7,8,42,0:385,note_on,0,12333,17.71982315625,42,22,"{'type': 'note_on', 'time': 0, 'note': 42, 'velocity': 22, 'channel': 9}",-27,12360,103,-0.03879309375,7,8,hiphop/groove6
7,8,36,0:386,note_on,17,12350,17.7442484375,36,57,"{'type': 'note_on', 'time': 17, 'note': 36, 'velocity': 57, 'channel': 9}",-10,12360,103,-0.0143678125,7,8,hiphop/groove6
7,9,42,0:390,note_on,0,12458,17.8994208125,42,86,"{'type': 'note_on', 'time': 0, 'note': 22, 'velocity': 86, 'channel': 9}",-22,12480,104,-0.031609187500000004,7,9,hiphop/groove6
7,10,36,0:392,note_on,53,12582,18.0775816875,36,49,"{'type': 'note_on', 'time': 53, 'note': 36, 'velocity': 49, 'channel': 9}",-18,12600,105,-0.0258620625,7,10,hiphop/groove6
7,10,42,0:394,note_on,0,12585,18.081892031250003,42,12,"{'type': 'note_on', 'time': 0, 'note': 42, 'velocity': 12, 'channel': 9}",-15,12600,105,-0.02155171875,7,10,hiphop/groove6
7,11,42,0:398,note_on,0,12709,18.260052906250003,42,64,"{'type': 'note_on', 'time': 0, 'note': 22, 'velocity': 64, 'channel': 9}",-11,12720,106,-0.015804593750000002,7,11,hiphop/groove6
7,11,36,0:399,note_on,5,12714,18.267236812500002,36,55,"{'type': 'note_on', 'time': 5, 'note': 36, 'velocity': 55, 'channel': 9}",-6,12720,106,-0.008620687500000002,7,11,hiphop/groove6
7,12,38,0:402,note_on,33,12816,18.413788500000003,38,5,"{'type': 'note_on', 'time': 33, 'note': 38, 'velocity': 5, 'channel': 9}",-24,12840,107,-0.034482750000000006,7,12,hiphop/groove6
7,12,42,0:404,note_on,0,12822,18.4224091875,42,30,"{'type': 'note_on', 'time': 0, 'note': 22, 'velocity': 30, 'channel': 9}",-18,12840,107,-0.0258620625,7,12,hiphop/groove6
7,13,38,0:407,note_on,54,12947,18.60200684375,38,106,"{'type': 'note_on', 'time': 54, 'note': 40, 'velocity': 106, 'channel': 9}",-13,12960,108,-0.01867815625,7,13,hiphop/groove6
7,13,42,0:409,note_on,0,12949,18.60488040625,42,68,"{'type': 'note_on', 'time': 0, 'note': 22, 'velocity': 68, 'channel': 9}",-11,12960,108,-0.015804593750000002,7,13,hiphop/groove6
7,14,36,0:412,note_on,45,13065,18.77154703125,36,58,"{'type': 'note_on', 'time': 45, 'note': 36, 'velocity': 58, 'channel': 9}",-15,13080,109,-0.02155171875,7,14,hiphop/groove6
7,14,42,0:414,note_on,0,13073,18.78304128125,42,25,"{'type': 'note_on', 'time': 0, 'note': 42, 'velocity': 25, 'channel': 9}",-7,13080,109,-0.010057468750000001,7,14,hiphop/groove6
7,15,42,0:418,note_on,0,13197,18.961202156250003,42,90,"{'type': 'note_on', 'time': 0, 'note': 22, 'velocity': 90, 'channel': 9}",-3,13200,110,-0.004310343750000001,7,15,hiphop/groove6
7,16,42,0:421,note_on,0,13315,19.13074234375,42,17,"{'type': 'note_on', 'time': 0, 'note': 22, 'velocity': 17, 'channel': 9}",-5,13320,111,-0.00718390625,7,16,hiphop/groove6
7,16,36,0:422,note_on,0,13315,19.13074234375,36,41,"{'type': 'note_on', 'time': 0, 'note': 36, 'velocity': 41, 'channel': 9}",-5,13320,111,-0.00718390625,7,16,hiphop/groove6
8,1,36,0:425,note_on,53,13438,19.3074664375,36,55,"{'type': 'note_on', 'time': 53, 'note': 36, 'velocity': 55, 'channel': 9}",-2,13440,112,-0.0028735625000000002,8,1,hiphop/groove6
8,1,42,0:427,note_on,0,13440,19.31034,42,84,"{'type': 'note_on', 'time': 0, 'note': 42, 'velocity': 84, 'channel': 9}",0,13440,112,0.0,8,1,hiphop/groove6
8,2,42,0:431,note_on,0,13552,19.471259500000002,42,31,"{'type': 'note_on', 'time': 0, 'note': 42, 'velocity': 31, 'channel': 9}",-8,13560,113,-0.011494250000000001,8,2,hiphop/groove6
8,3,42,0:434,note_on,0,13674,19.646546812500002,42,118,"{'type': 'note_on', 'time': 0, 'note': 22, 'velocity': 118, 'channel': 9}",-6,13680,114,-0.008620687500000002,8,3,hiphop/groove6
8,4,42,0:437,note_on,0,13792,19.816087000000003,42,15,"{'type': 'note_on', 'time': 0, 'note': 42, 'velocity': 15, 'channel': 9}",-8,13800,115,-0.011494250000000001,8,4,hiphop/groove6
8,4,36,0:438,note_on,4,13796,19.821834125000002,36,52,"{'type': 'note_on', 'time': 4, 'note': 36, 'velocity': 52, 'channel': 9}",-4,13800,115,-0.0057471250000000005,8,4,hiphop/groove6
8,5,38,0:441,note_on,44,13910,19.9856271875,38,111,"{'type': 'note_on', 'time': 44, 'note': 40, 'velocity': 111, 'channel': 9}",-10,13920,116,-0.0143678125,8,5,hiphop/groove6
8,5,42,0:443,note_on,0,13915,19.992811093750003,42,68,"{'type': 'note_on', 'time': 0, 'note': 22, 'velocity': 68, 'channel': 9}",-5,13920,116,-0.00718390625,8,5,hiphop/groove6
8,6,42,0:447,note_on,0,14036,20.166661625000003,42,27,"{'type': 'note_on', 'time': 0, 'note': 42, 'velocity': 27, 'channel': 9}",-4,14040,117,-0.0057471250000000005,8,6,hiphop/groove6
8,7,42,0:450,note_on,0,14161,20.346259281250003,42,83,"{'type': 'note_on', 'time': 0, 'note': 22, 'velocity': 83, 'channel': 9}",1,14160,118,0.0014367812500000001,8,7,hiphop/groove6
8,8,36,0:452,note_on,43,14274,20.5086155625,36,57,"{'type': 'note_on', 'time': 43, 'note': 36, 'velocity': 57, 'channel': 9}",-6,14280,119,-0.008620687500000002,8,8,hiphop/groove6
8,8,42,0:454,note_on,0,14287,20.527293718750002,42,43,"{'type': 'note_on', 'time': 0, 'note': 42, 'velocity': 43, 'channel': 9}",7,14280,119,0.010057468750000001,8,8,hiphop/groove6
8,9,42,0:458,note_on,0,14409,20.702581031250002,42,66,"{'type': 'note_on', 'time': 0, 'note': 22, 'velocity': 66, 'channel': 9}",9,14400,120,0.01293103125,8,9,hiphop/groove6
8,10,36,0:460,note_on,27,14507,20.843385593750003,36,44,"{'type': 'note_on', 'time': 27, 'note': 36, 'velocity': 44, 'channel': 9}",-13,14520,121,-0.01867815625,8,10,hiphop/groove6
8,10,42,0:462,note_on,0,14527,20.872121218750003,42,36,"{'type': 'note_on', 'time': 0, 'note': 42, 'velocity': 36, 'channel': 9}",7,14520,121,0.010057468750000001,8,10,hiphop/groove6
8,11,42,0:466,note_on,0,14637,21.030167156250002,42,87,"{'type': 'note_on', 'time': 0, 'note': 22, 'velocity': 87, 'channel': 9}",-3,14640,122,-0.004310343750000001,8,11,hiphop/groove6
8,11,36,0:467,note_on,9,14646,21.0430981875,36,55,"{'type': 'note_on', 'time': 9, 'note': 36, 'velocity': 55, 'channel': 9}",6,14640,122,0.008620687500000002,8,11,hiphop/groove6
8,12,42,0:471,note_on,0,14756,21.201144125000003,42,35,"{'type': 'note_on', 'time': 0, 'note': 42, 'velocity': 35, 'channel': 9}",-4,14760,123,-0.0057471250000000005,8,12,hiphop/groove6
8,13,38,0:473,note_on,49,14876,21.373557875000003,38,98,"{'type': 'note_on', 'time': 49, 'note': 40, 'velocity': 98, 'channel': 9}",-4,14880,124,-0.0057471250000000005,8,13,hiphop/groove6
8,13,42,0:475,note_on,0,14878,21.376431437500003,42,52,"{'type': 'note_on', 'time': 0, 'note': 42, 'velocity': 52, 'channel': 9}",-2,14880,124,-0.0028735625000000002,8,13,hiphop/groove6
8,14,36,0:478,note_on,42,14991,21.53878771875,36,73,"{'type': 'note_on', 'time': 42, 'note': 36, 'velocity': 73, 'channel': 9}",-9,15000,125,-0.01293103125,8,14,hiphop/groove6
8,14,46,0:480,note_on,0,14997,21.547408406250003,46,66,"{'type': 'note_on', 'time': 0, 'note': 26, 'velocity': 66, 'channel': 9}",-3,15000,125,-0.004310343750000001,8,14,hiphop/groove6
8,15,42,0:486,note_on,16,15123,21.728442843750003,42,40,"{'type': 'note_on', 'time': 16, 'note': 42, 'velocity': 40, 'channel': 9}",3,15120,126,0.004310343750000001,8,15,hiphop/groove6
8,16,36,0:490,note_on,29,15222,21.8706841875,36,47,"{'type': 'note_on', 'time': 29, 'note': 36, 'velocity': 47, 'channel': 9}",-18,15240,127,-0.0258620625,8,16,hiphop/groove6
8,16,42,0:492,note_on,0,15233,21.88648878125,42,6,"{'type': 'note_on', 'time': 0, 'note': 42, 'velocity': 6, 'channel': 9}",-7,15240,127,-0.010057468750000001,8,16,hiphop/groove6
9,1,42,0:496,note_on,0,15355,22.06177609375,42,70,"{'type': 'note_on', 'time': 0, 'note': 22, 'velocity': 70, 'channel': 9}",-5,15360,128,-0.00718390625,9,1,hiphop/groove6
9,1,36,0:497,note_on,2,15357,22.06464965625,36,86,"{'type': 'note_on', 'time': 2, 'note': 36, 'velocity': 86, 'channel': 9}",-3,15360,128,-0.004310343750000001,9,1,hiphop/groove6
9,2,42,0:501,note_on,0,15469,22.225569156250003,42,20,"{'type': 'note_on', 'time': 0, 'note': 22, 'velocity': 20, 'channel': 9}",-11,15480,129,-0.015804593750000002,9,2,hiphop/groove6
9,3,42,0:504,note_on,0,15594,22.405166812500003,42,77,"{'type': 'note_on', 'time': 0, 'note': 22, 'velocity': 77, 'channel': 9}",-6,15600,130,-0.008620687500000002,9,3,hiphop/groove6
9,4,42,0:507,note_on,0,15715,22.579017343750003,42,30,"{'type': 'note_on', 'time': 0, 'note': 42, 'velocity': 30, 'channel': 9}",-5,15720,131,-0.00718390625,9,4,hiphop/groove6
9,4,36,0:508,note_on,5,15720,22.586201250000002,36,53,"{'type': 'note_on', 'time': 5, 'note': 36, 'velocity': 53, 'channel': 9}",0,15720,131,0.0,9,4,hiphop/groove6
9,5,38,0:511,note_on,51,15841,22.760051781250002,38,127,"{'type': 'note_on', 'time': 51, 'note': 38, 'velocity': 127, 'channel': 9}",1,15840,132,0.0014367812500000001,9,5,hiphop/groove6
9,5,42,0:513,note_on,0,15846,22.7672356875,42,88,"{'type': 'note_on', 'time': 0, 'note': 22, 'velocity': 88, 'channel': 9}",6,15840,132,0.008620687500000002,9,5,hiphop/groove6
9,6,42,0:517,note_on,0,15966,22.9396494375,42,42,"{'type': 'note_on', 'time': 0, 'note': 42, 'velocity': 42, 'channel': 9}",6,15960,133,0.008620687500000002,9,6,hiphop/groove6
9,7,42,0:520,note_on,0,16096,23.126431000000004,42,91,"{'type': 'note_on', 'time': 0, 'note': 22, 'velocity': 91, 'channel': 9}",16,16080,134,0.022988500000000002,9,7,hiphop/groove6
9,8,36,0:522,note_on,46,16213,23.29453440625,36,56,"{'type': 'note_on', 'time': 46, 'note': 36, 'velocity': 56, 'channel': 9}",13,16200,135,0.01867815625,9,8,hiphop/groove6
9,8,42,0:524,note_on,0,16223,23.308902218750003,42,33,"{'type': 'note_on', 'time': 0, 'note': 42, 'velocity': 33, 'channel': 9}",23,16200,135,0.03304596875,9,8,hiphop/groove6
9,9,42,0:528,note_on,0,16339,23.47556884375,42,83,"{'type': 'note_on', 'time': 0, 'note': 22, 'velocity': 83, 'channel': 9}",19,16320,136,0.027298843750000003,9,9,hiphop/groove6
9,10,36,0:530,note_on,31,16441,23.62212053125,36,34,"{'type': 'note_on', 'time': 31, 'note': 36, 'velocity': 34, 'channel': 9}",1,16440,137,0.0014367812500000001,9,10,hiphop/groove6
9,10,42,0:532,note_on,0,16450,23.635051562500003,42,24,"{'type': 'note_on', 'time': 0, 'note': 42, 'velocity': 24, 'channel': 9}",10,16440,137,0.0143678125,9,10,hiphop/groove6
9,11,36,0:535,note_on,41,16561,23.79453428125,36,64,"{'type': 'note_on', 'time': 41, 'note': 36, 'velocity': 64, 'channel': 9}",1,16560,138,0.0014367812500000001,9,11,hiphop/groove6
9,11,42,0:537,note_on,0,16571,23.808902093750003,42,84,"{'type': 'note_on', 'time': 0, 'note': 22, 'velocity': 84, 'channel': 9}",11,16560,138,0.015804593750000002,9,11,hiphop/groove6
9,12,42,0:541,note_on,0,16683,23.96982159375,42,41,"{'type': 'note_on', 'time': 0, 'note': 42, 'velocity': 41, 'channel': 9}",3,16680,139,0.004310343750000001,9,12,hiphop/groove6
9,13,38,0:543,note_on,45,16799,24.136488218750003,38,127,"{'type': 'note_on', 'time': 45, 'note': 38, 'velocity': 127, 'channel': 9}",-1,16800,140,-0.0014367812500000001,9,13,hiphop/groove6
9,13,42,0:545,note_on,0,16807,24.14798246875,42,85,"{'type': 'note_on', 'time': 0, 'note': 22, 'velocity': 85, 'channel': 9}",7,16800,140,0.010057468750000001,9,13,hiphop/groove6
9,14,36,0:548,note_on,47,16925,24.317522656250002,36,88,"{'type': 'note_on', 'time': 47, 'note': 36, 'velocity': 88, 'channel': 9}",5,16920,141,0.00718390625,9,14,hiphop/groove6
9,14,42,0:550,note_on,0,16926,24.318959437500002,42,40,"{'type': 'note_on', 'time': 0, 'note': 42, 'velocity': 40, 'channel': 9}",6,16920,141,0.008620687500000002,9,14,hiphop/groove6
9,15,42,0:554,note_on,0,17048,24.494246750000002,42,66,"{'type': 'note_on', 'time': 0, 'note': 22, 'velocity': 66, 'channel': 9}",8,17040,142,0.011494250000000001,9,15,hiphop/groove6
9,16,36,0:556,note_on,37,17155,24.64798234375,36,47,"{'type': 'note_on', 'time': 37, 'note': 36, 'velocity': 47, 'channel': 9}",-5,17160,143,-0.00718390625,9,16,hiphop/groove6
9,16,42,0:558,note_on,0,17158,24.6522926875,42,25,"{'type': 'note_on', 'time': 0, 'note': 42, 'velocity': 25, 'channel': 9}",-2,17160,143,-0.0028735625000000002,9,16,hiphop/groove6
10,1,42,0:562,note_on,0,17281,24.82901678125,42,82,"{'type': 'note_on', 'time': 0, 'note': 22, 'velocity': 82, 'channel': 9}",1,17280,144,0.0014367812500000001,10,1,hiphop/groove6
10,1,36,0:563,note_on,0,17281,24.82901678125,36,74,"{'type': 'note_on', 'time': 0, 'note': 36, 'velocity': 74, 'channel': 9}",1,17280,144,0.0014367812500000001,10,1,hiphop/groove6
10,2,42,0:567,note_on,0,17390,24.985625937500004,42,25,"{'type': 'note_on', 'time': 0, 'note': 42, 'velocity': 25, 'channel': 9}",-10,17400,145,-0.0143678125,10,2,hiphop/groove6
10,3,42,0:570,note_on,0,17519,25.170970718750002,42,98,"{'type': 'note_on', 'time': 0, 'note': 22, 'velocity': 98, 'channel': 9}",-1,17520,146,-0.0014367812500000001,10,3,hiphop/groove6
10,4,36,0:572,note_on,42,17631,25.33189021875,36,55,"{'type': 'note_on', 'time': 42, 'note': 36, 'velocity': 55, 'channel': 9}",-9,17640,147,-0.01293103125,10,4,hiphop/groove6
10,4,42,0:574,note_on,0,17640,25.344821250000003,42,32,"{'type': 'note_on', 'time': 0, 'note': 42, 'velocity': 32, 'channel': 9}",0,17640,147,0.0,10,4,hiphop/groove6
10,5,42,0:578,note_on,0,17758,25.514361437500003,42,63,"{'type': 'note_on', 'time': 0, 'note': 22, 'velocity': 63, 'channel': 9}",-2,17760,148,-0.0028735625000000002,10,5,hiphop/groove6
10,5,38,0:579,note_on,0,17758,25.514361437500003,38,125,"{'type': 'note_on', 'time': 0, 'note': 38, 'velocity': 125, 'channel': 9}",-2,17760,148,-0.0028735625000000002,10,5,hiphop/groove6
10,6,42,0:583,note_on,0,17871,25.67671771875,42,49,"{'type': 'note_on', 'time': 0, 'note': 42, 'velocity': 49, 'channel': 9}",-9,17880,149,-0.01293103125,10,6,hiphop/groove6
10,7,42,0:586,note_on,0,17995,25.85487859375,42,92,"{'type': 'note_on', 'time': 0, 'note': 22, 'velocity': 92, 'channel': 9}",-5,18000,150,-0.00718390625,10,7,hiphop/groove6
10,8,36,0:588,note_on,51,18117,26.03016590625,36,57,"{'type': 'note_on', 'time': 51, 'note': 36, 'velocity': 57, 'channel': 9}",-3,18120,151,-0.004310343750000001,10,8,hiphop/groove6
10,8,42,0:590,note_on,0,18119,26.03303946875,42,31,"{'type': 'note_on', 'time': 0, 'note': 42, 'velocity': 31, 'channel': 9}",-1,18120,151,-0.0014367812500000001,10,8,hiphop/groove6
10,9,42,0:594,note_on,0,18233,26.196832531250003,42,87,"{'type': 'note_on', 'time': 0, 'note': 22, 'velocity': 87, 'channel': 9}",-7,18240,152,-0.010057468750000001,10,9,hiphop/groove6
10,10,36,0:596,note_on,31,18334,26.341947437500004,36,38,"{'type': 'note_on', 'time': 31, 'note': 36, 'velocity': 38, 'channel': 9}",-26,18360,153,-0.0373563125,10,10,hiphop/groove6
10,10,42,0:598,note_on,0,18353,26.369246281250003,42,31,"{'type': 'note_on', 'time': 0, 'note': 42, 'velocity': 31, 'channel': 9}",-7,18360,153,-0.010057468750000001,10,10,hiphop/groove6
10,11,36,0:601,note_on,43,18467,26.53303934375,36,57,"{'type': 'note_on', 'time': 43, 'note': 36, 'velocity': 57, 'channel': 9}",-13,18480,154,-0.01867815625,10,11,hiphop/groove6
10,11,42,0:603,note_on,0,18473,26.541660031250004,42,73,"{'type': 'note_on', 'time': 0, 'note': 22, 'velocity': 73, 'channel': 9}",-7,18480,154,-0.010057468750000001,10,11,hiphop/groove6
10,11,38,0:604,note_on,50,18523,26.61349909375,38,8,"{'type': 'note_on', 'time': 50, 'note': 38, 'velocity': 8, 'channel': 9}",43,18480,154,0.06178159375,10,11,hiphop/groove6
10,12,42,0:608,note_on,0,18581,26.696832406250003,42,29,"{'type': 'note_on', 'time': 0, 'note': 42, 'velocity': 29, 'channel': 9}",-19,18600,155,-0.027298843750000003,10,12,hiphop/groove6
10,13,36,0:611,note_on,56,18707,26.877866843750002,36,104,"{'type': 'note_on', 'time': 56, 'note': 36, 'velocity': 104, 'channel': 9}",-13,18720,156,-0.01867815625,10,13,hiphop/groove6
10,13,38,0:612,note_on,1,18708,26.879303625000002,38,115,"{'type': 'note_on', 'time': 1, 'note': 40, 'velocity': 115, 'channel': 9}",-12,18720,156,-0.017241375000000003,10,13,hiphop/groove6
10,13,42,0:614,note_on,0,18718,26.893671437500004,42,84,"{'type': 'note_on', 'time': 0, 'note': 22, 'velocity': 84, 'channel': 9}",-2,18720,156,-0.0028735625000000002,10,13,hiphop/groove6
10,15,36,0:618,note_on,148,18937,27.208326531250002,36,55,"{'type': 'note_on', 'time': 148, 'note': 36, 'velocity': 55, 'channel': 9}",-23,18960,158,-0.03304596875,10,15,hiphop/groove6
11,1,36,0:620,note_on,177,19184,27.5632115,36,98,"{'type': 'note_on', 'time': 177, 'note': 36, 'velocity': 98, 'channel': 9}",-16,19200,160,-0.022988500000000002,11,1,hiphop/groove6
11,5,38,0:622,note_on,415,19669,28.260050406250002,38,126,"{'type': 'note_on', 'time': 415, 'note': 40, 'velocity': 126, 'channel': 9}",-11,19680,164,-0.015804593750000002,11,5,hiphop/groove6
11,5,42,0:624,note_on,0,19675,28.26867109375,42,118,"{'type': 'note_on', 'time': 0, 'note': 22, 'velocity': 118, 'channel': 9}",-5,19680,164,-0.00718390625,11,5,hiphop/groove6
11,6,42,0:628,note_on,0,19790,28.433900937500002,42,58,"{'type': 'note_on', 'time': 0, 'note': 42, 'velocity': 58, 'channel': 9}",-10,19800,165,-0.0143678125,11,6,hiphop/groove6
11,7,42,0:631,note_on,0,19914,28.612061812500002,42,67,"{'type': 'note_on', 'time': 0, 'note': 22, 'velocity': 67, 'channel': 9}",-6,19920,166,-0.008620687500000002,11,7,hiphop/groove6
11,8,42,0:634,note_on,0,20033,28.783038781250003,42,34,"{'type': 'note_on', 'time': 0, 'note': 42, 'velocity': 34, 'channel': 9}",-7,20040,167,-0.010057468750000001,11,8,hiphop/groove6
11,8,36,0:635,note_on,3,20036,28.787349125000002,36,57,"{'type': 'note_on', 'time': 3, 'note': 36, 'velocity': 57, 'channel': 9}",-4,20040,167,-0.0057471250000000005,11,8,hiphop/groove6
11,9,42,0:639,note_on,0,20155,28.958326093750003,42,73,"{'type': 'note_on', 'time': 0, 'note': 22, 'velocity': 73, 'channel': 9}",-5,20160,168,-0.00718390625,11,9,hiphop/groove6
11,10,36,0:641,note_on,36,20262,29.112061687500002,36,45,"{'type': 'note_on', 'time': 36, 'note': 36, 'velocity': 45, 'channel': 9}",-18,20280,169,-0.0258620625,11,10,hiphop/groove6
11,10,42,0:643,note_on,0,20265,29.116372031250002,42,22,"{'type': 'note_on', 'time': 0, 'note': 42, 'velocity': 22, 'channel': 9}",-15,20280,169,-0.02155171875,11,10,hiphop/groove6
11,11,36,0:646,note_on,44,20380,29.281601875000003,36,57,"{'type': 'note_on', 'time': 44, 'note': 36, 'velocity': 57, 'channel': 9}",-20,20400,170,-0.028735625,11,11,hiphop/groove6
11,11,42,0:648,note_on,0,20386,29.290222562500002,42,72,"{'type': 'note_on', 'time': 0, 'note': 22, 'velocity': 72, 'channel': 9}",-14,20400,170,-0.020114937500000003,11,11,hiphop/groove6
11,12,42,0:652,note_on,0,20502,29.456889187500003,42,36,"{'type': 'note_on', 'time': 0, 'note': 42, 'velocity': 36, 'channel': 9}",-18,20520,171,-0.0258620625,11,12,hiphop/groove6
11,13,38,0:654,note_on,49,20621,29.627866156250004,38,116,"{'type': 'note_on', 'time': 49, 'note': 40, 'velocity': 116, 'channel': 9}",-19,20640,172,-0.027298843750000003,11,13,hiphop/groove6
11,13,42,0:656,note_on,0,20624,29.632176500000003,42,84,"{'type': 'note_on', 'time': 0, 'note': 22, 'velocity': 84, 'channel': 9}",-16,20640,172,-0.022988500000000002,11,13,hiphop/groove6
11,14,42,0:660,note_on,0,20743,29.803153468750004,42,40,"{'type': 'note_on', 'time': 0, 'note': 42, 'velocity': 40, 'channel': 9}",-17,20760,173,-0.024425281250000003,11,14,hiphop/groove6
11,14,36,0:661,note_on,14,20757,29.82326840625,36,65,"{'type': 'note_on', 'time': 14, 'note': 36, 'velocity': 65, 'channel': 9}",-3,20760,173,-0.004310343750000001,11,14,hiphop/groove6
11,15,42,0:665,note_on,0,20862,29.9741304375,42,84,"{'type': 'note_on', 'time': 0, 'note': 22, 'velocity': 84, 'channel': 9}",-18,20880,174,-0.0258620625,11,15,hiphop/groove6
11,16,42,0:668,note_on,0,20980,30.143670625000002,42,28,"{'type': 'note_on', 'time': 0, 'note': 42, 'velocity': 28, 'channel': 9}",-20,21000,175,-0.028735625,11,16,hiphop/groove6
11,16,36,0:669,note_on,19,20999,30.170969468750002,36,48,"{'type': 'note_on', 'time': 19, 'note': 36, 'velocity': 48, 'channel': 9}",-1,21000,175,-0.0014367812500000001,11,16,hiphop/groove6
12,1,42,0:673,note_on,0,21109,30.329015406250004,42,91,"{'type': 'note_on', 'time': 0, 'note': 22, 'velocity': 91, 'channel': 9}",-11,21120,176,-0.015804593750000002,12,1,hiphop/groove6
12,1,36,0:674,note_on,11,21120,30.344820000000002,36,73,"{'type': 'note_on', 'time': 11, 'note': 36, 'velocity': 73, 'channel': 9}",0,21120,176,0.0,12,1,hiphop/groove6
12,2,42,0:678,note_on,0,21229,30.50142915625,42,36,"{'type': 'note_on', 'time': 0, 'note': 42, 'velocity': 36, 'channel': 9}",-11,21240,177,-0.015804593750000002,12,2,hiphop/groove6
12,3,42,0:681,note_on,0,21353,30.67959003125,42,91,"{'type': 'note_on', 'time': 0, 'note': 22, 'velocity': 91, 'channel': 9}",-7,21360,178,-0.010057468750000001,12,3,hiphop/groove6
12,4,42,0:684,note_on,0,21466,30.841946312500003,42,15,"{'type': 'note_on', 'time': 0, 'note': 42, 'velocity': 15, 'channel': 9}",-14,21480,179,-0.020114937500000003,12,4,hiphop/groove6
12,4,36,0:685,note_on,12,21478,30.859187687500004,36,57,"{'type': 'note_on', 'time': 12, 'note': 36, 'velocity': 57, 'channel': 9}",-2,21480,179,-0.0028735625000000002,12,4,hiphop/groove6
12,5,42,0:689,note_on,0,21593,31.024417531250002,42,70,"{'type': 'note_on', 'time': 0, 'note': 22, 'velocity': 70, 'channel': 9}",-7,21600,180,-0.010057468750000001,12,5,hiphop/groove6
12,5,38,0:690,note_on,2,21595,31.02729109375,38,87,"{'type': 'note_on', 'time': 2, 'note': 37, 'velocity': 87, 'channel': 9}",-5,21600,180,-0.00718390625,12,5,hiphop/groove6
12,6,42,0:694,note_on,0,21715,31.199704843750002,42,28,"{'type': 'note_on', 'time': 0, 'note': 42, 'velocity': 28, 'channel': 9}",-5,21720,181,-0.00718390625,12,6,hiphop/groove6
12,7,42,0:697,note_on,0,21835,31.372118593750002,42,72,"{'type': 'note_on', 'time': 0, 'note': 22, 'velocity': 72, 'channel': 9}",-5,21840,182,-0.00718390625,12,7,hiphop/groove6
12,8,36,0:699,note_on,48,21954,31.543095562500003,36,58,"{'type': 'note_on', 'time': 48, 'note': 36, 'velocity': 58, 'channel': 9}",-6,21960,183,-0.008620687500000002,12,8,hiphop/groove6
12,8,42,0:701,note_on,0,21956,31.545969125000003,42,45,"{'type': 'note_on', 'time': 0, 'note': 42, 'velocity': 45, 'channel': 9}",-4,21960,183,-0.0057471250000000005,12,8,hiphop/groove6
12,9,42,0:705,note_on,0,22075,31.716946093750003,42,84,"{'type': 'note_on', 'time': 0, 'note': 22, 'velocity': 84, 'channel': 9}",-5,22080,184,-0.00718390625,12,9,hiphop/groove6
12,10,36,0:707,note_on,16,22161,31.840509281250004,36,40,"{'type': 'note_on', 'time': 16, 'note': 36, 'velocity': 40, 'channel': 9}",-39,22200,185,-0.056034468750000004,12,10,hiphop/groove6
12,10,42,0:709,note_on,0,22193,31.886486281250004,42,20,"{'type': 'note_on', 'time': 0, 'note': 42, 'velocity': 20, 'channel': 9}",-7,22200,185,-0.010057468750000001,12,10,hiphop/groove6
12,11,42,0:713,note_on,0,22303,32.04453221875,42,81,"{'type': 'note_on', 'time': 0, 'note': 22, 'velocity': 81, 'channel': 9}",-17,22320,186,-0.024425281250000003,12,11,hiphop/groove6
12,11,36,0:714,note_on,3,22306,32.048842562500006,36,57,"{'type': 'note_on', 'time': 3, 'note': 36, 'velocity': 57, 'channel': 9}",-14,22320,186,-0.020114937500000003,12,11,hiphop/groove6
12,12,42,0:718,note_on,0,22419,32.211198843750005,42,50,"{'type': 'note_on', 'time': 0, 'note': 42, 'velocity': 50, 'channel': 9}",-21,22440,187,-0.030172406250000002,12,12,hiphop/groove6
12,13,38,0:720,note_on,56,22546,32.3936700625,38,109,"{'type': 'note_on', 'time': 56, 'note': 40, 'velocity': 109, 'channel': 9}",-14,22560,188,-0.020114937500000003,12,13,hiphop/groove6
12,13,42,0:722,note_on,0,22549,32.39798040625,42,40,"{'type': 'note_on', 'time': 0, 'note': 42, 'velocity': 40, 'channel': 9}",-11,22560,188,-0.015804593750000002,12,13,hiphop/groove6
12,14,36,0:726,note_on,6,22668,32.568957375000004,36,55,"{'type': 'note_on', 'time': 6, 'note': 36, 'velocity': 55, 'channel': 9}",-12,22680,189,-0.017241375000000003,12,14,hiphop/groove6
12,14,46,0:727,note_on,2,22670,32.5718309375,46,64,"{'type': 'note_on', 'time': 2, 'note': 26, 'velocity': 64, 'channel': 9}",-10,22680,189,-0.0143678125,12,14,hiphop/groove6
12,15,42,0:733,note_on,16,22785,32.73706078125,42,37,"{'type': 'note_on', 'time': 16, 'note': 42, 'velocity': 37, 'channel': 9}",-15,22800,190,-0.02155171875,12,15,hiphop/groove6
12,16,36,0:737,note_on,37,22892,32.890796375,36,46,"{'type': 'note_on', 'time': 37, 'note': 36, 'velocity': 46, 'channel': 9}",-28,22920,191,-0.040229875000000005,12,16,hiphop/groove6
12,16,42,0:739,note_on,0,22902,32.905164187500006,42,66,"{'type': 'note_on', 'time': 0, 'note': 42, 'velocity': 66, 'channel': 9}",-18,22920,191,-0.0258620625,12,16,hiphop/groove6
13,1,36,0:742,note_on,52,23024,33.0804515,36,99,"{'type': 'note_on', 'time': 52, 'note': 36, 'velocity': 99, 'channel': 9}",-16,23040,192,-0.022988500000000002,13,1,hiphop/groove6
13,1,42,0:744,note_on,0,23034,33.0948193125,42,63,"{'type': 'note_on', 'time': 0, 'note': 22, 'velocity': 63, 'channel': 9}",-6,23040,192,-0.008620687500000002,13,1,hiphop/groove6
13,2,42,0:748,note_on,0,23144,33.252865250000006,42,25,"{'type': 'note_on', 'time': 0, 'note': 42, 'velocity': 25, 'channel': 9}",-16,23160,193,-0.022988500000000002,13,2,hiphop/groove6
13,3,42,0:751,note_on,0,23269,33.43246290625,42,94,"{'type': 'note_on', 'time': 0, 'note': 22, 'velocity': 94, 'channel': 9}",-11,23280,194,-0.015804593750000002,13,3,hiphop/groove6
13,4,36,0:754,note_on,0,23383,33.59625596875,36,55,"{'type': 'note_on', 'time': 0, 'note': 36, 'velocity': 55, 'channel': 9}",-17,23400,195,-0.024425281250000003,13,4,hiphop/groove6
13,4,42,0:755,note_on,0,23383,33.59625596875,42,32,"{'type': 'note_on', 'time': 0, 'note': 42, 'velocity': 32, 'channel': 9}",-17,23400,195,-0.024425281250000003,13,4,hiphop/groove6
13,5,42,0:759,note_on,0,23520,33.793095,42,83,"{'type': 'note_on', 'time': 0, 'note': 22, 'velocity': 83, 'channel': 9}",0,23520,196,0.0,13,5,hiphop/groove6
13,5,38,0:760,note_on,5,23525,33.80027890625,38,101,"{'type': 'note_on', 'time': 5, 'note': 40, 'velocity': 101, 'channel': 9}",5,23520,196,0.00718390625,13,5,hiphop/groove6
13,6,42,0:764,note_on,0,23640,33.965508750000005,42,30,"{'type': 'note_on', 'time': 0, 'note': 42, 'velocity': 30, 'channel': 9}",0,23640,197,0.0,13,6,hiphop/groove6
13,7,42,0:767,note_on,0,23766,34.1465431875,42,86,"{'type': 'note_on', 'time': 0, 'note': 22, 'velocity': 86, 'channel': 9}",6,23760,198,0.008620687500000002,13,7,hiphop/groove6
13,8,36,0:769,note_on,49,23886,34.318956937500005,36,55,"{'type': 'note_on', 'time': 49, 'note': 36, 'velocity': 55, 'channel': 9}",6,23880,199,0.008620687500000002,13,8,hiphop/groove6
13,8,42,0:771,note_on,0,23889,34.323267281250004,42,34,"{'type': 'note_on', 'time': 0, 'note': 42, 'velocity': 34, 'channel': 9}",9,23880,199,0.01293103125,13,8,hiphop/groove6
13,9,42,0:775,note_on,0,24006,34.4913706875,42,78,"{'type': 'note_on', 'time': 0, 'note': 22, 'velocity': 78, 'channel': 9}",6,24000,200,0.008620687500000002,13,9,hiphop/groove6
13,10,42,0:778,note_on,0,24124,34.660910875000006,42,36,"{'type': 'note_on', 'time': 0, 'note': 42, 'velocity': 36, 'channel': 9}",4,24120,201,0.0057471250000000005,13,10,hiphop/groove6
13,10,36,0:779,note_on,7,24131,34.670968343750005,36,53,"{'type': 'note_on', 'time': 7, 'note': 36, 'velocity': 53, 'channel': 9}",11,24120,201,0.015804593750000002,13,10,hiphop/groove6
13,11,42,0:783,note_on,0,24244,34.833324625,42,60,"{'type': 'note_on', 'time': 0, 'note': 22, 'velocity': 60, 'channel': 9}",4,24240,202,0.0057471250000000005,13,11,hiphop/groove6
13,11,36,0:784,note_on,5,24249,34.84050853125,36,56,"{'type': 'note_on', 'time': 5, 'note': 36, 'velocity': 56, 'channel': 9}",9,24240,202,0.01293103125,13,11,hiphop/groove6
13,12,42,0:788,note_on,0,24358,34.9971176875,42,33,"{'type': 'note_on', 'time': 0, 'note': 42, 'velocity': 33, 'channel': 9}",-2,24360,203,-0.0028735625000000002,13,12,hiphop/groove6
13,13,38,0:790,note_on,34,24462,35.1465429375,38,95,"{'type': 'note_on', 'time': 34, 'note': 40, 'velocity': 95, 'channel': 9}",-18,24480,204,-0.0258620625,13,13,hiphop/groove6
13,13,42,0:792,note_on,0,24476,35.166657875000006,42,77,"{'type': 'note_on', 'time': 0, 'note': 22, 'velocity': 77, 'channel': 9}",-4,24480,204,-0.0057471250000000005,13,13,hiphop/groove6
13,14,36,0:795,note_on,48,24594,35.3361980625,36,67,"{'type': 'note_on', 'time': 48, 'note': 36, 'velocity': 67, 'channel': 9}",-6,24600,205,-0.008620687500000002,13,14,hiphop/groove6
13,14,42,0:797,note_on,0,24600,35.34481875,42,32,"{'type': 'note_on', 'time': 0, 'note': 42, 'velocity': 32, 'channel': 9}",0,24600,205,0.0,13,14,hiphop/groove6
13,15,42,0:801,note_on,0,24721,35.518669281250006,42,75,"{'type': 'note_on', 'time': 0, 'note': 22, 'velocity': 75, 'channel': 9}",1,24720,206,0.0014367812500000001,13,15,hiphop/groove6
13,16,36,0:803,note_on,25,24816,35.6551635,36,51,"{'type': 'note_on', 'time': 25, 'note': 36, 'velocity': 51, 'channel': 9}",-24,24840,207,-0.034482750000000006,13,16,hiphop/groove6
13,16,42,0:805,note_on,0,24838,35.6867726875,42,35,"{'type': 'note_on', 'time': 0, 'note': 42, 'velocity': 35, 'channel': 9}",-2,24840,207,-0.0028735625000000002,13,16,hiphop/groove6
14,1,36,0:808,note_on,31,24940,35.833324375000004,36,104,"{'type': 'note_on', 'time': 31, 'note': 36, 'velocity': 104, 'channel': 9}",-20,24960,208,-0.028735625,14,1,hiphop/groove6
14,1,42,0:810,note_on,0,24955,35.85487609375,42,88,"{'type': 'note_on', 'time': 0, 'note': 22, 'velocity': 88, 'channel': 9}",-5,24960,208,-0.00718390625,14,1,hiphop/groove6
14,2,42,0:814,note_on,0,25068,36.017232375000006,42,49,"{'type': 'note_on', 'time': 0, 'note': 22, 'velocity': 49, 'channel': 9}",-12,25080,209,-0.017241375000000003,14,2,hiphop/groove6
14,3,42,0:817,note_on,0,25191,36.19395646875,42,68,"{'type': 'note_on', 'time': 0, 'note': 22, 'velocity': 68, 'channel': 9}",-9,25200,210,-0.01293103125,14,3,hiphop/groove6
14,4,36,0:820,note_on,0,25304,36.35631275,36,70,"{'type': 'note_on', 'time': 0, 'note': 36, 'velocity': 70, 'channel': 9}",-16,25320,211,-0.022988500000000002,14,4,hiphop/groove6
14,4,42,0:821,note_on,0,25304,36.35631275,42,36,"{'type': 'note_on', 'time': 0, 'note': 42, 'velocity': 36, 'channel': 9}",-16,25320,211,-0.022988500000000002,14,4,hiphop/groove6
14,5,42,0:825,note_on,0,25436,36.545967875,42,83,"{'type': 'note_on', 'time': 0, 'note': 22, 'velocity': 83, 'channel': 9}",-4,25440,212,-0.0057471250000000005,14,5,hiphop/groove6
14,5,38,0:826,note_on,3,25439,36.55027821875,38,108,"{'type': 'note_on', 'time': 3, 'note': 40, 'velocity': 108, 'channel': 9}",-1,25440,212,-0.0014367812500000001,14,5,hiphop/groove6
14,6,42,0:830,note_on,0,25551,36.71119771875,42,27,"{'type': 'note_on', 'time': 0, 'note': 42, 'velocity': 27, 'channel': 9}",-9,25560,213,-0.01293103125,14,6,hiphop/groove6
14,7,42,0:833,note_on,0,25681,36.89797928125,42,88,"{'type': 'note_on', 'time': 0, 'note': 22, 'velocity': 88, 'channel': 9}",1,25680,214,0.0014367812500000001,14,7,hiphop/groove6
14,8,36,0:835,note_on,48,25799,37.06751946875001,36,61,"{'type': 'note_on', 'time': 48, 'note': 36, 'velocity': 61, 'channel': 9}",-1,25800,215,-0.0014367812500000001,14,8,hiphop/groove6
14,8,42,0:837,note_on,0,25801,37.070393031250006,42,43,"{'type': 'note_on', 'time': 0, 'note': 42, 'velocity': 43, 'channel': 9}",1,25800,215,0.0014367812500000001,14,8,hiphop/groove6
14,9,42,0:841,note_on,0,25921,37.24280678125,42,84,"{'type': 'note_on', 'time': 0, 'note': 22, 'velocity': 84, 'channel': 9}",1,25920,216,0.0014367812500000001,14,9,hiphop/groove6
14,10,36,0:843,note_on,29,26020,37.385048125000004,36,43,"{'type': 'note_on', 'time': 29, 'note': 36, 'velocity': 43, 'channel': 9}",-20,26040,217,-0.028735625,14,10,hiphop/groove6
14,10,42,0:845,note_on,0,26042,37.4166573125,42,26,"{'type': 'note_on', 'time': 0, 'note': 42, 'velocity': 26, 'channel': 9}",2,26040,217,0.0028735625000000002,14,10,hiphop/groove6
14,11,42,0:849,note_on,0,26152,37.574703250000006,42,70,"{'type': 'note_on', 'time': 0, 'note': 22, 'velocity': 70, 'channel': 9}",-8,26160,218,-0.011494250000000001,14,11,hiphop/groove6
14,11,36,0:850,note_on,8,26160,37.586197500000004,36,96,"{'type': 'note_on', 'time': 8, 'note': 36, 'velocity': 96, 'channel': 9}",0,26160,218,0.0,14,11,hiphop/groove6
14,13,36,0:853,note_on,159,26390,37.9166571875,36,83,"{'type': 'note_on', 'time': 159, 'note': 36, 'velocity': 83, 'channel': 9}",-10,26400,220,-0.0143678125,14,13,hiphop/groove6
14,15,36,0:855,note_on,173,26633,38.26579503125,36,69,"{'type': 'note_on', 'time': 173, 'note': 36, 'velocity': 69, 'channel': 9}",-7,26640,222,-0.010057468750000001,14,15,hiphop/groove6
15,1,36,0:857,note_on,168,26871,38.60774896875,36,116,"{'type': 'note_on', 'time': 168, 'note': 36, 'velocity': 116, 'channel': 9}",-9,26880,224,-0.01293103125,15,1,hiphop/groove6
15,5,38,0:859,note_on,416,27357,39.30602465625,38,120,"{'type': 'note_on', 'time': 416, 'note': 40, 'velocity': 120, 'channel': 9}",-3,27360,228,-0.004310343750000001,15,5,hiphop/groove6
15,5,42,0:861,note_on,0,27365,39.31751890625,42,110,"{'type': 'note_on', 'time': 0, 'note': 22, 'velocity': 110, 'channel': 9}",5,27360,228,0.00718390625,15,5,hiphop/groove6
15,6,42,0:865,note_on,0,27485,39.489932656250005,42,38,"{'type': 'note_on', 'time': 0, 'note': 42, 'velocity': 38, 'channel': 9}",5,27480,229,0.00718390625,15,6,hiphop/groove6
15,7,42,0:868,note_on,0,27605,39.66234640625,42,61,"{'type': 'note_on', 'time': 0, 'note': 22, 'velocity': 61, 'channel': 9}",5,27600,230,0.00718390625,15,7,hiphop/groove6
15,8,42,0:871,note_on,0,27722,39.83044981250001,42,12,"{'type': 'note_on', 'time': 0, 'note': 42, 'velocity': 12, 'channel': 9}",2,27720,231,0.0028735625000000002,15,8,hiphop/groove6
15,8,36,0:872,note_on,4,27726,39.836196937500006,36,58,"{'type': 'note_on', 'time': 4, 'note': 36, 'velocity': 58, 'channel': 9}",6,27720,231,0.008620687500000002,15,8,hiphop/groove6
15,9,42,0:876,note_on,0,27848,40.01148425,42,85,"{'type': 'note_on', 'time': 0, 'note': 22, 'velocity': 85, 'channel': 9}",8,27840,232,0.011494250000000001,15,9,hiphop/groove6
15,10,36,0:878,note_on,32,27951,40.15947271875,36,46,"{'type': 'note_on', 'time': 32, 'note': 36, 'velocity': 46, 'channel': 9}",-9,27960,233,-0.01293103125,15,10,hiphop/groove6
15,10,42,0:880,note_on,0,27970,40.186771562500006,42,25,"{'type': 'note_on', 'time': 0, 'note': 42, 'velocity': 25, 'channel': 9}",10,27960,233,0.0143678125,15,10,hiphop/groove6
15,11,36,0:883,note_on,36,28077,40.340507156250005,36,62,"{'type': 'note_on', 'time': 36, 'note': 36, 'velocity': 62, 'channel': 9}",-3,28080,234,-0.004310343750000001,15,11,hiphop/groove6
15,11,42,0:885,note_on,0,28090,40.3591853125,42,76,"{'type': 'note_on', 'time': 0, 'note': 22, 'velocity': 76, 'channel': 9}",10,28080,234,0.0143678125,15,11,hiphop/groove6
15,12,42,0:889,note_on,0,28200,40.51723125,42,31,"{'type': 'note_on', 'time': 0, 'note': 42, 'velocity': 31, 'channel': 9}",0,28200,235,0.0,15,12,hiphop/groove6
15,13,38,0:891,note_on,54,28325,40.696828906250005,38,101,"{'type': 'note_on', 'time': 54, 'note': 40, 'velocity': 101, 'channel': 9}",5,28320,236,0.00718390625,15,13,hiphop/groove6
15,13,42,0:893,note_on,0,28332,40.706886375,42,72,"{'type': 'note_on', 'time': 0, 'note': 22, 'velocity': 72, 'channel': 9}",12,28320,236,0.017241375000000003,15,13,hiphop/groove6
15,14,36,0:896,note_on,44,28446,40.8706794375,36,58,"{'type': 'note_on', 'time': 44, 'note': 36, 'velocity': 58, 'channel': 9}",6,28440,237,0.008620687500000002,15,14,hiphop/groove6
15,14,42,0:898,note_on,0,28451,40.87786334375,42,36,"{'type': 'note_on', 'time': 0, 'note': 42, 'velocity': 36, 'channel': 9}",11,28440,237,0.015804593750000002,15,14,hiphop/groove6
15,15,42,0:902,note_on,0,28572,41.051713875000004,42,77,"{'type': 'note_on', 'time': 0, 'note': 22, 'velocity': 77, 'channel': 9}",12,28560,238,0.017241375000000003,15,15,hiphop/groove6
15,16,36,0:904,note_on,25,28668,41.189644875000006,36,41,"{'type': 'note_on', 'time': 25, 'note': 36, 'velocity': 41, 'channel': 9}",-12,28680,239,-0.017241375000000003,15,16,hiphop/groove6
15,16,42,0:906,note_on,0,28690,41.2212540625,42,38,"{'type': 'note_on', 'time': 0, 'note': 42, 'velocity': 38, 'channel': 9}",10,28680,239,0.0143678125,15,16,hiphop/groove6
16,1,36,0:909,note_on,33,28794,41.3706793125,36,55,"{'type': 'note_on', 'time': 33, 'note': 36, 'velocity': 55, 'channel': 9}",-6,28800,240,-0.008620687500000002,16,1,hiphop/groove6
16,1,42,0:911,note_on,0,28812,41.396541375000005,42,74,"{'type': 'note_on', 'time': 0, 'note': 22, 'velocity': 74, 'channel': 9}",12,28800,240,0.017241375000000003,16,1,hiphop/groove6
16,2,42,0:915,note_on,0,28924,41.557460875000004,42,35,"{'type': 'note_on', 'time': 0, 'note': 42, 'velocity': 35, 'channel': 9}",4,28920,241,0.0057471250000000005,16,2,hiphop/groove6
16,3,42,0:918,note_on,0,29046,41.7327481875,42,69,"{'type': 'note_on', 'time': 0, 'note': 22, 'velocity': 69, 'channel': 9}",6,29040,242,0.008620687500000002,16,3,hiphop/groove6
16,4,42,0:921,note_on,0,29163,41.900851593750005,42,27,"{'type': 'note_on', 'time': 0, 'note': 42, 'velocity': 27, 'channel': 9}",3,29160,243,0.004310343750000001,16,4,hiphop/groove6
16,5,38,0:923,note_on,46,29280,42.068955,38,99,"{'type': 'note_on', 'time': 46, 'note': 40, 'velocity': 99, 'channel': 9}",0,29280,244,0.0,16,5,hiphop/groove6
16,5,42,0:925,note_on,0,29286,42.0775756875,42,82,"{'type': 'note_on', 'time': 0, 'note': 22, 'velocity': 82, 'channel': 9}",6,29280,244,0.008620687500000002,16,5,hiphop/groove6
16,6,42,0:929,note_on,0,29399,42.23993196875001,42,36,"{'type': 'note_on', 'time': 0, 'note': 42, 'velocity': 36, 'channel': 9}",-1,29400,245,-0.0014367812500000001,16,6,hiphop/groove6
16,7,42,0:932,note_on,0,29522,42.4166560625,42,63,"{'type': 'note_on', 'time': 0, 'note': 22, 'velocity': 63, 'channel': 9}",2,29520,246,0.0028735625000000002,16,7,hiphop/groove6
16,8,36,0:934,note_on,44,29636,42.580449125,36,57,"{'type': 'note_on', 'time': 44, 'note': 36, 'velocity': 57, 'channel': 9}",-4,29640,247,-0.0057471250000000005,16,8,hiphop/groove6
16,8,42,0:936,note_on,0,29645,42.59338015625001,42,31,"{'type': 'note_on', 'time': 0, 'note': 42, 'velocity': 31, 'channel': 9}",5,29640,247,0.00718390625,16,8,hiphop/groove6
16,9,42,0:940,note_on,0,29762,42.761483562500004,42,82,"{'type': 'note_on', 'time': 0, 'note': 22, 'velocity': 82, 'channel': 9}",2,29760,248,0.0028735625000000002,16,9,hiphop/groove6
16,10,36,0:942,note_on,33,29866,42.910908812500004,36,45,"{'type': 'note_on', 'time': 33, 'note': 36, 'velocity': 45, 'channel': 9}",-14,29880,249,-0.020114937500000003,16,10,hiphop/groove6
16,10,42,0:944,note_on,0,29885,42.93820765625,42,27,"{'type': 'note_on', 'time': 0, 'note': 42, 'velocity': 27, 'channel': 9}",5,29880,249,0.00718390625,16,10,hiphop/groove6
16,11,36,0:947,note_on,42,29997,43.099127156250006,36,57,"{'type': 'note_on', 'time': 42, 'note': 36, 'velocity': 57, 'channel': 9}",-3,30000,250,-0.004310343750000001,16,11,hiphop/groove6
16,11,42,0:949,note_on,0,29998,43.100563937500006,42,74,"{'type': 'note_on', 'time': 0, 'note': 22, 'velocity': 74, 'channel': 9}",-2,30000,250,-0.0028735625000000002,16,11,hiphop/groove6
16,12,42,0:953,note_on,0,30109,43.260046656250005,42,22,"{'type': 'note_on', 'time': 0, 'note': 42, 'velocity': 22, 'channel': 9}",-11,30120,251,-0.015804593750000002,16,12,hiphop/groove6
16,13,38,0:955,note_on,44,30224,43.4252765,38,105,"{'type': 'note_on', 'time': 44, 'note': 40, 'velocity': 105, 'channel': 9}",-16,30240,252,-0.022988500000000002,16,13,hiphop/groove6
16,13,42,0:957,note_on,0,30232,43.43677075,42,71,"{'type': 'note_on', 'time': 0, 'note': 22, 'velocity': 71, 'channel': 9}",-8,30240,252,-0.011494250000000001,16,13,hiphop/groove6
16,14,42,0:961,note_on,0,30348,43.603437375000006,42,20,"{'type': 'note_on', 'time': 0, 'note': 42, 'velocity': 20, 'channel': 9}",-12,30360,253,-0.017241375000000003,16,14,hiphop/groove6
16,15,36,0:964,note_on,8,30464,43.770104,36,104,"{'type': 'note_on', 'time': 8, 'note': 36, 'velocity': 104, 'channel': 9}",-16,30480,254,-0.022988500000000002,16,15,hiphop/groove6
16,15,46,0:965,note_on,10,30474,43.7844718125,46,66,"{'type': 'note_on', 'time': 10, 'note': 26, 'velocity': 66, 'channel': 9}",-6,30480,254,-0.008620687500000002,16,15,hiphop/groove6
