bar_number,bar_beat_number,note,track_msg_num,msg_type,delta_ticks,total_ticks,total_seconds,note,velocity,raw_data,beat_offset,beat_center,file_beat_number,beat_offset_ms,bar_number,bar_beat_number,style
1,1,36,0:6,note_on,0,0,0.0,36,75,"{'type': 'note_on', 'time': 0, 'note': 36, 'velocity': 75, 'channel': 9}",0,0,0,0.0,1,1,soul/groove4
1,1,42,0:8,note_on,0,0,0.0,42,77,"{'type': 'note_on', 'time': 0, 'note': 42, 'velocity': 77, 'channel': 9}",0,0,0,0.0,1,1,soul/groove4
1,3,42,0:12,note_on,0,232,0.36250000000000004,42,34,"{'type': 'note_on', 'time': 0, 'note': 42, 'velocity': 34, 'channel': 9}",-8,240,2,-0.0125,1,3,soul/groove4
1,5,38,0:14,note_on,172,469,0.7328125000000001,38,127,"{'type': 'note_on', 'time': 172, 'note': 38, 'velocity': 127, 'channel': 9}",-11,480,4,-0.0171875,1,5,soul/groove4
1,5,42,0:16,note_on,0,475,0.7421875,42,70,"{'type': 'note_on', 'time': 0, 'note': 42, 'velocity': 70, 'channel': 9}",-5,480,4,-0.0078125,1,5,soul/groove4
1,7,42,0:20,note_on,0,712,1.1125,42,31,"{'type': 'note_on', 'time': 0, 'note': 42, 'velocity': 31, 'channel': 9}",-8,720,6,-0.0125,1,7,soul/groove4
1,8,42,0:23,note_on,0,838,1.3093750000000002,42,61,"{'type': 'note_on', 'time': 0, 'note': 42, 'velocity': 61, 'channel': 9}",-2,840,7,-0.003125,1,8,soul/groove4
1,9,36,0:25,note_on,46,949,1.4828125,36,64,"{'type': 'note_on', 'time': 46, 'note': 36, 'velocity': 64, 'channel': 9}",-11,960,8,-0.0171875,1,9,soul/groove4
1,10,42,0:28,note_on,0,1085,1.6953125,42,28,"{'type': 'note_on', 'time': 0, 'note': 42, 'velocity': 28, 'channel': 9}",5,1080,9,0.0078125,1,10,soul/groove4
1,11,42,0:31,note_on,0,1196,1.8687500000000001,42,69,"{'type': 'note_on', 'time': 0, 'note': 42, 'velocity': 69, 'channel': 9}",-4,1200,10,-0.00625,1,11,soul/groove4
1,13,38,0:33,note_on,168,1429,2.2328125,38,114,"{'type': 'note_on', 'time': 168, 'note': 38, 'velocity': 114, 'channel': 9}",-11,1440,12,-0.0171875,1,13,soul/groove4
1,13,42,0:35,note_on,0,1432,2.2375000000000003,42,69,"{'type': 'note_on', 'time': 0, 'note': 42, 'velocity': 69, 'channel': 9}",-8,1440,12,-0.0125,1,13,soul/groove4
1,15,42,0:39,note_on,0,1671,2.6109375000000004,42,57,"{'type': 'note_on', 'time': 0, 'note': 42, 'velocity': 57, 'channel': 9}",-9,1680,14,-0.0140625,1,15,soul/groove4
1,16,42,0:42,note_on,0,1786,2.7906250000000004,42,71,"{'type': 'note_on', 'time': 0, 'note': 42, 'velocity': 71, 'channel': 9}",-14,1800,15,-0.021875000000000002,1,16,soul/groove4
2,1,42,0:45,note_on,0,1902,2.9718750000000003,42,47,"{'type': 'note_on', 'time': 0, 'note': 42, 'velocity': 47, 'channel': 9}",-18,1920,16,-0.028125,2,1,soul/groove4
2,1,36,0:46,note_on,8,1910,2.984375,36,66,"{'type': 'note_on', 'time': 8, 'note': 36, 'velocity': 66, 'channel': 9}",-10,1920,16,-0.015625,2,1,soul/groove4
2,3,42,0:50,note_on,0,2156,3.3687500000000004,42,63,"{'type': 'note_on', 'time': 0, 'note': 42, 'velocity': 63, 'channel': 9}",-4,2160,18,-0.00625,2,3,soul/groove4
2,5,38,0:52,note_on,168,2389,3.7328125,38,118,"{'type': 'note_on', 'time': 168, 'note': 38, 'velocity': 118, 'channel': 9}",-11,2400,20,-0.0171875,2,5,soul/groove4
2,5,42,0:54,note_on,0,2392,3.7375000000000003,42,95,"{'type': 'note_on', 'time': 0, 'note': 42, 'velocity': 95, 'channel': 9}",-8,2400,20,-0.0125,2,5,soul/groove4
2,7,42,0:58,note_on,0,2627,4.1046875,42,53,"{'type': 'note_on', 'time': 0, 'note': 42, 'velocity': 53, 'channel': 9}",-13,2640,22,-0.0203125,2,7,soul/groove4
2,8,42,0:61,note_on,0,2751,4.2984375,42,75,"{'type': 'note_on', 'time': 0, 'note': 42, 'velocity': 75, 'channel': 9}",-9,2760,23,-0.0140625,2,8,soul/groove4
2,9,36,0:63,note_on,51,2867,4.4796875,36,60,"{'type': 'note_on', 'time': 51, 'note': 36, 'velocity': 60, 'channel': 9}",-13,2880,24,-0.0203125,2,9,soul/groove4
2,10,42,0:66,note_on,0,2997,4.6828125,42,33,"{'type': 'note_on', 'time': 0, 'note': 42, 'velocity': 33, 'channel': 9}",-3,3000,25,-0.004687500000000001,2,10,soul/groove4
2,11,42,0:69,note_on,0,3115,4.8671875,42,74,"{'type': 'note_on', 'time': 0, 'note': 42, 'velocity': 74, 'channel': 9}",-5,3120,26,-0.0078125,2,11,soul/groove4
2,13,38,0:71,note_on,173,3353,5.2390625,38,125,"{'type': 'note_on', 'time': 173, 'note': 38, 'velocity': 125, 'channel': 9}",-7,3360,28,-0.010937500000000001,2,13,soul/groove4
2,13,42,0:73,note_on,0,3354,5.2406250000000005,42,73,"{'type': 'note_on', 'time': 0, 'note': 42, 'velocity': 73, 'channel': 9}",-6,3360,28,-0.009375000000000001,2,13,soul/groove4
2,15,42,0:77,note_on,0,3595,5.6171875,42,61,"{'type': 'note_on', 'time': 0, 'note': 42, 'velocity': 61, 'channel': 9}",-5,3600,30,-0.0078125,2,15,soul/groove4
2,16,42,0:80,note_on,0,3720,5.8125,42,73,"{'type': 'note_on', 'time': 0, 'note': 42, 'velocity': 73, 'channel': 9}",0,3720,31,0.0,2,16,soul/groove4
3,1,36,0:82,note_on,46,3831,5.9859375,36,64,"{'type': 'note_on', 'time': 46, 'note': 36, 'velocity': 64, 'channel': 9}",-9,3840,32,-0.0140625,3,1,soul/groove4
3,3,42,0:85,note_on,0,4074,6.3656250000000005,42,66,"{'type': 'note_on', 'time': 0, 'note': 42, 'velocity': 66, 'channel': 9}",-6,4080,34,-0.009375000000000001,3,3,soul/groove4
3,5,38,0:87,note_on,171,4310,6.734375,38,122,"{'type': 'note_on', 'time': 171, 'note': 38, 'velocity': 122, 'channel': 9}",-10,4320,36,-0.015625,3,5,soul/groove4
3,5,42,0:89,note_on,0,4312,6.737500000000001,42,87,"{'type': 'note_on', 'time': 0, 'note': 42, 'velocity': 87, 'channel': 9}",-8,4320,36,-0.0125,3,5,soul/groove4
3,7,42,0:93,note_on,0,4551,7.1109375,42,65,"{'type': 'note_on', 'time': 0, 'note': 42, 'velocity': 65, 'channel': 9}",-9,4560,38,-0.0140625,3,7,soul/groove4
3,8,42,0:96,note_on,0,4669,7.2953125000000005,42,81,"{'type': 'note_on', 'time': 0, 'note': 42, 'velocity': 81, 'channel': 9}",-11,4680,39,-0.0171875,3,8,soul/groove4
3,9,36,0:98,note_on,56,4790,7.484375,36,58,"{'type': 'note_on', 'time': 56, 'note': 36, 'velocity': 58, 'channel': 9}",-10,4800,40,-0.015625,3,9,soul/groove4
3,10,42,0:101,note_on,0,4911,7.6734375,42,43,"{'type': 'note_on', 'time': 0, 'note': 42, 'velocity': 43, 'channel': 9}",-9,4920,41,-0.0140625,3,10,soul/groove4
3,11,42,0:104,note_on,0,5032,7.862500000000001,42,80,"{'type': 'note_on', 'time': 0, 'note': 42, 'velocity': 80, 'channel': 9}",-8,5040,42,-0.0125,3,11,soul/groove4
3,13,38,0:106,note_on,181,5278,8.246875000000001,38,121,"{'type': 'note_on', 'time': 181, 'note': 38, 'velocity': 121, 'channel': 9}",-2,5280,44,-0.003125,3,13,soul/groove4
3,13,42,0:108,note_on,0,5279,8.2484375,42,83,"{'type': 'note_on', 'time': 0, 'note': 42, 'velocity': 83, 'channel': 9}",-1,5280,44,-0.0015625,3,13,soul/groove4
3,15,42,0:112,note_on,0,5513,8.614062500000001,42,64,"{'type': 'note_on', 'time': 0, 'note': 42, 'velocity': 64, 'channel': 9}",-7,5520,46,-0.010937500000000001,3,15,soul/groove4
3,16,42,0:115,note_on,0,5634,8.803125,42,67,"{'type': 'note_on', 'time': 0, 'note': 42, 'velocity': 67, 'channel': 9}",-6,5640,47,-0.009375000000000001,3,16,soul/groove4
4,1,42,0:118,note_on,0,5745,8.9765625,42,59,"{'type': 'note_on', 'time': 0, 'note': 42, 'velocity': 59, 'channel': 9}",-15,5760,48,-0.0234375,4,1,soul/groove4
4,1,36,0:119,note_on,10,5755,8.9921875,36,61,"{'type': 'note_on', 'time': 10, 'note': 36, 'velocity': 61, 'channel': 9}",-5,5760,48,-0.0078125,4,1,soul/groove4
4,3,42,0:123,note_on,0,5989,9.3578125,42,66,"{'type': 'note_on', 'time': 0, 'note': 42, 'velocity': 66, 'channel': 9}",-11,6000,50,-0.0171875,4,3,soul/groove4
4,5,38,0:125,note_on,182,6236,9.74375,38,110,"{'type': 'note_on', 'time': 182, 'note': 38, 'velocity': 110, 'channel': 9}",-4,6240,52,-0.00625,4,5,soul/groove4
4,5,42,0:127,note_on,0,6237,9.7453125,42,94,"{'type': 'note_on', 'time': 0, 'note': 42, 'velocity': 94, 'channel': 9}",-3,6240,52,-0.004687500000000001,4,5,soul/groove4
4,7,42,0:131,note_on,0,6473,10.114062500000001,42,60,"{'type': 'note_on', 'time': 0, 'note': 42, 'velocity': 60, 'channel': 9}",-7,6480,54,-0.010937500000000001,4,7,soul/groove4
4,8,42,0:134,note_on,0,6595,10.3046875,42,88,"{'type': 'note_on', 'time': 0, 'note': 42, 'velocity': 88, 'channel': 9}",-5,6600,55,-0.0078125,4,8,soul/groove4
4,9,36,0:136,note_on,61,6721,10.5015625,36,57,"{'type': 'note_on', 'time': 61, 'note': 36, 'velocity': 57, 'channel': 9}",1,6720,56,0.0015625,4,9,soul/groove4
4,10,42,0:139,note_on,0,6839,10.685937500000001,42,51,"{'type': 'note_on', 'time': 0, 'note': 42, 'velocity': 51, 'channel': 9}",-1,6840,57,-0.0015625,4,10,soul/groove4
4,11,42,0:142,note_on,0,6961,10.8765625,42,86,"{'type': 'note_on', 'time': 0, 'note': 42, 'velocity': 86, 'channel': 9}",1,6960,58,0.0015625,4,11,soul/groove4
4,13,38,0:144,note_on,170,7195,11.2421875,38,127,"{'type': 'note_on', 'time': 170, 'note': 38, 'velocity': 127, 'channel': 9}",-5,7200,60,-0.0078125,4,13,soul/groove4
4,13,42,0:146,note_on,0,7197,11.2453125,42,97,"{'type': 'note_on', 'time': 0, 'note': 42, 'velocity': 97, 'channel': 9}",-3,7200,60,-0.004687500000000001,4,13,soul/groove4
4,15,42,0:150,note_on,0,7443,11.629687500000001,42,67,"{'type': 'note_on', 'time': 0, 'note': 42, 'velocity': 67, 'channel': 9}",3,7440,62,0.004687500000000001,4,15,soul/groove4
4,16,42,0:153,note_on,0,7555,11.8046875,42,40,"{'type': 'note_on', 'time': 0, 'note': 22, 'velocity': 40, 'channel': 9}",-5,7560,63,-0.0078125,4,16,soul/groove4
5,1,42,0:156,note_on,0,7677,11.9953125,42,82,"{'type': 'note_on', 'time': 0, 'note': 42, 'velocity': 82, 'channel': 9}",-3,7680,64,-0.004687500000000001,5,1,soul/groove4
5,1,36,0:157,note_on,6,7683,12.004687500000001,36,61,"{'type': 'note_on', 'time': 6, 'note': 36, 'velocity': 61, 'channel': 9}",3,7680,64,0.004687500000000001,5,1,soul/groove4
5,3,42,0:161,note_on,0,7923,12.379687500000001,42,51,"{'type': 'note_on', 'time': 0, 'note': 42, 'velocity': 51, 'channel': 9}",3,7920,66,0.004687500000000001,5,3,soul/groove4
5,5,38,0:163,note_on,177,8164,12.756250000000001,38,127,"{'type': 'note_on', 'time': 177, 'note': 38, 'velocity': 127, 'channel': 9}",4,8160,68,0.00625,5,5,soul/groove4
5,5,42,0:165,note_on,0,8165,12.7578125,42,64,"{'type': 'note_on', 'time': 0, 'note': 42, 'velocity': 64, 'channel': 9}",5,8160,68,0.0078125,5,5,soul/groove4
5,7,42,0:169,note_on,0,8403,13.129687500000001,42,43,"{'type': 'note_on', 'time': 0, 'note': 42, 'velocity': 43, 'channel': 9}",3,8400,70,0.004687500000000001,5,7,soul/groove4
5,8,42,0:172,note_on,0,8523,13.317187500000001,42,87,"{'type': 'note_on', 'time': 0, 'note': 42, 'velocity': 87, 'channel': 9}",3,8520,71,0.004687500000000001,5,8,soul/groove4
5,9,36,0:174,note_on,64,8652,13.51875,36,58,"{'type': 'note_on', 'time': 64, 'note': 36, 'velocity': 58, 'channel': 9}",12,8640,72,0.018750000000000003,5,9,soul/groove4
5,10,42,0:177,note_on,0,8772,13.70625,42,38,"{'type': 'note_on', 'time': 0, 'note': 42, 'velocity': 38, 'channel': 9}",12,8760,73,0.018750000000000003,5,10,soul/groove4
5,11,42,0:180,note_on,0,8886,13.884375,42,87,"{'type': 'note_on', 'time': 0, 'note': 42, 'velocity': 87, 'channel': 9}",6,8880,74,0.009375000000000001,5,11,soul/groove4
5,13,38,0:182,note_on,172,9123,14.254687500000001,38,124,"{'type': 'note_on', 'time': 172, 'note': 38, 'velocity': 124, 'channel': 9}",3,9120,76,0.004687500000000001,5,13,soul/groove4
5,13,42,0:184,note_on,0,9127,14.2609375,42,78,"{'type': 'note_on', 'time': 0, 'note': 42, 'velocity': 78, 'channel': 9}",7,9120,76,0.010937500000000001,5,13,soul/groove4
5,15,42,0:188,note_on,0,9359,14.623437500000001,42,75,"{'type': 'note_on', 'time': 0, 'note': 42, 'velocity': 75, 'channel': 9}",-1,9360,78,-0.0015625,5,15,soul/groove4
5,16,42,0:191,note_on,0,9480,14.8125,42,67,"{'type': 'note_on', 'time': 0, 'note': 42, 'velocity': 67, 'channel': 9}",0,9480,79,0.0,5,16,soul/groove4
6,1,36,0:193,note_on,50,9594,14.990625000000001,36,60,"{'type': 'note_on', 'time': 50, 'note': 36, 'velocity': 60, 'channel': 9}",-6,9600,80,-0.009375000000000001,6,1,soul/groove4
6,1,42,0:195,note_on,0,9595,14.9921875,42,83,"{'type': 'note_on', 'time': 0, 'note': 42, 'velocity': 83, 'channel': 9}",-5,9600,80,-0.0078125,6,1,soul/groove4
6,3,42,0:199,note_on,0,9834,15.365625000000001,42,51,"{'type': 'note_on', 'time': 0, 'note': 42, 'velocity': 51, 'channel': 9}",-6,9840,82,-0.009375000000000001,6,3,soul/groove4
6,5,38,0:201,note_on,183,10081,15.7515625,38,127,"{'type': 'note_on', 'time': 183, 'note': 38, 'velocity': 127, 'channel': 9}",1,10080,84,0.0015625,6,5,soul/groove4
6,5,42,0:203,note_on,0,10084,15.756250000000001,42,90,"{'type': 'note_on', 'time': 0, 'note': 42, 'velocity': 90, 'channel': 9}",4,10080,84,0.00625,6,5,soul/groove4
6,7,42,0:207,note_on,0,10315,16.1171875,42,64,"{'type': 'note_on', 'time': 0, 'note': 42, 'velocity': 64, 'channel': 9}",-5,10320,86,-0.0078125,6,7,soul/groove4
6,8,42,0:210,note_on,0,10432,16.3,42,72,"{'type': 'note_on', 'time': 0, 'note': 42, 'velocity': 72, 'channel': 9}",-8,10440,87,-0.0125,6,8,soul/groove4
6,9,36,0:212,note_on,58,10555,16.4921875,36,57,"{'type': 'note_on', 'time': 58, 'note': 36, 'velocity': 57, 'channel': 9}",-5,10560,88,-0.0078125,6,9,soul/groove4
6,10,42,0:215,note_on,0,10678,16.684375,42,38,"{'type': 'note_on', 'time': 0, 'note': 42, 'velocity': 38, 'channel': 9}",-2,10680,89,-0.003125,6,10,soul/groove4
6,11,42,0:218,note_on,0,10794,16.865625,42,85,"{'type': 'note_on', 'time': 0, 'note': 42, 'velocity': 85, 'channel': 9}",-6,10800,90,-0.009375000000000001,6,11,soul/groove4
6,13,38,0:220,note_on,175,11033,17.2390625,38,127,"{'type': 'note_on', 'time': 175, 'note': 38, 'velocity': 127, 'channel': 9}",-7,11040,92,-0.010937500000000001,6,13,soul/groove4
6,13,42,0:222,note_on,0,11037,17.2453125,42,78,"{'type': 'note_on', 'time': 0, 'note': 42, 'velocity': 78, 'channel': 9}",-3,11040,92,-0.004687500000000001,6,13,soul/groove4
6,15,42,0:226,note_on,0,11278,17.621875,42,52,"{'type': 'note_on', 'time': 0, 'note': 42, 'velocity': 52, 'channel': 9}",-2,11280,94,-0.003125,6,15,soul/groove4
6,16,42,0:229,note_on,0,11398,17.809375,42,61,"{'type': 'note_on', 'time': 0, 'note': 22, 'velocity': 61, 'channel': 9}",-2,11400,95,-0.003125,6,16,soul/groove4
7,1,42,0:232,note_on,0,11509,17.9828125,42,107,"{'type': 'note_on', 'time': 0, 'note': 22, 'velocity': 107, 'channel': 9}",-11,11520,96,-0.0171875,7,1,soul/groove4
7,1,36,0:233,note_on,2,11511,17.985937500000002,36,60,"{'type': 'note_on', 'time': 2, 'note': 36, 'velocity': 60, 'channel': 9}",-9,11520,96,-0.0140625,7,1,soul/groove4
7,3,42,0:237,note_on,0,11764,18.38125,42,55,"{'type': 'note_on', 'time': 0, 'note': 42, 'velocity': 55, 'channel': 9}",4,11760,98,0.00625,7,3,soul/groove4
7,5,38,0:239,note_on,176,12005,18.7578125,38,127,"{'type': 'note_on', 'time': 176, 'note': 38, 'velocity': 127, 'channel': 9}",5,12000,100,0.0078125,7,5,soul/groove4
7,5,42,0:241,note_on,0,12009,18.7640625,42,86,"{'type': 'note_on', 'time': 0, 'note': 42, 'velocity': 86, 'channel': 9}",9,12000,100,0.0140625,7,5,soul/groove4
7,7,42,0:245,note_on,0,12243,19.1296875,42,73,"{'type': 'note_on', 'time': 0, 'note': 42, 'velocity': 73, 'channel': 9}",3,12240,102,0.004687500000000001,7,7,soul/groove4
7,8,42,0:248,note_on,0,12362,19.315625,42,91,"{'type': 'note_on', 'time': 0, 'note': 42, 'velocity': 91, 'channel': 9}",2,12360,103,0.003125,7,8,soul/groove4
7,9,36,0:250,note_on,53,12480,19.5,36,61,"{'type': 'note_on', 'time': 53, 'note': 36, 'velocity': 61, 'channel': 9}",0,12480,104,0.0,7,9,soul/groove4
7,10,42,0:253,note_on,0,12596,19.681250000000002,42,43,"{'type': 'note_on', 'time': 0, 'note': 42, 'velocity': 43, 'channel': 9}",-4,12600,105,-0.00625,7,10,soul/groove4
7,11,42,0:256,note_on,0,12714,19.865625,42,73,"{'type': 'note_on', 'time': 0, 'note': 42, 'velocity': 73, 'channel': 9}",-6,12720,106,-0.009375000000000001,7,11,soul/groove4
7,13,38,0:258,note_on,183,12961,20.251562500000002,38,119,"{'type': 'note_on', 'time': 183, 'note': 38, 'velocity': 119, 'channel': 9}",1,12960,108,0.0015625,7,13,soul/groove4
7,13,42,0:260,note_on,0,12968,20.262500000000003,42,79,"{'type': 'note_on', 'time': 0, 'note': 42, 'velocity': 79, 'channel': 9}",8,12960,108,0.0125,7,13,soul/groove4
7,15,42,0:264,note_on,0,13202,20.628125,42,70,"{'type': 'note_on', 'time': 0, 'note': 42, 'velocity': 70, 'channel': 9}",2,13200,110,0.003125,7,15,soul/groove4
7,16,42,0:267,note_on,0,13320,20.8125,42,50,"{'type': 'note_on', 'time': 0, 'note': 42, 'velocity': 50, 'channel': 9}",0,13320,111,0.0,7,16,soul/groove4
8,1,42,0:270,note_on,0,13434,20.990625,42,83,"{'type': 'note_on', 'time': 0, 'note': 42, 'velocity': 83, 'channel': 9}",-6,13440,112,-0.009375000000000001,8,1,soul/groove4
8,1,36,0:271,note_on,6,13440,21.0,36,63,"{'type': 'note_on', 'time': 6, 'note': 36, 'velocity': 63, 'channel': 9}",0,13440,112,0.0,8,1,soul/groove4
8,3,42,0:275,note_on,0,13674,21.365625,42,52,"{'type': 'note_on', 'time': 0, 'note': 42, 'velocity': 52, 'channel': 9}",-6,13680,114,-0.009375000000000001,8,3,soul/groove4
8,5,38,0:277,note_on,171,13910,21.734375,38,110,"{'type': 'note_on', 'time': 171, 'note': 38, 'velocity': 110, 'channel': 9}",-10,13920,116,-0.015625,8,5,soul/groove4
8,5,42,0:279,note_on,0,13914,21.740625,42,70,"{'type': 'note_on', 'time': 0, 'note': 42, 'velocity': 70, 'channel': 9}",-6,13920,116,-0.009375000000000001,8,5,soul/groove4
8,7,42,0:283,note_on,0,14155,22.1171875,42,60,"{'type': 'note_on', 'time': 0, 'note': 42, 'velocity': 60, 'channel': 9}",-5,14160,118,-0.0078125,8,7,soul/groove4
8,8,42,0:286,note_on,0,14275,22.3046875,42,80,"{'type': 'note_on', 'time': 0, 'note': 42, 'velocity': 80, 'channel': 9}",-5,14280,119,-0.0078125,8,8,soul/groove4
8,9,36,0:288,note_on,52,14391,22.485937500000002,36,57,"{'type': 'note_on', 'time': 52, 'note': 36, 'velocity': 57, 'channel': 9}",-9,14400,120,-0.0140625,8,9,soul/groove4
8,10,42,0:291,note_on,0,14515,22.6796875,42,23,"{'type': 'note_on', 'time': 0, 'note': 42, 'velocity': 23, 'channel': 9}",-5,14520,121,-0.0078125,8,10,soul/groove4
8,11,42,0:294,note_on,0,14628,22.856250000000003,42,78,"{'type': 'note_on', 'time': 0, 'note': 42, 'velocity': 78, 'channel': 9}",-12,14640,122,-0.018750000000000003,8,11,soul/groove4
8,13,38,0:296,note_on,182,14875,23.2421875,38,122,"{'type': 'note_on', 'time': 182, 'note': 38, 'velocity': 122, 'channel': 9}",-5,14880,124,-0.0078125,8,13,soul/groove4
8,13,42,0:298,note_on,0,14877,23.2453125,42,48,"{'type': 'note_on', 'time': 0, 'note': 42, 'velocity': 48, 'channel': 9}",-3,14880,124,-0.004687500000000001,8,13,soul/groove4
8,15,42,0:302,note_on,0,15115,23.6171875,42,47,"{'type': 'note_on', 'time': 0, 'note': 42, 'velocity': 47, 'channel': 9}",-5,15120,126,-0.0078125,8,15,soul/groove4
8,16,42,0:305,note_on,0,15228,23.793750000000003,42,49,"{'type': 'note_on', 'time': 0, 'note': 42, 'velocity': 49, 'channel': 9}",-12,15240,127,-0.018750000000000003,8,16,soul/groove4
9,1,42,0:308,note_on,0,15349,23.9828125,42,127,"{'type': 'note_on', 'time': 0, 'note': 42, 'velocity': 127, 'channel': 9}",-11,15360,128,-0.0171875,9,1,soul/groove4
9,1,36,0:309,note_on,3,15352,23.9875,36,65,"{'type': 'note_on', 'time': 3, 'note': 36, 'velocity': 65, 'channel': 9}",-8,15360,128,-0.0125,9,1,soul/groove4
9,3,42,0:313,note_on,0,15594,24.365625,42,73,"{'type': 'note_on', 'time': 0, 'note': 42, 'velocity': 73, 'channel': 9}",-6,15600,130,-0.009375000000000001,9,3,soul/groove4
9,5,38,0:315,note_on,165,15824,24.725,38,119,"{'type': 'note_on', 'time': 165, 'note': 38, 'velocity': 119, 'channel': 9}",-16,15840,132,-0.025,9,5,soul/groove4
9,5,42,0:317,note_on,0,15826,24.728125000000002,42,114,"{'type': 'note_on', 'time': 0, 'note': 42, 'velocity': 114, 'channel': 9}",-14,15840,132,-0.021875000000000002,9,5,soul/groove4
9,7,42,0:321,note_on,0,16078,25.121875000000003,42,83,"{'type': 'note_on', 'time': 0, 'note': 42, 'velocity': 83, 'channel': 9}",-2,16080,134,-0.003125,9,7,soul/groove4
9,8,42,0:324,note_on,0,16202,25.315625,42,119,"{'type': 'note_on', 'time': 0, 'note': 42, 'velocity': 119, 'channel': 9}",2,16200,135,0.003125,9,8,soul/groove4
9,9,36,0:326,note_on,53,16319,25.4984375,36,60,"{'type': 'note_on', 'time': 53, 'note': 36, 'velocity': 60, 'channel': 9}",-1,16320,136,-0.0015625,9,9,soul/groove4
9,10,42,0:329,note_on,0,16440,25.6875,42,61,"{'type': 'note_on', 'time': 0, 'note': 42, 'velocity': 61, 'channel': 9}",0,16440,137,0.0,9,10,soul/groove4
9,11,42,0:332,note_on,0,16561,25.876562500000002,42,117,"{'type': 'note_on', 'time': 0, 'note': 42, 'velocity': 117, 'channel': 9}",1,16560,138,0.0015625,9,11,soul/groove4
9,13,38,0:334,note_on,165,16791,26.235937500000002,38,116,"{'type': 'note_on', 'time': 165, 'note': 38, 'velocity': 116, 'channel': 9}",-9,16800,140,-0.0140625,9,13,soul/groove4
9,13,42,0:336,note_on,0,16798,26.246875000000003,42,111,"{'type': 'note_on', 'time': 0, 'note': 42, 'velocity': 111, 'channel': 9}",-2,16800,140,-0.003125,9,13,soul/groove4
9,15,42,0:340,note_on,0,17038,26.621875000000003,42,105,"{'type': 'note_on', 'time': 0, 'note': 42, 'velocity': 105, 'channel': 9}",-2,17040,142,-0.003125,9,15,soul/groove4
9,16,42,0:343,note_on,0,17150,26.796875,42,126,"{'type': 'note_on', 'time': 0, 'note': 42, 'velocity': 126, 'channel': 9}",-10,17160,143,-0.015625,9,16,soul/groove4
10,1,42,0:346,note_on,0,17266,26.978125000000002,42,115,"{'type': 'note_on', 'time': 0, 'note': 42, 'velocity': 115, 'channel': 9}",-14,17280,144,-0.021875000000000002,10,1,soul/groove4
10,1,36,0:347,note_on,4,17270,26.984375,36,63,"{'type': 'note_on', 'time': 4, 'note': 36, 'velocity': 63, 'channel': 9}",-10,17280,144,-0.015625,10,1,soul/groove4
10,3,42,0:351,note_on,0,17505,27.3515625,42,87,"{'type': 'note_on', 'time': 0, 'note': 42, 'velocity': 87, 'channel': 9}",-15,17520,146,-0.0234375,10,3,soul/groove4
10,5,38,0:353,note_on,171,17741,27.720312500000002,38,121,"{'type': 'note_on', 'time': 171, 'note': 38, 'velocity': 121, 'channel': 9}",-19,17760,148,-0.029687500000000002,10,5,soul/groove4
10,5,42,0:355,note_on,0,17748,27.731250000000003,42,122,"{'type': 'note_on', 'time': 0, 'note': 42, 'velocity': 122, 'channel': 9}",-12,17760,148,-0.018750000000000003,10,5,soul/groove4
10,7,42,0:359,note_on,0,17987,28.1046875,42,88,"{'type': 'note_on', 'time': 0, 'note': 42, 'velocity': 88, 'channel': 9}",-13,18000,150,-0.0203125,10,7,soul/groove4
10,8,42,0:362,note_on,0,18106,28.290625000000002,42,127,"{'type': 'note_on', 'time': 0, 'note': 42, 'velocity': 127, 'channel': 9}",-14,18120,151,-0.021875000000000002,10,8,soul/groove4
10,9,36,0:364,note_on,55,18227,28.4796875,36,61,"{'type': 'note_on', 'time': 55, 'note': 36, 'velocity': 61, 'channel': 9}",-13,18240,152,-0.0203125,10,9,soul/groove4
10,11,42,0:367,note_on,0,18457,28.8390625,42,107,"{'type': 'note_on', 'time': 0, 'note': 42, 'velocity': 107, 'channel': 9}",-23,18480,154,-0.035937500000000004,10,11,soul/groove4
10,13,38,0:369,note_on,171,18693,29.207812500000003,38,127,"{'type': 'note_on', 'time': 171, 'note': 38, 'velocity': 127, 'channel': 9}",-27,18720,156,-0.0421875,10,13,soul/groove4
10,13,42,0:371,note_on,0,18698,29.215625000000003,42,127,"{'type': 'note_on', 'time': 0, 'note': 42, 'velocity': 127, 'channel': 9}",-22,18720,156,-0.034375,10,13,soul/groove4
10,15,42,0:375,note_on,0,18938,29.590625000000003,42,107,"{'type': 'note_on', 'time': 0, 'note': 42, 'velocity': 107, 'channel': 9}",-22,18960,158,-0.034375,10,15,soul/groove4
10,16,42,0:378,note_on,0,19048,29.762500000000003,42,99,"{'type': 'note_on', 'time': 0, 'note': 42, 'velocity': 99, 'channel': 9}",-32,19080,159,-0.05,10,16,soul/groove4
11,1,42,0:381,note_on,0,19171,29.954687500000002,42,113,"{'type': 'note_on', 'time': 0, 'note': 42, 'velocity': 113, 'channel': 9}",-29,19200,160,-0.045312500000000006,11,1,soul/groove4
11,1,36,0:382,note_on,3,19174,29.959375,36,61,"{'type': 'note_on', 'time': 3, 'note': 36, 'velocity': 61, 'channel': 9}",-26,19200,160,-0.040625,11,1,soul/groove4
11,3,42,0:386,note_on,0,19417,30.3390625,42,80,"{'type': 'note_on', 'time': 0, 'note': 42, 'velocity': 80, 'channel': 9}",-23,19440,162,-0.035937500000000004,11,3,soul/groove4
11,5,38,0:388,note_on,185,19667,30.7296875,38,127,"{'type': 'note_on', 'time': 185, 'note': 38, 'velocity': 127, 'channel': 9}",-13,19680,164,-0.0203125,11,5,soul/groove4
11,5,42,0:390,note_on,0,19673,30.739062500000003,42,95,"{'type': 'note_on', 'time': 0, 'note': 42, 'velocity': 95, 'channel': 9}",-7,19680,164,-0.010937500000000001,11,5,soul/groove4
11,7,42,0:394,note_on,0,19916,31.118750000000002,42,95,"{'type': 'note_on', 'time': 0, 'note': 42, 'velocity': 95, 'channel': 9}",-4,19920,166,-0.00625,11,7,soul/groove4
11,8,42,0:397,note_on,0,20040,31.3125,42,127,"{'type': 'note_on', 'time': 0, 'note': 42, 'velocity': 127, 'channel': 9}",0,20040,167,0.0,11,8,soul/groove4
11,9,36,0:399,note_on,49,20153,31.489062500000003,36,61,"{'type': 'note_on', 'time': 49, 'note': 36, 'velocity': 61, 'channel': 9}",-7,20160,168,-0.010937500000000001,11,9,soul/groove4
11,10,42,0:402,note_on,0,20279,31.6859375,42,66,"{'type': 'note_on', 'time': 0, 'note': 42, 'velocity': 66, 'channel': 9}",-1,20280,169,-0.0015625,11,10,soul/groove4
11,11,42,0:405,note_on,0,20395,31.8671875,42,105,"{'type': 'note_on', 'time': 0, 'note': 42, 'velocity': 105, 'channel': 9}",-5,20400,170,-0.0078125,11,11,soul/groove4
11,13,38,0:407,note_on,172,20632,32.237500000000004,38,127,"{'type': 'note_on', 'time': 172, 'note': 38, 'velocity': 127, 'channel': 9}",-8,20640,172,-0.0125,11,13,soul/groove4
11,13,42,0:409,note_on,0,20638,32.246875,42,127,"{'type': 'note_on', 'time': 0, 'note': 42, 'velocity': 127, 'channel': 9}",-2,20640,172,-0.003125,11,13,soul/groove4
11,15,42,0:413,note_on,0,20882,32.628125000000004,42,127,"{'type': 'note_on', 'time': 0, 'note': 42, 'velocity': 127, 'channel': 9}",2,20880,174,0.003125,11,15,soul/groove4
11,16,42,0:416,note_on,0,20996,32.80625,42,100,"{'type': 'note_on', 'time': 0, 'note': 42, 'velocity': 100, 'channel': 9}",-4,21000,175,-0.00625,11,16,soul/groove4
12,1,36,0:418,note_on,53,21114,32.990625,36,57,"{'type': 'note_on', 'time': 53, 'note': 36, 'velocity': 57, 'channel': 9}",-6,21120,176,-0.009375000000000001,12,1,soul/groove4
12,1,42,0:420,note_on,0,21118,32.996875,42,102,"{'type': 'note_on', 'time': 0, 'note': 42, 'velocity': 102, 'channel': 9}",-2,21120,176,-0.003125,12,1,soul/groove4
12,3,42,0:424,note_on,0,21351,33.3609375,42,84,"{'type': 'note_on', 'time': 0, 'note': 42, 'velocity': 84, 'channel': 9}",-9,21360,178,-0.0140625,12,3,soul/groove4
12,5,38,0:426,note_on,167,21583,33.7234375,38,119,"{'type': 'note_on', 'time': 167, 'note': 38, 'velocity': 119, 'channel': 9}",-17,21600,180,-0.026562500000000003,12,5,soul/groove4
12,5,42,0:428,note_on,0,21590,33.734375,42,116,"{'type': 'note_on', 'time': 0, 'note': 42, 'velocity': 116, 'channel': 9}",-10,21600,180,-0.015625,12,5,soul/groove4
12,7,42,0:432,note_on,0,21831,34.1109375,42,98,"{'type': 'note_on', 'time': 0, 'note': 42, 'velocity': 98, 'channel': 9}",-9,21840,182,-0.0140625,12,7,soul/groove4
12,8,42,0:435,note_on,0,21954,34.303125,42,120,"{'type': 'note_on', 'time': 0, 'note': 42, 'velocity': 120, 'channel': 9}",-6,21960,183,-0.009375000000000001,12,8,soul/groove4
12,9,36,0:437,note_on,52,22071,34.4859375,36,60,"{'type': 'note_on', 'time': 52, 'note': 36, 'velocity': 60, 'channel': 9}",-9,22080,184,-0.0140625,12,9,soul/groove4
12,10,42,0:440,note_on,0,22196,34.68125,42,73,"{'type': 'note_on', 'time': 0, 'note': 42, 'velocity': 73, 'channel': 9}",-4,22200,185,-0.00625,12,10,soul/groove4
12,11,42,0:443,note_on,0,22312,34.862500000000004,42,111,"{'type': 'note_on', 'time': 0, 'note': 42, 'velocity': 111, 'channel': 9}",-8,22320,186,-0.0125,12,11,soul/groove4
12,13,38,0:445,note_on,170,22547,35.229687500000004,38,119,"{'type': 'note_on', 'time': 170, 'note': 38, 'velocity': 119, 'channel': 9}",-13,22560,188,-0.0203125,12,13,soul/groove4
12,13,42,0:447,note_on,0,22551,35.2359375,42,108,"{'type': 'note_on', 'time': 0, 'note': 42, 'velocity': 108, 'channel': 9}",-9,22560,188,-0.0140625,12,13,soul/groove4
12,15,42,0:451,note_on,0,22799,35.6234375,42,95,"{'type': 'note_on', 'time': 0, 'note': 42, 'velocity': 95, 'channel': 9}",-1,22800,190,-0.0015625,12,15,soul/groove4
12,16,42,0:454,note_on,0,22911,35.7984375,42,100,"{'type': 'note_on', 'time': 0, 'note': 42, 'velocity': 100, 'channel': 9}",-9,22920,191,-0.0140625,12,16,soul/groove4
13,1,42,0:457,note_on,0,23032,35.987500000000004,42,127,"{'type': 'note_on', 'time': 0, 'note': 42, 'velocity': 127, 'channel': 9}",-8,23040,192,-0.0125,13,1,soul/groove4
13,1,36,0:458,note_on,3,23035,35.9921875,36,67,"{'type': 'note_on', 'time': 3, 'note': 36, 'velocity': 67, 'channel': 9}",-5,23040,192,-0.0078125,13,1,soul/groove4
13,3,42,0:462,note_on,0,23277,36.370312500000004,42,90,"{'type': 'note_on', 'time': 0, 'note': 42, 'velocity': 90, 'channel': 9}",-3,23280,194,-0.004687500000000001,13,3,soul/groove4
13,5,38,0:464,note_on,175,23517,36.745312500000004,38,124,"{'type': 'note_on', 'time': 175, 'note': 38, 'velocity': 124, 'channel': 9}",-3,23520,196,-0.004687500000000001,13,5,soul/groove4
13,5,42,0:466,note_on,0,23523,36.7546875,42,127,"{'type': 'note_on', 'time': 0, 'note': 42, 'velocity': 127, 'channel': 9}",3,23520,196,0.004687500000000001,13,5,soul/groove4
13,7,42,0:470,note_on,0,23767,37.135937500000004,42,81,"{'type': 'note_on', 'time': 0, 'note': 42, 'velocity': 81, 'channel': 9}",7,23760,198,0.010937500000000001,13,7,soul/groove4
13,8,42,0:473,note_on,0,23884,37.31875,42,127,"{'type': 'note_on', 'time': 0, 'note': 42, 'velocity': 127, 'channel': 9}",4,23880,199,0.00625,13,8,soul/groove4
13,9,36,0:475,note_on,52,24000,37.5,36,60,"{'type': 'note_on', 'time': 52, 'note': 36, 'velocity': 60, 'channel': 9}",0,24000,200,0.0,13,9,soul/groove4
13,10,42,0:478,note_on,0,24126,37.696875,42,57,"{'type': 'note_on', 'time': 0, 'note': 42, 'velocity': 57, 'channel': 9}",6,24120,201,0.009375000000000001,13,10,soul/groove4
13,11,42,0:481,note_on,0,24234,37.865625,42,117,"{'type': 'note_on', 'time': 0, 'note': 42, 'velocity': 117, 'channel': 9}",-6,24240,202,-0.009375000000000001,13,11,soul/groove4
13,13,38,0:483,note_on,182,24481,38.2515625,38,118,"{'type': 'note_on', 'time': 182, 'note': 38, 'velocity': 118, 'channel': 9}",1,24480,204,0.0015625,13,13,soul/groove4
13,13,42,0:485,note_on,0,24484,38.25625,42,106,"{'type': 'note_on', 'time': 0, 'note': 42, 'velocity': 106, 'channel': 9}",4,24480,204,0.00625,13,13,soul/groove4
13,15,42,0:489,note_on,0,24726,38.634375000000006,42,123,"{'type': 'note_on', 'time': 0, 'note': 42, 'velocity': 123, 'channel': 9}",6,24720,206,0.009375000000000001,13,15,soul/groove4
13,16,42,0:492,note_on,0,24843,38.8171875,42,124,"{'type': 'note_on', 'time': 0, 'note': 42, 'velocity': 124, 'channel': 9}",3,24840,207,0.004687500000000001,13,16,soul/groove4
14,1,36,0:494,note_on,55,24963,39.0046875,36,60,"{'type': 'note_on', 'time': 55, 'note': 36, 'velocity': 60, 'channel': 9}",3,24960,208,0.004687500000000001,14,1,soul/groove4
14,1,42,0:496,note_on,0,24964,39.00625,42,127,"{'type': 'note_on', 'time': 0, 'note': 42, 'velocity': 127, 'channel': 9}",4,24960,208,0.00625,14,1,soul/groove4
14,3,42,0:500,note_on,0,25196,39.368750000000006,42,109,"{'type': 'note_on', 'time': 0, 'note': 42, 'velocity': 109, 'channel': 9}",-4,25200,210,-0.00625,14,3,soul/groove4
14,5,38,0:502,note_on,170,25431,39.735937500000006,38,120,"{'type': 'note_on', 'time': 170, 'note': 38, 'velocity': 120, 'channel': 9}",-9,25440,212,-0.0140625,14,5,soul/groove4
14,5,42,0:504,note_on,0,25439,39.7484375,42,127,"{'type': 'note_on', 'time': 0, 'note': 42, 'velocity': 127, 'channel': 9}",-1,25440,212,-0.0015625,14,5,soul/groove4
14,7,42,0:508,note_on,0,25683,40.1296875,42,76,"{'type': 'note_on', 'time': 0, 'note': 42, 'velocity': 76, 'channel': 9}",3,25680,214,0.004687500000000001,14,7,soul/groove4
14,8,42,0:511,note_on,0,25798,40.309375,42,127,"{'type': 'note_on', 'time': 0, 'note': 42, 'velocity': 127, 'channel': 9}",-2,25800,215,-0.003125,14,8,soul/groove4
14,9,36,0:513,note_on,54,25917,40.495312500000004,36,63,"{'type': 'note_on', 'time': 54, 'note': 36, 'velocity': 63, 'channel': 9}",-3,25920,216,-0.004687500000000001,14,9,soul/groove4
14,10,42,0:516,note_on,0,26038,40.684375,42,78,"{'type': 'note_on', 'time': 0, 'note': 42, 'velocity': 78, 'channel': 9}",-2,26040,217,-0.003125,14,10,soul/groove4
14,11,42,0:519,note_on,0,26159,40.8734375,42,127,"{'type': 'note_on', 'time': 0, 'note': 42, 'velocity': 127, 'channel': 9}",-1,26160,218,-0.0015625,14,11,soul/groove4
14,13,38,0:521,note_on,170,26394,41.240625,38,109,"{'type': 'note_on', 'time': 170, 'note': 38, 'velocity': 109, 'channel': 9}",-6,26400,220,-0.009375000000000001,14,13,soul/groove4
14,13,42,0:523,note_on,0,26403,41.2546875,42,108,"{'type': 'note_on', 'time': 0, 'note': 42, 'velocity': 108, 'channel': 9}",3,26400,220,0.004687500000000001,14,13,soul/groove4
14,15,42,0:527,note_on,0,26647,41.635937500000004,42,88,"{'type': 'note_on', 'time': 0, 'note': 42, 'velocity': 88, 'channel': 9}",7,26640,222,0.010937500000000001,14,15,soul/groove4
14,16,42,0:530,note_on,0,26753,41.8015625,42,110,"{'type': 'note_on', 'time': 0, 'note': 42, 'velocity': 110, 'channel': 9}",-7,26760,223,-0.010937500000000001,14,16,soul/groove4
15,1,42,0:534,note_on,0,26878,41.996875,42,104,"{'type': 'note_on', 'time': 0, 'note': 42, 'velocity': 104, 'channel': 9}",-2,26880,224,-0.003125,15,1,soul/groove4
15,1,36,0:533,note_on,0,26878,41.996875,36,62,"{'type': 'note_on', 'time': 0, 'note': 36, 'velocity': 62, 'channel': 9}",-2,26880,224,-0.003125,15,1,soul/groove4
15,3,42,0:538,note_on,0,27123,42.3796875,42,67,"{'type': 'note_on', 'time': 0, 'note': 42, 'velocity': 67, 'channel': 9}",3,27120,226,0.004687500000000001,15,3,soul/groove4
15,5,38,0:540,note_on,173,27361,42.751562500000006,38,122,"{'type': 'note_on', 'time': 173, 'note': 38, 'velocity': 122, 'channel': 9}",1,27360,228,0.0015625,15,5,soul/groove4
15,5,42,0:542,note_on,0,27369,42.7640625,42,109,"{'type': 'note_on', 'time': 0, 'note': 42, 'velocity': 109, 'channel': 9}",9,27360,228,0.0140625,15,5,soul/groove4
15,7,42,0:546,note_on,0,27602,43.128125000000004,42,101,"{'type': 'note_on', 'time': 0, 'note': 42, 'velocity': 101, 'channel': 9}",2,27600,230,0.003125,15,7,soul/groove4
15,8,42,0:549,note_on,0,27724,43.31875,42,118,"{'type': 'note_on', 'time': 0, 'note': 42, 'velocity': 118, 'channel': 9}",4,27720,231,0.00625,15,8,soul/groove4
15,9,36,0:551,note_on,47,27836,43.493750000000006,36,59,"{'type': 'note_on', 'time': 47, 'note': 36, 'velocity': 59, 'channel': 9}",-4,27840,232,-0.00625,15,9,soul/groove4
15,10,42,0:554,note_on,0,27954,43.678125,42,60,"{'type': 'note_on', 'time': 0, 'note': 42, 'velocity': 60, 'channel': 9}",-6,27960,233,-0.009375000000000001,15,10,soul/groove4
15,11,42,0:557,note_on,0,28074,43.865625,42,127,"{'type': 'note_on', 'time': 0, 'note': 42, 'velocity': 127, 'channel': 9}",-6,28080,234,-0.009375000000000001,15,11,soul/groove4
15,13,38,0:559,note_on,185,28324,44.25625,38,108,"{'type': 'note_on', 'time': 185, 'note': 38, 'velocity': 108, 'channel': 9}",4,28320,236,0.00625,15,13,soul/groove4
15,13,42,0:561,note_on,0,28325,44.2578125,42,127,"{'type': 'note_on', 'time': 0, 'note': 42, 'velocity': 127, 'channel': 9}",5,28320,236,0.0078125,15,13,soul/groove4
15,15,42,0:565,note_on,0,28565,44.6328125,42,123,"{'type': 'note_on', 'time': 0, 'note': 42, 'velocity': 123, 'channel': 9}",5,28560,238,0.0078125,15,15,soul/groove4
15,16,42,0:568,note_on,0,28681,44.814062500000006,42,122,"{'type': 'note_on', 'time': 0, 'note': 42, 'velocity': 122, 'channel': 9}",1,28680,239,0.0015625,15,16,soul/groove4
16,1,42,0:571,note_on,0,28801,45.001562500000006,42,125,"{'type': 'note_on', 'time': 0, 'note': 42, 'velocity': 125, 'channel': 9}",1,28800,240,0.0015625,16,1,soul/groove4
16,1,36,0:572,note_on,1,28802,45.003125000000004,36,62,"{'type': 'note_on', 'time': 1, 'note': 36, 'velocity': 62, 'channel': 9}",2,28800,240,0.003125,16,1,soul/groove4
16,3,42,0:576,note_on,0,29040,45.375,42,78,"{'type': 'note_on', 'time': 0, 'note': 42, 'velocity': 78, 'channel': 9}",0,29040,242,0.0,16,3,soul/groove4
16,5,38,0:578,note_on,164,29269,45.7328125,38,115,"{'type': 'note_on', 'time': 164, 'note': 38, 'velocity': 115, 'channel': 9}",-11,29280,244,-0.0171875,16,5,soul/groove4
16,5,42,0:580,note_on,0,29273,45.7390625,42,127,"{'type': 'note_on', 'time': 0, 'note': 42, 'velocity': 127, 'channel': 9}",-7,29280,244,-0.010937500000000001,16,5,soul/groove4
16,7,42,0:584,note_on,0,29513,46.1140625,42,108,"{'type': 'note_on', 'time': 0, 'note': 42, 'velocity': 108, 'channel': 9}",-7,29520,246,-0.010937500000000001,16,7,soul/groove4
16,8,42,0:587,note_on,0,29633,46.3015625,42,127,"{'type': 'note_on', 'time': 0, 'note': 42, 'velocity': 127, 'channel': 9}",-7,29640,247,-0.010937500000000001,16,8,soul/groove4
16,9,36,0:589,note_on,41,29739,46.4671875,36,60,"{'type': 'note_on', 'time': 41, 'note': 36, 'velocity': 60, 'channel': 9}",-21,29760,248,-0.0328125,16,9,soul/groove4
16,10,42,0:592,note_on,0,29871,46.673437500000006,42,70,"{'type': 'note_on', 'time': 0, 'note': 42, 'velocity': 70, 'channel': 9}",-9,29880,249,-0.0140625,16,10,soul/groove4
16,11,42,0:595,note_on,0,29993,46.8640625,42,118,"{'type': 'note_on', 'time': 0, 'note': 42, 'velocity': 118, 'channel': 9}",-7,30000,250,-0.010937500000000001,16,11,soul/groove4
16,13,38,0:597,note_on,173,30231,47.235937500000006,38,116,"{'type': 'note_on', 'time': 173, 'note': 38, 'velocity': 116, 'channel': 9}",-9,30240,252,-0.0140625,16,13,soul/groove4
16,13,42,0:599,note_on,0,30238,47.246875,42,121,"{'type': 'note_on', 'time': 0, 'note': 42, 'velocity': 121, 'channel': 9}",-2,30240,252,-0.003125,16,13,soul/groove4
16,15,42,0:603,note_on,0,30474,47.615625,42,122,"{'type': 'note_on', 'time': 0, 'note': 42, 'velocity': 122, 'channel': 9}",-6,30480,254,-0.009375000000000001,16,15,soul/groove4
16,16,42,0:606,note_on,0,30601,47.814062500000006,42,112,"{'type': 'note_on', 'time': 0, 'note': 42, 'velocity': 112, 'channel': 9}",1,30600,255,0.0015625,16,16,soul/groove4
