bar_number,bar_beat_number,note,track_msg_num,msg_type,delta_ticks,total_ticks,total_seconds,note,velocity,raw_data,beat_offset,beat_center,file_beat_number,beat_offset_ms,bar_number,bar_beat_number,style
1,1,36,0:6,note_on,15,15,0.02155171875,36,117,"{'type': 'note_on', 'time': 15, 'note': 36, 'velocity': 117, 'channel': 9}",15,0,0,0.02155171875,1,1,hiphop/groove6
1,2,36,0:8,note_on,91,176,0.25287350000000003,36,7,"{'type': 'note_on', 'time': 91, 'note': 36, 'velocity': 7, 'channel': 9}",56,120,1,0.08045975000000001,1,2,hiphop/groove6
1,5,36,0:10,note_on,206,453,0.6508619062500001,36,7,"{'type': 'note_on', 'time': 206, 'note': 36, 'velocity': 7, 'channel': 9}",-27,480,4,-0.03879309375,1,5,hiphop/groove6
1,5,38,0:11,note_on,28,481,0.69109178125,38,127,"{'type': 'note_on', 'time': 28, 'note': 38, 'velocity': 127, 'channel': 9}",1,480,4,0.0014367812500000001,1,5,hiphop/groove6
1,5,42,0:13,note_on,0,485,0.6968389062500001,42,127,"{'type': 'note_on', 'time': 0, 'note': 42, 'velocity': 127, 'channel': 9}",5,480,4,0.00718390625,1,5,hiphop/groove6
1,6,42,0:18,note_on,0,612,0.879310125,42,77,"{'type': 'note_on', 'time': 0, 'note': 42, 'velocity': 77, 'channel': 9}",12,600,5,0.017241375000000003,1,6,hiphop/groove6
1,7,42,0:21,note_on,0,717,1.0301721562500001,42,83,"{'type': 'note_on', 'time': 0, 'note': 42, 'velocity': 83, 'channel': 9}",-3,720,6,-0.004310343750000001,1,7,hiphop/groove6
1,8,36,0:23,note_on,42,829,1.19109165625,36,63,"{'type': 'note_on', 'time': 42, 'note': 36, 'velocity': 63, 'channel': 9}",-11,840,7,-0.015804593750000002,1,8,hiphop/groove6
1,8,42,0:25,note_on,0,848,1.2183905000000002,42,88,"{'type': 'note_on', 'time': 0, 'note': 42, 'velocity': 88, 'channel': 9}",8,840,7,0.011494250000000001,1,8,hiphop/groove6
1,9,42,0:29,note_on,0,960,1.37931,42,96,"{'type': 'note_on', 'time': 0, 'note': 42, 'velocity': 96, 'channel': 9}",0,960,8,0.0,1,9,hiphop/groove6
1,10,42,0:32,note_on,0,1089,1.5646547812500002,42,74,"{'type': 'note_on', 'time': 0, 'note': 42, 'velocity': 74, 'channel': 9}",9,1080,9,0.01293103125,1,10,hiphop/groove6
1,10,36,0:33,note_on,12,1101,1.5818961562500002,36,49,"{'type': 'note_on', 'time': 12, 'note': 36, 'velocity': 49, 'channel': 9}",21,1080,9,0.030172406250000002,1,10,hiphop/groove6
1,11,36,0:36,note_on,19,1190,1.7097696875000001,36,92,"{'type': 'note_on', 'time': 19, 'note': 36, 'velocity': 92, 'channel': 9}",-10,1200,10,-0.0143678125,1,11,hiphop/groove6
1,11,42,0:38,note_on,0,1201,1.7255742812500001,42,127,"{'type': 'note_on', 'time': 0, 'note': 42, 'velocity': 127, 'channel': 9}",1,1200,10,0.0014367812500000001,1,11,hiphop/groove6
1,12,42,0:42,note_on,0,1332,1.9137926250000001,42,53,"{'type': 'note_on', 'time': 0, 'note': 42, 'velocity': 53, 'channel': 9}",12,1320,11,0.017241375000000003,1,12,hiphop/groove6
1,13,38,0:44,note_on,43,1445,2.0761489062500003,38,125,"{'type': 'note_on', 'time': 43, 'note': 40, 'velocity': 125, 'channel': 9}",5,1440,12,0.00718390625,1,13,hiphop/groove6
1,13,42,0:46,note_on,0,1449,2.0818960312500003,42,127,"{'type': 'note_on', 'time': 0, 'note': 42, 'velocity': 127, 'channel': 9}",9,1440,12,0.01293103125,1,13,hiphop/groove6
1,14,36,0:49,note_on,44,1564,2.247125875,36,61,"{'type': 'note_on', 'time': 44, 'note': 36, 'velocity': 61, 'channel': 9}",4,1560,13,0.0057471250000000005,1,14,hiphop/groove6
1,14,42,0:51,note_on,0,1574,2.2614936875000002,42,58,"{'type': 'note_on', 'time': 0, 'note': 42, 'velocity': 58, 'channel': 9}",14,1560,13,0.020114937500000003,1,14,hiphop/groove6
1,15,42,0:55,note_on,0,1683,2.4181028437500003,42,104,"{'type': 'note_on', 'time': 0, 'note': 42, 'velocity': 104, 'channel': 9}",3,1680,14,0.004310343750000001,1,15,hiphop/groove6
1,16,42,0:58,note_on,0,1811,2.60201084375,42,60,"{'type': 'note_on', 'time': 0, 'note': 42, 'velocity': 60, 'channel': 9}",11,1800,15,0.015804593750000002,1,16,hiphop/groove6
1,16,36,0:59,note_on,16,1827,2.6249993437500003,36,57,"{'type': 'note_on', 'time': 16, 'note': 36, 'velocity': 57, 'channel': 9}",27,1800,15,0.03879309375,1,16,hiphop/groove6
2,1,36,0:62,note_on,16,1913,2.74856253125,36,86,"{'type': 'note_on', 'time': 16, 'note': 36, 'velocity': 86, 'channel': 9}",-7,1920,16,-0.010057468750000001,2,1,hiphop/groove6
2,1,42,0:64,note_on,0,1927,2.7686774687500004,42,127,"{'type': 'note_on', 'time': 0, 'note': 42, 'velocity': 127, 'channel': 9}",7,1920,16,0.010057468750000001,2,1,hiphop/groove6
2,2,42,0:68,note_on,0,2054,2.9511486875000004,42,66,"{'type': 'note_on', 'time': 0, 'note': 42, 'velocity': 66, 'channel': 9}",14,2040,17,0.020114937500000003,2,2,hiphop/groove6
2,3,42,0:71,note_on,0,2167,3.1135049687500005,42,104,"{'type': 'note_on', 'time': 0, 'note': 42, 'velocity': 104, 'channel': 9}",7,2160,18,0.010057468750000001,2,3,hiphop/groove6
2,4,36,0:73,note_on,48,2286,3.2844819375000003,36,60,"{'type': 'note_on', 'time': 48, 'note': 36, 'velocity': 60, 'channel': 9}",6,2280,19,0.008620687500000002,2,4,hiphop/groove6
2,4,42,0:75,note_on,0,2297,3.3002865312500003,42,76,"{'type': 'note_on', 'time': 0, 'note': 42, 'velocity': 76, 'channel': 9}",17,2280,19,0.024425281250000003,2,4,hiphop/groove6
2,5,38,0:78,note_on,43,2410,3.4626428125000004,38,117,"{'type': 'note_on', 'time': 43, 'note': 40, 'velocity': 117, 'channel': 9}",10,2400,20,0.0143678125,2,5,hiphop/groove6
2,5,42,0:80,note_on,0,2415,3.4698267187500003,42,119,"{'type': 'note_on', 'time': 0, 'note': 42, 'velocity': 119, 'channel': 9}",15,2400,20,0.02155171875,2,5,hiphop/groove6
2,6,42,0:84,note_on,0,2537,3.6451140312500003,42,91,"{'type': 'note_on', 'time': 0, 'note': 42, 'velocity': 91, 'channel': 9}",17,2520,21,0.024425281250000003,2,6,hiphop/groove6
2,7,42,0:87,note_on,0,2646,3.8017231875000004,42,89,"{'type': 'note_on', 'time': 0, 'note': 42, 'velocity': 89, 'channel': 9}",6,2640,22,0.008620687500000002,2,7,hiphop/groove6
2,8,36,0:89,note_on,46,2763,3.96982659375,36,62,"{'type': 'note_on', 'time': 46, 'note': 36, 'velocity': 62, 'channel': 9}",3,2760,23,0.004310343750000001,2,8,hiphop/groove6
2,8,42,0:91,note_on,0,2771,3.9813208437500003,42,96,"{'type': 'note_on', 'time': 0, 'note': 42, 'velocity': 96, 'channel': 9}",11,2760,23,0.015804593750000002,2,8,hiphop/groove6
2,9,42,0:95,note_on,0,2886,4.1465506875,42,96,"{'type': 'note_on', 'time': 0, 'note': 42, 'velocity': 96, 'channel': 9}",6,2880,24,0.008620687500000002,2,9,hiphop/groove6
2,10,36,0:97,note_on,68,3024,4.344826500000001,36,58,"{'type': 'note_on', 'time': 68, 'note': 36, 'velocity': 58, 'channel': 9}",24,3000,25,0.034482750000000006,2,10,hiphop/groove6
2,11,36,0:99,note_on,9,3103,4.458332218750001,36,90,"{'type': 'note_on', 'time': 9, 'note': 36, 'velocity': 90, 'channel': 9}",-17,3120,26,-0.024425281250000003,2,11,hiphop/groove6
2,13,36,0:101,note_on,174,3347,4.80890684375,36,90,"{'type': 'note_on', 'time': 174, 'note': 36, 'velocity': 90, 'channel': 9}",-13,3360,28,-0.01867815625,2,13,hiphop/groove6
2,13,38,0:102,note_on,29,3376,4.8505735,38,5,"{'type': 'note_on', 'time': 29, 'note': 38, 'velocity': 5, 'channel': 9}",16,3360,28,0.022988500000000002,2,13,hiphop/groove6
2,13,50,0:103,note_on,3,3379,4.854883843750001,50,13,"{'type': 'note_on', 'time': 3, 'note': 50, 'velocity': 13, 'channel': 9}",19,3360,28,0.027298843750000003,2,13,hiphop/groove6
2,15,36,0:107,note_on,138,3587,5.15373434375,36,64,"{'type': 'note_on', 'time': 138, 'note': 36, 'velocity': 64, 'channel': 9}",-13,3600,30,-0.01867815625,2,15,hiphop/groove6
2,15,50,0:108,note_on,35,3622,5.2040216875,50,13,"{'type': 'note_on', 'time': 35, 'note': 50, 'velocity': 13, 'channel': 9}",22,3600,30,0.031609187500000004,2,15,hiphop/groove6
3,1,36,0:111,note_on,144,3836,5.511492875,36,127,"{'type': 'note_on', 'time': 144, 'note': 36, 'velocity': 127, 'channel': 9}",-4,3840,32,-0.0057471250000000005,3,1,hiphop/groove6
3,5,38,0:113,note_on,404,4310,6.1925271875000005,38,127,"{'type': 'note_on', 'time': 404, 'note': 38, 'velocity': 127, 'channel': 9}",-10,4320,36,-0.0143678125,3,5,hiphop/groove6
3,5,42,0:115,note_on,0,4315,6.19971109375,42,127,"{'type': 'note_on', 'time': 0, 'note': 42, 'velocity': 127, 'channel': 9}",-5,4320,36,-0.00718390625,3,5,hiphop/groove6
3,6,42,0:119,note_on,0,4440,6.379308750000001,42,102,"{'type': 'note_on', 'time': 0, 'note': 42, 'velocity': 102, 'channel': 9}",0,4440,37,0.0,3,6,hiphop/groove6
3,7,42,0:122,note_on,0,4553,6.541665031250001,42,90,"{'type': 'note_on', 'time': 0, 'note': 42, 'velocity': 90, 'channel': 9}",-7,4560,38,-0.010057468750000001,3,7,hiphop/groove6
3,8,36,0:124,note_on,55,4679,6.722699468750001,36,67,"{'type': 'note_on', 'time': 55, 'note': 36, 'velocity': 67, 'channel': 9}",-1,4680,39,-0.0014367812500000001,3,8,hiphop/groove6
3,8,42,0:126,note_on,0,4680,6.724136250000001,42,98,"{'type': 'note_on', 'time': 0, 'note': 42, 'velocity': 98, 'channel': 9}",0,4680,39,0.0,3,8,hiphop/groove6
3,9,42,0:130,note_on,0,4797,6.892239656250001,42,92,"{'type': 'note_on', 'time': 0, 'note': 42, 'velocity': 92, 'channel': 9}",-3,4800,40,-0.004310343750000001,3,9,hiphop/groove6
3,10,42,0:133,note_on,0,4935,7.0905154687500005,42,72,"{'type': 'note_on', 'time': 0, 'note': 42, 'velocity': 72, 'channel': 9}",15,4920,41,0.02155171875,3,10,hiphop/groove6
3,10,36,0:134,note_on,7,4942,7.100572937500001,36,55,"{'type': 'note_on', 'time': 7, 'note': 36, 'velocity': 55, 'channel': 9}",22,4920,41,0.031609187500000004,3,10,hiphop/groove6
3,11,36,0:137,note_on,21,5033,7.231320031250001,36,92,"{'type': 'note_on', 'time': 21, 'note': 36, 'velocity': 92, 'channel': 9}",-7,5040,42,-0.010057468750000001,3,11,hiphop/groove6
3,11,42,0:139,note_on,0,5042,7.244251062500001,42,109,"{'type': 'note_on', 'time': 0, 'note': 42, 'velocity': 109, 'channel': 9}",2,5040,42,0.0028735625000000002,3,11,hiphop/groove6
3,12,42,0:143,note_on,0,5167,7.42384871875,42,82,"{'type': 'note_on', 'time': 0, 'note': 42, 'velocity': 82, 'channel': 9}",7,5160,43,0.010057468750000001,3,12,hiphop/groove6
3,13,38,0:145,note_on,48,5285,7.59338890625,38,127,"{'type': 'note_on', 'time': 48, 'note': 40, 'velocity': 127, 'channel': 9}",5,5280,44,0.00718390625,3,13,hiphop/groove6
3,13,42,0:147,note_on,0,5286,7.594825687500001,42,127,"{'type': 'note_on', 'time': 0, 'note': 42, 'velocity': 127, 'channel': 9}",6,5280,44,0.008620687500000002,3,13,hiphop/groove6
3,14,36,0:150,note_on,49,5406,7.767239437500001,36,75,"{'type': 'note_on', 'time': 49, 'note': 36, 'velocity': 75, 'channel': 9}",6,5400,45,0.008620687500000002,3,14,hiphop/groove6
3,14,42,0:152,note_on,0,5407,7.7686762187500005,42,94,"{'type': 'note_on', 'time': 0, 'note': 42, 'velocity': 94, 'channel': 9}",7,5400,45,0.010057468750000001,3,14,hiphop/groove6
3,15,42,0:156,note_on,0,5523,7.935342843750001,42,93,"{'type': 'note_on', 'time': 0, 'note': 42, 'velocity': 93, 'channel': 9}",3,5520,46,0.004310343750000001,3,15,hiphop/groove6
3,16,42,0:159,note_on,0,5645,8.11063015625,42,81,"{'type': 'note_on', 'time': 0, 'note': 42, 'velocity': 81, 'channel': 9}",5,5640,47,0.00718390625,3,16,hiphop/groove6
3,16,36,0:160,note_on,24,5669,8.14511290625,36,57,"{'type': 'note_on', 'time': 24, 'note': 36, 'velocity': 57, 'channel': 9}",29,5640,47,0.04166665625,3,16,hiphop/groove6
4,1,36,0:163,note_on,19,5758,8.2729864375,36,85,"{'type': 'note_on', 'time': 19, 'note': 36, 'velocity': 85, 'channel': 9}",-2,5760,48,-0.0028735625000000002,4,1,hiphop/groove6
4,1,42,0:165,note_on,0,5764,8.281607125,42,108,"{'type': 'note_on', 'time': 0, 'note': 42, 'velocity': 108, 'channel': 9}",4,5760,48,0.0057471250000000005,4,1,hiphop/groove6
4,2,42,0:169,note_on,0,5887,8.45833121875,42,78,"{'type': 'note_on', 'time': 0, 'note': 42, 'velocity': 78, 'channel': 9}",7,5880,49,0.010057468750000001,4,2,hiphop/groove6
4,3,42,0:172,note_on,0,6009,8.63361853125,42,102,"{'type': 'note_on', 'time': 0, 'note': 42, 'velocity': 102, 'channel': 9}",9,6000,50,0.01293103125,4,3,hiphop/groove6
4,4,36,0:174,note_on,42,6122,8.7959748125,36,67,"{'type': 'note_on', 'time': 42, 'note': 36, 'velocity': 67, 'channel': 9}",2,6120,51,0.0028735625000000002,4,4,hiphop/groove6
4,4,42,0:176,note_on,0,6135,8.81465296875,42,74,"{'type': 'note_on', 'time': 0, 'note': 42, 'velocity': 74, 'channel': 9}",15,6120,51,0.02155171875,4,4,hiphop/groove6
4,5,38,0:179,note_on,43,6248,8.97700925,38,124,"{'type': 'note_on', 'time': 43, 'note': 40, 'velocity': 124, 'channel': 9}",8,6240,52,0.011494250000000001,4,5,hiphop/groove6
4,5,42,0:181,note_on,0,6253,8.98419315625,42,127,"{'type': 'note_on', 'time': 0, 'note': 42, 'velocity': 127, 'channel': 9}",13,6240,52,0.01867815625,4,5,hiphop/groove6
4,6,42,0:185,note_on,0,6371,9.15373334375,42,74,"{'type': 'note_on', 'time': 0, 'note': 42, 'velocity': 74, 'channel': 9}",11,6360,53,0.015804593750000002,4,6,hiphop/groove6
4,7,42,0:188,note_on,0,6486,9.318963187500001,42,98,"{'type': 'note_on', 'time': 0, 'note': 42, 'velocity': 98, 'channel': 9}",6,6480,54,0.008620687500000002,4,7,hiphop/groove6
4,8,42,0:191,note_on,0,6612,9.499997625,42,115,"{'type': 'note_on', 'time': 0, 'note': 42, 'velocity': 115, 'channel': 9}",12,6600,55,0.017241375000000003,4,8,hiphop/groove6
4,8,36,0:192,note_on,1,6613,9.50143440625,36,64,"{'type': 'note_on', 'time': 1, 'note': 36, 'velocity': 64, 'channel': 9}",13,6600,55,0.01867815625,4,8,hiphop/groove6
4,9,42,0:196,note_on,0,6725,9.66235390625,42,95,"{'type': 'note_on', 'time': 0, 'note': 42, 'velocity': 95, 'channel': 9}",5,6720,56,0.00718390625,4,9,hiphop/groove6
4,10,42,0:199,note_on,0,6847,9.83764121875,42,74,"{'type': 'note_on', 'time': 0, 'note': 42, 'velocity': 74, 'channel': 9}",7,6840,57,0.010057468750000001,4,10,hiphop/groove6
4,10,36,0:200,note_on,35,6882,9.8879285625,36,57,"{'type': 'note_on', 'time': 35, 'note': 36, 'velocity': 57, 'channel': 9}",42,6840,57,0.060344812500000004,4,10,hiphop/groove6
4,11,36,0:203,note_on,12,6965,10.007181406250002,36,115,"{'type': 'note_on', 'time': 12, 'note': 36, 'velocity': 115, 'channel': 9}",5,6960,58,0.00718390625,4,11,hiphop/groove6
4,13,36,0:205,note_on,177,7213,10.363503156250001,36,103,"{'type': 'note_on', 'time': 177, 'note': 36, 'velocity': 103, 'channel': 9}",13,7200,60,0.01867815625,4,13,hiphop/groove6
4,15,36,0:207,note_on,171,7454,10.7097674375,36,72,"{'type': 'note_on', 'time': 171, 'note': 36, 'velocity': 72, 'channel': 9}",14,7440,62,0.020114937500000003,4,15,hiphop/groove6
4,15,38,0:208,note_on,31,7485,10.75430765625,38,5,"{'type': 'note_on', 'time': 31, 'note': 38, 'velocity': 5, 'channel': 9}",45,7440,62,0.06465515625000001,4,15,hiphop/groove6
5,1,36,0:211,note_on,135,7690,11.048847812500002,36,112,"{'type': 'note_on', 'time': 135, 'note': 36, 'velocity': 112, 'channel': 9}",10,7680,64,0.0143678125,5,1,hiphop/groove6
5,5,38,0:213,note_on,398,8158,11.7212614375,38,127,"{'type': 'note_on', 'time': 398, 'note': 38, 'velocity': 127, 'channel': 9}",-2,8160,68,-0.0028735625000000002,5,5,hiphop/groove6
5,5,42,0:215,note_on,0,8162,11.727008562500002,42,127,"{'type': 'note_on', 'time': 0, 'note': 42, 'velocity': 127, 'channel': 9}",2,8160,68,0.0028735625000000002,5,5,hiphop/groove6
5,6,42,0:219,note_on,0,8290,11.9109165625,42,95,"{'type': 'note_on', 'time': 0, 'note': 42, 'velocity': 95, 'channel': 9}",10,8280,69,0.0143678125,5,6,hiphop/groove6
5,7,42,0:222,note_on,0,8403,12.07327284375,42,100,"{'type': 'note_on', 'time': 0, 'note': 42, 'velocity': 100, 'channel': 9}",3,8400,70,0.004310343750000001,5,7,hiphop/groove6
5,8,36,0:224,note_on,51,8524,12.247123375000001,36,70,"{'type': 'note_on', 'time': 51, 'note': 36, 'velocity': 70, 'channel': 9}",4,8520,71,0.0057471250000000005,5,8,hiphop/groove6
5,8,42,0:226,note_on,0,8535,12.26292796875,42,96,"{'type': 'note_on', 'time': 0, 'note': 42, 'velocity': 96, 'channel': 9}",15,8520,71,0.02155171875,5,8,hiphop/groove6
5,9,42,0:230,note_on,0,8651,12.429594593750002,42,86,"{'type': 'note_on', 'time': 0, 'note': 42, 'velocity': 86, 'channel': 9}",11,8640,72,0.015804593750000002,5,9,hiphop/groove6
5,10,42,0:233,note_on,0,8780,12.614939375,42,82,"{'type': 'note_on', 'time': 0, 'note': 42, 'velocity': 82, 'channel': 9}",20,8760,73,0.028735625,5,10,hiphop/groove6
5,10,36,0:234,note_on,15,8795,12.636491093750001,36,58,"{'type': 'note_on', 'time': 15, 'note': 36, 'velocity': 58, 'channel': 9}",35,8760,73,0.050287343750000005,5,10,hiphop/groove6
5,11,36,0:237,note_on,21,8886,12.7672381875,36,87,"{'type': 'note_on', 'time': 21, 'note': 36, 'velocity': 87, 'channel': 9}",6,8880,74,0.008620687500000002,5,11,hiphop/groove6
5,11,42,0:239,note_on,0,8891,12.774422093750001,42,107,"{'type': 'note_on', 'time': 0, 'note': 42, 'velocity': 107, 'channel': 9}",11,8880,74,0.015804593750000002,5,11,hiphop/groove6
5,12,42,0:243,note_on,0,9007,12.94108871875,42,57,"{'type': 'note_on', 'time': 0, 'note': 42, 'velocity': 57, 'channel': 9}",7,9000,75,0.010057468750000001,5,12,hiphop/groove6
5,13,38,0:245,note_on,55,9132,13.120686375000002,38,127,"{'type': 'note_on', 'time': 55, 'note': 38, 'velocity': 127, 'channel': 9}",12,9120,76,0.017241375000000003,5,13,hiphop/groove6
5,13,42,0:247,note_on,0,9136,13.126433500000001,42,127,"{'type': 'note_on', 'time': 0, 'note': 42, 'velocity': 127, 'channel': 9}",16,9120,76,0.022988500000000002,5,13,hiphop/groove6
5,14,36,0:250,note_on,48,9254,13.295973687500002,36,74,"{'type': 'note_on', 'time': 48, 'note': 36, 'velocity': 74, 'channel': 9}",14,9240,77,0.020114937500000003,5,14,hiphop/groove6
5,14,42,0:252,note_on,0,9255,13.297410468750002,42,79,"{'type': 'note_on', 'time': 0, 'note': 42, 'velocity': 79, 'channel': 9}",15,9240,77,0.02155171875,5,14,hiphop/groove6
5,15,42,0:256,note_on,0,9366,13.4568931875,42,95,"{'type': 'note_on', 'time': 0, 'note': 42, 'velocity': 95, 'channel': 9}",6,9360,78,0.008620687500000002,5,15,hiphop/groove6
5,16,42,0:259,note_on,0,9488,13.6321805,42,83,"{'type': 'note_on', 'time': 0, 'note': 42, 'velocity': 83, 'channel': 9}",8,9480,79,0.011494250000000001,5,16,hiphop/groove6
5,16,36,0:260,note_on,20,9508,13.660916125000002,36,59,"{'type': 'note_on', 'time': 20, 'note': 36, 'velocity': 59, 'channel': 9}",28,9480,79,0.040229875000000005,5,16,hiphop/groove6
6,1,36,0:263,note_on,19,9597,13.788789656250001,36,103,"{'type': 'note_on', 'time': 19, 'note': 36, 'velocity': 103, 'channel': 9}",-3,9600,80,-0.004310343750000001,6,1,hiphop/groove6
6,1,42,0:265,note_on,0,9605,13.800283906250002,42,92,"{'type': 'note_on', 'time': 0, 'note': 42, 'velocity': 92, 'channel': 9}",5,9600,80,0.00718390625,6,1,hiphop/groove6
6,2,42,0:269,note_on,0,9726,13.974134437500002,42,67,"{'type': 'note_on', 'time': 0, 'note': 42, 'velocity': 67, 'channel': 9}",6,9720,81,0.008620687500000002,6,2,hiphop/groove6
6,3,42,0:272,note_on,0,9848,14.149421750000002,42,91,"{'type': 'note_on', 'time': 0, 'note': 42, 'velocity': 91, 'channel': 9}",8,9840,82,0.011494250000000001,6,3,hiphop/groove6
6,4,36,0:274,note_on,46,9964,14.316088375000001,36,66,"{'type': 'note_on', 'time': 46, 'note': 36, 'velocity': 66, 'channel': 9}",4,9960,83,0.0057471250000000005,6,4,hiphop/groove6
6,4,42,0:276,note_on,0,9976,14.33332975,42,44,"{'type': 'note_on', 'time': 0, 'note': 42, 'velocity': 44, 'channel': 9}",16,9960,83,0.022988500000000002,6,4,hiphop/groove6
6,5,38,0:279,note_on,45,10091,14.49855959375,38,127,"{'type': 'note_on', 'time': 45, 'note': 40, 'velocity': 127, 'channel': 9}",11,10080,84,0.015804593750000002,6,5,hiphop/groove6
6,5,42,0:281,note_on,0,10096,14.505743500000001,42,127,"{'type': 'note_on', 'time': 0, 'note': 42, 'velocity': 127, 'channel': 9}",16,10080,84,0.022988500000000002,6,5,hiphop/groove6
6,6,42,0:285,note_on,0,10222,14.6867779375,42,71,"{'type': 'note_on', 'time': 0, 'note': 42, 'velocity': 71, 'channel': 9}",22,10200,85,0.031609187500000004,6,6,hiphop/groove6
6,7,42,0:288,note_on,0,10329,14.840513531250002,42,94,"{'type': 'note_on', 'time': 0, 'note': 42, 'velocity': 94, 'channel': 9}",9,10320,86,0.01293103125,6,7,hiphop/groove6
6,8,42,0:291,note_on,0,10455,15.021547968750001,42,89,"{'type': 'note_on', 'time': 0, 'note': 42, 'velocity': 89, 'channel': 9}",15,10440,87,0.02155171875,6,8,hiphop/groove6
6,8,36,0:292,note_on,5,10460,15.028731875000002,36,70,"{'type': 'note_on', 'time': 5, 'note': 36, 'velocity': 70, 'channel': 9}",20,10440,87,0.028735625,6,8,hiphop/groove6
6,9,42,0:296,note_on,0,10572,15.189651375000002,42,87,"{'type': 'note_on', 'time': 0, 'note': 42, 'velocity': 87, 'channel': 9}",12,10560,88,0.017241375000000003,6,9,hiphop/groove6
6,10,36,0:298,note_on,78,10721,15.403731781250002,36,60,"{'type': 'note_on', 'time': 78, 'note': 36, 'velocity': 60, 'channel': 9}",41,10680,89,0.058908031250000006,6,10,hiphop/groove6
6,11,36,0:300,note_on,9,10800,15.517237500000002,36,127,"{'type': 'note_on', 'time': 9, 'note': 36, 'velocity': 127, 'channel': 9}",0,10800,90,0.0,6,11,hiphop/groove6
6,13,36,0:302,note_on,175,11045,15.869248906250002,36,107,"{'type': 'note_on', 'time': 175, 'note': 36, 'velocity': 107, 'channel': 9}",5,11040,92,0.00718390625,6,13,hiphop/groove6
6,15,36,0:304,note_on,175,11290,16.2212603125,36,86,"{'type': 'note_on', 'time': 175, 'note': 36, 'velocity': 86, 'channel': 9}",10,11280,94,0.0143678125,6,15,hiphop/groove6
6,15,38,0:305,note_on,29,11319,16.26292696875,38,5,"{'type': 'note_on', 'time': 29, 'note': 38, 'velocity': 5, 'channel': 9}",39,11280,94,0.056034468750000004,6,15,hiphop/groove6
7,1,36,0:308,note_on,142,11532,16.568961375,36,114,"{'type': 'note_on', 'time': 142, 'note': 36, 'velocity': 114, 'channel': 9}",12,11520,96,0.017241375000000003,7,1,hiphop/groove6
7,5,38,0:310,note_on,391,11994,17.232754312500003,38,127,"{'type': 'note_on', 'time': 391, 'note': 38, 'velocity': 127, 'channel': 9}",-6,12000,100,-0.008620687500000002,7,5,hiphop/groove6
7,5,42,0:312,note_on,0,11999,17.23993821875,42,127,"{'type': 'note_on', 'time': 0, 'note': 42, 'velocity': 127, 'channel': 9}",-1,12000,100,-0.0014367812500000001,7,5,hiphop/groove6
7,6,42,0:316,note_on,0,12123,17.41809909375,42,99,"{'type': 'note_on', 'time': 0, 'note': 42, 'velocity': 99, 'channel': 9}",3,12120,101,0.004310343750000001,7,6,hiphop/groove6
7,7,42,0:319,note_on,0,12240,17.586202500000002,42,106,"{'type': 'note_on', 'time': 0, 'note': 42, 'velocity': 106, 'channel': 9}",0,12240,102,0.0,7,7,hiphop/groove6
7,8,36,0:321,note_on,54,12364,17.764363375000002,36,74,"{'type': 'note_on', 'time': 54, 'note': 36, 'velocity': 74, 'channel': 9}",4,12360,103,0.0057471250000000005,7,8,hiphop/groove6
7,8,42,0:323,note_on,0,12375,17.78016796875,42,88,"{'type': 'note_on', 'time': 0, 'note': 42, 'velocity': 88, 'channel': 9}",15,12360,103,0.02155171875,7,8,hiphop/groove6
7,9,42,0:327,note_on,0,12487,17.941087468750002,42,105,"{'type': 'note_on', 'time': 0, 'note': 42, 'velocity': 105, 'channel': 9}",7,12480,104,0.010057468750000001,7,9,hiphop/groove6
7,10,42,0:330,note_on,0,12615,18.12499546875,42,24,"{'type': 'note_on', 'time': 0, 'note': 42, 'velocity': 24, 'channel': 9}",15,12600,105,0.02155171875,7,10,hiphop/groove6
7,10,36,0:331,note_on,11,12626,18.140800062500002,36,62,"{'type': 'note_on', 'time': 11, 'note': 36, 'velocity': 62, 'channel': 9}",26,12600,105,0.0373563125,7,10,hiphop/groove6
7,11,36,0:334,note_on,20,12717,18.27154715625,36,101,"{'type': 'note_on', 'time': 20, 'note': 36, 'velocity': 101, 'channel': 9}",-3,12720,106,-0.004310343750000001,7,11,hiphop/groove6
7,11,42,0:336,note_on,0,12725,18.283041406250003,42,114,"{'type': 'note_on', 'time': 0, 'note': 42, 'velocity': 114, 'channel': 9}",5,12720,106,0.00718390625,7,11,hiphop/groove6
7,12,42,0:340,note_on,0,12847,18.458328718750003,42,6,"{'type': 'note_on', 'time': 0, 'note': 42, 'velocity': 6, 'channel': 9}",7,12840,107,0.010057468750000001,7,12,hiphop/groove6
7,13,38,0:342,note_on,47,12964,18.626432125,38,127,"{'type': 'note_on', 'time': 47, 'note': 38, 'velocity': 127, 'channel': 9}",4,12960,108,0.0057471250000000005,7,13,hiphop/groove6
7,13,42,0:344,note_on,0,12967,18.63074246875,42,127,"{'type': 'note_on', 'time': 0, 'note': 42, 'velocity': 127, 'channel': 9}",7,12960,108,0.010057468750000001,7,13,hiphop/groove6
7,14,36,0:347,note_on,52,13089,18.80602978125,36,79,"{'type': 'note_on', 'time': 52, 'note': 36, 'velocity': 79, 'channel': 9}",9,13080,109,0.01293103125,7,14,hiphop/groove6
7,14,42,0:349,note_on,0,13101,18.82327115625,42,89,"{'type': 'note_on', 'time': 0, 'note': 42, 'velocity': 89, 'channel': 9}",21,13080,109,0.030172406250000002,7,14,hiphop/groove6
7,15,42,0:353,note_on,0,13204,18.971259625000002,42,79,"{'type': 'note_on', 'time': 0, 'note': 42, 'velocity': 79, 'channel': 9}",4,13200,110,0.0057471250000000005,7,15,hiphop/groove6
7,16,42,0:356,note_on,0,13325,19.145110156250002,42,86,"{'type': 'note_on', 'time': 0, 'note': 42, 'velocity': 86, 'channel': 9}",5,13320,111,0.00718390625,7,16,hiphop/groove6
7,16,36,0:357,note_on,17,13342,19.169535437500002,36,57,"{'type': 'note_on', 'time': 17, 'note': 36, 'velocity': 57, 'channel': 9}",22,13320,111,0.031609187500000004,7,16,hiphop/groove6
8,1,36,0:360,note_on,23,13435,19.30315609375,36,97,"{'type': 'note_on', 'time': 23, 'note': 36, 'velocity': 97, 'channel': 9}",-5,13440,112,-0.00718390625,8,1,hiphop/groove6
8,1,42,0:362,note_on,0,13441,19.311776781250003,42,79,"{'type': 'note_on', 'time': 0, 'note': 42, 'velocity': 79, 'channel': 9}",1,13440,112,0.0014367812500000001,8,1,hiphop/groove6
8,2,42,0:366,note_on,0,13567,19.492811218750003,42,80,"{'type': 'note_on', 'time': 0, 'note': 42, 'velocity': 80, 'channel': 9}",7,13560,113,0.010057468750000001,8,2,hiphop/groove6
8,3,42,0:369,note_on,0,13686,19.663788187500003,42,85,"{'type': 'note_on', 'time': 0, 'note': 42, 'velocity': 85, 'channel': 9}",6,13680,114,0.008620687500000002,8,3,hiphop/groove6
8,4,42,0:372,note_on,0,13808,19.839075500000003,42,81,"{'type': 'note_on', 'time': 0, 'note': 42, 'velocity': 81, 'channel': 9}",8,13800,115,0.011494250000000001,8,4,hiphop/groove6
8,4,36,0:373,note_on,2,13810,19.841949062500003,36,66,"{'type': 'note_on', 'time': 2, 'note': 36, 'velocity': 66, 'channel': 9}",10,13800,115,0.0143678125,8,4,hiphop/groove6
8,5,38,0:376,note_on,46,13926,20.0086156875,38,127,"{'type': 'note_on', 'time': 46, 'note': 38, 'velocity': 127, 'channel': 9}",6,13920,116,0.008620687500000002,8,5,hiphop/groove6
8,5,42,0:378,note_on,0,13932,20.017236375000003,42,124,"{'type': 'note_on', 'time': 0, 'note': 42, 'velocity': 124, 'channel': 9}",12,13920,116,0.017241375000000003,8,5,hiphop/groove6
8,6,42,0:382,note_on,0,14052,20.189650125,42,92,"{'type': 'note_on', 'time': 0, 'note': 42, 'velocity': 92, 'channel': 9}",12,14040,117,0.017241375000000003,8,6,hiphop/groove6
8,7,42,0:385,note_on,0,14165,20.352006406250002,42,89,"{'type': 'note_on', 'time': 0, 'note': 42, 'velocity': 89, 'channel': 9}",5,14160,118,0.00718390625,8,7,hiphop/groove6
8,8,42,0:388,note_on,0,14290,20.5316040625,42,113,"{'type': 'note_on', 'time': 0, 'note': 42, 'velocity': 113, 'channel': 9}",10,14280,119,0.0143678125,8,8,hiphop/groove6
8,8,36,0:389,note_on,3,14293,20.53591440625,36,75,"{'type': 'note_on', 'time': 3, 'note': 36, 'velocity': 75, 'channel': 9}",13,14280,119,0.01867815625,8,8,hiphop/groove6
8,9,42,0:393,note_on,0,14411,20.70545459375,42,90,"{'type': 'note_on', 'time': 0, 'note': 42, 'velocity': 90, 'channel': 9}",11,14400,120,0.015804593750000002,8,9,hiphop/groove6
8,10,36,0:395,note_on,69,14551,20.90660396875,36,61,"{'type': 'note_on', 'time': 69, 'note': 36, 'velocity': 61, 'channel': 9}",31,14520,121,0.044540218750000006,8,10,hiphop/groove6
8,11,36,0:397,note_on,16,14638,21.0316039375,36,116,"{'type': 'note_on', 'time': 16, 'note': 36, 'velocity': 116, 'channel': 9}",-2,14640,122,-0.0028735625000000002,8,11,hiphop/groove6
8,13,36,0:399,note_on,179,14887,21.38936246875,36,126,"{'type': 'note_on', 'time': 179, 'note': 36, 'velocity': 126, 'channel': 9}",7,14880,124,0.010057468750000001,8,13,hiphop/groove6
8,15,36,0:401,note_on,172,15129,21.73706353125,36,90,"{'type': 'note_on', 'time': 172, 'note': 36, 'velocity': 90, 'channel': 9}",9,15120,126,0.01293103125,8,15,hiphop/groove6
8,15,38,0:402,note_on,30,15159,21.780166968750002,38,7,"{'type': 'note_on', 'time': 30, 'note': 37, 'velocity': 7, 'channel': 9}",39,15120,126,0.056034468750000004,8,15,hiphop/groove6
9,1,36,0:405,note_on,144,15373,22.08763815625,36,127,"{'type': 'note_on', 'time': 144, 'note': 36, 'velocity': 127, 'channel': 9}",13,15360,128,0.01867815625,9,1,hiphop/groove6
9,5,38,0:407,note_on,383,15826,22.7385000625,38,127,"{'type': 'note_on', 'time': 383, 'note': 38, 'velocity': 127, 'channel': 9}",-14,15840,132,-0.020114937500000003,9,5,hiphop/groove6
9,5,42,0:409,note_on,0,15830,22.7442471875,42,127,"{'type': 'note_on', 'time': 0, 'note': 42, 'velocity': 127, 'channel': 9}",-10,15840,132,-0.0143678125,9,5,hiphop/groove6
9,6,42,0:413,note_on,0,15961,22.932465531250003,42,15,"{'type': 'note_on', 'time': 0, 'note': 42, 'velocity': 15, 'channel': 9}",1,15960,133,0.0014367812500000001,9,6,hiphop/groove6
9,7,42,0:416,note_on,0,16073,23.09338503125,42,102,"{'type': 'note_on', 'time': 0, 'note': 42, 'velocity': 102, 'channel': 9}",-7,16080,134,-0.010057468750000001,9,7,hiphop/groove6
9,8,42,0:420,note_on,0,16205,23.283040156250003,42,97,"{'type': 'note_on', 'time': 0, 'note': 42, 'velocity': 97, 'channel': 9}",5,16200,135,0.00718390625,9,8,hiphop/groove6
9,9,42,0:426,note_on,0,16316,23.442522875,42,110,"{'type': 'note_on', 'time': 0, 'note': 42, 'velocity': 110, 'channel': 9}",-4,16320,136,-0.0057471250000000005,9,9,hiphop/groove6
9,10,42,0:429,note_on,0,16446,23.629304437500004,42,72,"{'type': 'note_on', 'time': 0, 'note': 42, 'velocity': 72, 'channel': 9}",6,16440,137,0.008620687500000002,9,10,hiphop/groove6
9,10,36,0:430,note_on,17,16463,23.653729718750004,36,51,"{'type': 'note_on', 'time': 17, 'note': 36, 'velocity': 51, 'channel': 9}",23,16440,137,0.03304596875,9,10,hiphop/groove6
9,11,36,0:433,note_on,18,16551,23.780166468750004,36,91,"{'type': 'note_on', 'time': 18, 'note': 36, 'velocity': 91, 'channel': 9}",-9,16560,138,-0.01293103125,9,11,hiphop/groove6
9,11,42,0:435,note_on,0,16556,23.787350375000003,42,127,"{'type': 'note_on', 'time': 0, 'note': 42, 'velocity': 127, 'channel': 9}",-4,16560,138,-0.0057471250000000005,9,11,hiphop/groove6
9,12,42,0:439,note_on,0,16677,23.961200906250003,42,55,"{'type': 'note_on', 'time': 0, 'note': 42, 'velocity': 55, 'channel': 9}",-3,16680,139,-0.004310343750000001,9,12,hiphop/groove6
9,13,38,0:441,note_on,51,16798,24.135051437500003,38,127,"{'type': 'note_on', 'time': 51, 'note': 38, 'velocity': 127, 'channel': 9}",-2,16800,140,-0.0028735625000000002,9,13,hiphop/groove6
9,13,42,0:443,note_on,0,16802,24.140798562500002,42,127,"{'type': 'note_on', 'time': 0, 'note': 42, 'velocity': 127, 'channel': 9}",2,16800,140,0.0028735625000000002,9,13,hiphop/groove6
9,14,42,0:447,note_on,0,16924,24.316085875000002,42,58,"{'type': 'note_on', 'time': 0, 'note': 42, 'velocity': 58, 'channel': 9}",4,16920,141,0.0057471250000000005,9,14,hiphop/groove6
9,14,36,0:448,note_on,4,16928,24.321833,36,64,"{'type': 'note_on', 'time': 4, 'note': 36, 'velocity': 64, 'channel': 9}",8,16920,141,0.011494250000000001,9,14,hiphop/groove6
9,15,42,0:452,note_on,0,17041,24.484189281250003,42,117,"{'type': 'note_on', 'time': 0, 'note': 42, 'velocity': 117, 'channel': 9}",1,17040,142,0.0014367812500000001,9,15,hiphop/groove6
9,16,42,0:455,note_on,0,17153,24.645108781250002,42,76,"{'type': 'note_on', 'time': 0, 'note': 42, 'velocity': 76, 'channel': 9}",-7,17160,143,-0.010057468750000001,9,16,hiphop/groove6
9,16,36,0:456,note_on,34,17187,24.693959343750002,36,53,"{'type': 'note_on', 'time': 34, 'note': 36, 'velocity': 53, 'channel': 9}",27,17160,143,0.03879309375,9,16,hiphop/groove6
10,1,36,0:459,note_on,20,17277,24.82326965625,36,95,"{'type': 'note_on', 'time': 20, 'note': 36, 'velocity': 95, 'channel': 9}",-3,17280,144,-0.004310343750000001,10,1,hiphop/groove6
10,1,42,0:461,note_on,0,17280,24.82758,42,127,"{'type': 'note_on', 'time': 0, 'note': 42, 'velocity': 127, 'channel': 9}",0,17280,144,0.0,10,1,hiphop/groove6
10,2,42,0:465,note_on,0,17409,25.012924781250003,42,63,"{'type': 'note_on', 'time': 0, 'note': 42, 'velocity': 63, 'channel': 9}",9,17400,145,0.01293103125,10,2,hiphop/groove6
10,3,36,0:467,note_on,33,17513,25.162350031250003,36,6,"{'type': 'note_on', 'time': 33, 'note': 36, 'velocity': 6, 'channel': 9}",-7,17520,146,-0.010057468750000001,10,3,hiphop/groove6
10,3,42,0:469,note_on,0,17527,25.18246496875,42,126,"{'type': 'note_on', 'time': 0, 'note': 42, 'velocity': 126, 'channel': 9}",7,17520,146,0.010057468750000001,10,3,hiphop/groove6
10,4,36,0:472,note_on,54,17651,25.360625843750004,36,67,"{'type': 'note_on', 'time': 54, 'note': 36, 'velocity': 67, 'channel': 9}",11,17640,147,0.015804593750000002,10,4,hiphop/groove6
10,4,42,0:474,note_on,0,17654,25.364936187500003,42,49,"{'type': 'note_on', 'time': 0, 'note': 42, 'velocity': 49, 'channel': 9}",14,17640,147,0.020114937500000003,10,4,hiphop/groove6
10,5,38,0:477,note_on,39,17764,25.522982125000002,38,121,"{'type': 'note_on', 'time': 39, 'note': 38, 'velocity': 121, 'channel': 9}",4,17760,148,0.0057471250000000005,10,5,hiphop/groove6
10,5,42,0:479,note_on,0,17771,25.53303959375,42,127,"{'type': 'note_on', 'time': 0, 'note': 42, 'velocity': 127, 'channel': 9}",11,17760,148,0.015804593750000002,10,5,hiphop/groove6
10,5,36,0:480,note_on,22,17793,25.564648781250003,36,11,"{'type': 'note_on', 'time': 22, 'note': 36, 'velocity': 11, 'channel': 9}",33,17760,148,0.04741378125,10,5,hiphop/groove6
10,6,42,0:485,note_on,0,17895,25.711200468750004,42,61,"{'type': 'note_on', 'time': 0, 'note': 42, 'velocity': 61, 'channel': 9}",15,17880,149,0.02155171875,10,6,hiphop/groove6
10,7,42,0:488,note_on,0,18000,25.862062500000004,42,101,"{'type': 'note_on', 'time': 0, 'note': 42, 'velocity': 101, 'channel': 9}",0,18000,150,0.0,10,7,hiphop/groove6
10,8,42,0:491,note_on,0,18125,26.041660156250003,42,86,"{'type': 'note_on', 'time': 0, 'note': 42, 'velocity': 86, 'channel': 9}",5,18120,151,0.00718390625,10,8,hiphop/groove6
10,8,36,0:492,note_on,7,18132,26.051717625000002,36,67,"{'type': 'note_on', 'time': 7, 'note': 36, 'velocity': 67, 'channel': 9}",12,18120,151,0.017241375000000003,10,8,hiphop/groove6
10,9,42,0:496,note_on,0,18243,26.21120034375,42,127,"{'type': 'note_on', 'time': 0, 'note': 42, 'velocity': 127, 'channel': 9}",3,18240,152,0.004310343750000001,10,9,hiphop/groove6
10,10,42,0:499,note_on,0,18367,26.389361218750004,42,67,"{'type': 'note_on', 'time': 0, 'note': 42, 'velocity': 67, 'channel': 9}",7,18360,153,0.010057468750000001,10,10,hiphop/groove6
10,10,36,0:500,note_on,26,18393,26.426717531250002,36,56,"{'type': 'note_on', 'time': 26, 'note': 36, 'velocity': 56, 'channel': 9}",33,18360,153,0.04741378125,10,10,hiphop/groove6
10,11,36,0:503,note_on,9,18472,26.540223250000004,36,116,"{'type': 'note_on', 'time': 9, 'note': 36, 'velocity': 116, 'channel': 9}",-8,18480,154,-0.011494250000000001,10,11,hiphop/groove6
10,13,36,0:505,note_on,171,18713,26.88648753125,36,101,"{'type': 'note_on', 'time': 171, 'note': 36, 'velocity': 101, 'channel': 9}",-7,18720,156,-0.010057468750000001,10,13,hiphop/groove6
10,15,36,0:507,note_on,170,18954,27.232751812500002,36,74,"{'type': 'note_on', 'time': 170, 'note': 36, 'velocity': 74, 'channel': 9}",-6,18960,158,-0.008620687500000002,10,15,hiphop/groove6
10,15,38,0:508,note_on,32,18986,27.278728812500002,38,5,"{'type': 'note_on', 'time': 32, 'note': 38, 'velocity': 5, 'channel': 9}",26,18960,158,0.0373563125,10,15,hiphop/groove6
10,15,50,0:509,note_on,4,18990,27.2844759375,50,11,"{'type': 'note_on', 'time': 4, 'note': 50, 'velocity': 11, 'channel': 9}",30,18960,158,0.0431034375,10,15,hiphop/groove6
11,1,36,0:513,note_on,142,19202,27.5890735625,36,123,"{'type': 'note_on', 'time': 142, 'note': 36, 'velocity': 123, 'channel': 9}",2,19200,160,0.0028735625000000002,11,1,hiphop/groove6
11,5,38,0:515,note_on,393,19665,28.254303281250003,38,127,"{'type': 'note_on', 'time': 393, 'note': 38, 'velocity': 127, 'channel': 9}",-15,19680,164,-0.02155171875,11,5,hiphop/groove6
11,5,42,0:517,note_on,0,19669,28.260050406250002,42,127,"{'type': 'note_on', 'time': 0, 'note': 42, 'velocity': 127, 'channel': 9}",-11,19680,164,-0.015804593750000002,11,5,hiphop/groove6
11,6,42,0:521,note_on,0,19792,28.436774500000002,42,92,"{'type': 'note_on', 'time': 0, 'note': 42, 'velocity': 92, 'channel': 9}",-8,19800,165,-0.011494250000000001,11,6,hiphop/groove6
11,7,42,0:524,note_on,0,19910,28.606314687500003,42,86,"{'type': 'note_on', 'time': 0, 'note': 42, 'velocity': 86, 'channel': 9}",-10,19920,166,-0.0143678125,11,7,hiphop/groove6
11,8,36,0:526,note_on,51,20032,28.781602000000003,36,65,"{'type': 'note_on', 'time': 51, 'note': 36, 'velocity': 65, 'channel': 9}",-8,20040,167,-0.011494250000000001,11,8,hiphop/groove6
11,8,42,0:528,note_on,0,20043,28.79740659375,42,106,"{'type': 'note_on', 'time': 0, 'note': 42, 'velocity': 106, 'channel': 9}",3,20040,167,0.004310343750000001,11,8,hiphop/groove6
11,9,42,0:532,note_on,0,20161,28.96694678125,42,92,"{'type': 'note_on', 'time': 0, 'note': 42, 'velocity': 92, 'channel': 9}",1,20160,168,0.0014367812500000001,11,9,hiphop/groove6
11,10,42,0:535,note_on,0,20287,29.14798121875,42,77,"{'type': 'note_on', 'time': 0, 'note': 42, 'velocity': 77, 'channel': 9}",7,20280,169,0.010057468750000001,11,10,hiphop/groove6
11,10,36,0:536,note_on,11,20298,29.163785812500002,36,53,"{'type': 'note_on', 'time': 11, 'note': 36, 'velocity': 53, 'channel': 9}",18,20280,169,0.0258620625,11,10,hiphop/groove6
11,11,36,0:539,note_on,17,20385,29.288785781250002,36,100,"{'type': 'note_on', 'time': 17, 'note': 36, 'velocity': 100, 'channel': 9}",-15,20400,170,-0.02155171875,11,11,hiphop/groove6
11,11,42,0:541,note_on,0,20394,29.301716812500004,42,99,"{'type': 'note_on', 'time': 0, 'note': 42, 'velocity': 99, 'channel': 9}",-6,20400,170,-0.008620687500000002,11,11,hiphop/groove6
11,12,42,0:545,note_on,0,20514,29.4741305625,42,70,"{'type': 'note_on', 'time': 0, 'note': 42, 'velocity': 70, 'channel': 9}",-6,20520,171,-0.008620687500000002,11,12,hiphop/groove6
11,13,38,0:548,note_on,0,20643,29.659475343750003,38,127,"{'type': 'note_on', 'time': 0, 'note': 38, 'velocity': 127, 'channel': 9}",3,20640,172,0.004310343750000001,11,13,hiphop/groove6
11,13,42,0:549,note_on,0,20643,29.659475343750003,42,123,"{'type': 'note_on', 'time': 0, 'note': 42, 'velocity': 123, 'channel': 9}",3,20640,172,0.004310343750000001,11,13,hiphop/groove6
11,14,36,0:553,note_on,0,20770,29.841946562500002,36,79,"{'type': 'note_on', 'time': 0, 'note': 36, 'velocity': 79, 'channel': 9}",10,20760,173,0.0143678125,11,14,hiphop/groove6
11,14,42,0:554,note_on,0,20770,29.841946562500002,42,73,"{'type': 'note_on', 'time': 0, 'note': 42, 'velocity': 73, 'channel': 9}",10,20760,173,0.0143678125,11,14,hiphop/groove6
11,15,42,0:558,note_on,0,20880,29.9999925,42,80,"{'type': 'note_on', 'time': 0, 'note': 42, 'velocity': 80, 'channel': 9}",0,20880,174,0.0,11,15,hiphop/groove6
11,16,42,0:561,note_on,0,21002,30.1752798125,42,89,"{'type': 'note_on', 'time': 0, 'note': 42, 'velocity': 89, 'channel': 9}",2,21000,175,0.0028735625000000002,11,16,hiphop/groove6
11,16,36,0:562,note_on,24,21026,30.209762562500003,36,57,"{'type': 'note_on', 'time': 24, 'note': 36, 'velocity': 57, 'channel': 9}",26,21000,175,0.0373563125,11,16,hiphop/groove6
12,1,36,0:565,note_on,16,21113,30.334762531250004,36,103,"{'type': 'note_on', 'time': 16, 'note': 36, 'velocity': 103, 'channel': 9}",-7,21120,176,-0.010057468750000001,12,1,hiphop/groove6
12,1,42,0:567,note_on,0,21123,30.34913034375,42,85,"{'type': 'note_on', 'time': 0, 'note': 42, 'velocity': 85, 'channel': 9}",3,21120,176,0.004310343750000001,12,1,hiphop/groove6
12,2,42,0:571,note_on,0,21246,30.5258544375,42,81,"{'type': 'note_on', 'time': 0, 'note': 42, 'velocity': 81, 'channel': 9}",6,21240,177,0.008620687500000002,12,2,hiphop/groove6
12,3,42,0:574,note_on,0,21369,30.70257853125,42,127,"{'type': 'note_on', 'time': 0, 'note': 42, 'velocity': 127, 'channel': 9}",9,21360,178,0.01293103125,12,3,hiphop/groove6
12,4,36,0:576,note_on,47,21486,30.870681937500002,36,70,"{'type': 'note_on', 'time': 47, 'note': 36, 'velocity': 70, 'channel': 9}",6,21480,179,0.008620687500000002,12,4,hiphop/groove6
12,4,42,0:578,note_on,0,21493,30.88073940625,42,64,"{'type': 'note_on', 'time': 0, 'note': 42, 'velocity': 64, 'channel': 9}",13,21480,179,0.01867815625,12,4,hiphop/groove6
12,5,38,0:581,note_on,39,21603,31.038785343750003,38,127,"{'type': 'note_on', 'time': 39, 'note': 40, 'velocity': 127, 'channel': 9}",3,21600,180,0.004310343750000001,12,5,hiphop/groove6
12,5,42,0:583,note_on,0,21611,31.050279593750002,42,127,"{'type': 'note_on', 'time': 0, 'note': 42, 'velocity': 127, 'channel': 9}",11,21600,180,0.015804593750000002,12,5,hiphop/groove6
12,6,42,0:587,note_on,0,21735,31.22844046875,42,65,"{'type': 'note_on', 'time': 0, 'note': 42, 'velocity': 65, 'channel': 9}",15,21720,181,0.02155171875,12,6,hiphop/groove6
12,7,42,0:590,note_on,0,21848,31.390796750000003,42,98,"{'type': 'note_on', 'time': 0, 'note': 42, 'velocity': 98, 'channel': 9}",8,21840,182,0.011494250000000001,12,7,hiphop/groove6
12,8,42,0:593,note_on,0,21975,31.573267968750002,42,91,"{'type': 'note_on', 'time': 0, 'note': 42, 'velocity': 91, 'channel': 9}",15,21960,183,0.02155171875,12,8,hiphop/groove6
12,8,36,0:594,note_on,2,21977,31.576141531250002,36,70,"{'type': 'note_on', 'time': 2, 'note': 36, 'velocity': 70, 'channel': 9}",17,21960,183,0.024425281250000003,12,8,hiphop/groove6
12,9,42,0:598,note_on,0,22096,31.747118500000003,42,77,"{'type': 'note_on', 'time': 0, 'note': 42, 'velocity': 77, 'channel': 9}",16,22080,184,0.022988500000000002,12,9,hiphop/groove6
12,10,36,0:600,note_on,63,22229,31.938210406250004,36,63,"{'type': 'note_on', 'time': 63, 'note': 36, 'velocity': 63, 'channel': 9}",29,22200,185,0.04166665625,12,10,hiphop/groove6
12,11,36,0:602,note_on,13,22312,32.057463250000005,36,94,"{'type': 'note_on', 'time': 13, 'note': 36, 'velocity': 94, 'channel': 9}",-8,22320,186,-0.011494250000000001,12,11,hiphop/groove6
12,13,36,0:604,note_on,173,22554,32.405164312500006,36,127,"{'type': 'note_on', 'time': 173, 'note': 36, 'velocity': 127, 'channel': 9}",-6,22560,188,-0.008620687500000002,12,13,hiphop/groove6
12,15,36,0:606,note_on,176,22800,32.758612500000005,36,80,"{'type': 'note_on', 'time': 176, 'note': 36, 'velocity': 80, 'channel': 9}",0,22800,190,0.0,12,15,hiphop/groove6
12,15,38,0:607,note_on,33,22833,32.806026281250006,38,5,"{'type': 'note_on', 'time': 33, 'note': 38, 'velocity': 5, 'channel': 9}",33,22800,190,0.04741378125,12,15,hiphop/groove6
13,1,36,0:610,note_on,139,23042,33.106313562500006,36,120,"{'type': 'note_on', 'time': 139, 'note': 36, 'velocity': 120, 'channel': 9}",2,23040,192,0.0028735625000000002,13,1,hiphop/groove6
13,5,38,0:612,note_on,401,23513,33.78303753125,38,127,"{'type': 'note_on', 'time': 401, 'note': 38, 'velocity': 127, 'channel': 9}",-7,23520,196,-0.010057468750000001,13,5,hiphop/groove6
13,5,42,0:614,note_on,0,23517,33.78878465625,42,127,"{'type': 'note_on', 'time': 0, 'note': 42, 'velocity': 127, 'channel': 9}",-3,23520,196,-0.004310343750000001,13,5,hiphop/groove6
13,6,42,0:618,note_on,0,23651,33.98131334375,42,16,"{'type': 'note_on', 'time': 0, 'note': 42, 'velocity': 16, 'channel': 9}",11,23640,197,0.015804593750000002,13,6,hiphop/groove6
13,7,42,0:621,note_on,0,23759,34.13648571875,42,106,"{'type': 'note_on', 'time': 0, 'note': 42, 'velocity': 106, 'channel': 9}",-1,23760,198,-0.0014367812500000001,13,7,hiphop/groove6
13,8,36,0:623,note_on,51,23881,34.311773031250006,36,70,"{'type': 'note_on', 'time': 51, 'note': 36, 'velocity': 70, 'channel': 9}",1,23880,199,0.0014367812500000001,13,8,hiphop/groove6
13,8,42,0:625,note_on,0,23887,34.320393718750005,42,88,"{'type': 'note_on', 'time': 0, 'note': 42, 'velocity': 88, 'channel': 9}",7,23880,199,0.010057468750000001,13,8,hiphop/groove6
13,9,42,0:629,note_on,0,24001,34.48418678125,42,122,"{'type': 'note_on', 'time': 0, 'note': 42, 'velocity': 122, 'channel': 9}",1,24000,200,0.0014367812500000001,13,9,hiphop/groove6
13,10,42,0:632,note_on,0,24126,34.663784437500006,42,24,"{'type': 'note_on', 'time': 0, 'note': 42, 'velocity': 24, 'channel': 9}",6,24120,201,0.008620687500000002,13,10,hiphop/groove6
13,10,36,0:633,note_on,18,24144,34.6896465,36,55,"{'type': 'note_on', 'time': 18, 'note': 36, 'velocity': 55, 'channel': 9}",24,24120,201,0.034482750000000006,13,10,hiphop/groove6
13,11,36,0:636,note_on,20,24234,34.818956812500005,36,102,"{'type': 'note_on', 'time': 20, 'note': 36, 'velocity': 102, 'channel': 9}",-6,24240,202,-0.008620687500000002,13,11,hiphop/groove6
13,11,42,0:638,note_on,0,24244,34.833324625,42,127,"{'type': 'note_on', 'time': 0, 'note': 42, 'velocity': 127, 'channel': 9}",4,24240,202,0.0057471250000000005,13,11,hiphop/groove6
13,12,42,0:642,note_on,0,24365,35.00717515625,42,59,"{'type': 'note_on', 'time': 0, 'note': 42, 'velocity': 59, 'channel': 9}",5,24360,203,0.00718390625,13,12,hiphop/groove6
13,13,38,0:644,note_on,46,24481,35.173841781250005,38,127,"{'type': 'note_on', 'time': 46, 'note': 38, 'velocity': 127, 'channel': 9}",1,24480,204,0.0014367812500000001,13,13,hiphop/groove6
13,13,42,0:646,note_on,0,24485,35.179588906250004,42,127,"{'type': 'note_on', 'time': 0, 'note': 42, 'velocity': 127, 'channel': 9}",5,24480,204,0.00718390625,13,13,hiphop/groove6
13,14,36,0:649,note_on,49,24605,35.35200265625,36,77,"{'type': 'note_on', 'time': 49, 'note': 36, 'velocity': 77, 'channel': 9}",5,24600,205,0.00718390625,13,14,hiphop/groove6
13,14,42,0:651,note_on,0,24609,35.35774978125,42,88,"{'type': 'note_on', 'time': 0, 'note': 42, 'velocity': 88, 'channel': 9}",9,24600,205,0.01293103125,13,14,hiphop/groove6
13,15,42,0:655,note_on,0,24725,35.524416406250005,42,127,"{'type': 'note_on', 'time': 0, 'note': 42, 'velocity': 127, 'channel': 9}",5,24720,206,0.00718390625,13,15,hiphop/groove6
13,16,42,0:658,note_on,0,24841,35.69108303125,42,80,"{'type': 'note_on', 'time': 0, 'note': 42, 'velocity': 80, 'channel': 9}",1,24840,207,0.0014367812500000001,13,16,hiphop/groove6
13,16,36,0:659,note_on,11,24852,35.706887625,36,58,"{'type': 'note_on', 'time': 11, 'note': 36, 'velocity': 58, 'channel': 9}",12,24840,207,0.017241375000000003,13,16,hiphop/groove6
14,1,36,0:662,note_on,31,24954,35.8534393125,36,109,"{'type': 'note_on', 'time': 31, 'note': 36, 'velocity': 109, 'channel': 9}",-6,24960,208,-0.008620687500000002,14,1,hiphop/groove6
14,1,42,0:664,note_on,0,24964,35.867807125000006,42,127,"{'type': 'note_on', 'time': 0, 'note': 42, 'velocity': 127, 'channel': 9}",4,24960,208,0.0057471250000000005,14,1,hiphop/groove6
14,2,42,0:668,note_on,0,25085,36.04165765625,42,67,"{'type': 'note_on', 'time': 0, 'note': 42, 'velocity': 67, 'channel': 9}",5,25080,209,0.00718390625,14,2,hiphop/groove6
14,3,42,0:671,note_on,0,25206,36.215508187500006,42,122,"{'type': 'note_on', 'time': 0, 'note': 42, 'velocity': 122, 'channel': 9}",6,25200,210,0.008620687500000002,14,3,hiphop/groove6
14,4,36,0:673,note_on,52,25329,36.39223228125,36,70,"{'type': 'note_on', 'time': 52, 'note': 36, 'velocity': 70, 'channel': 9}",9,25320,211,0.01293103125,14,4,hiphop/groove6
14,4,42,0:675,note_on,0,25340,36.408036875,42,33,"{'type': 'note_on', 'time': 0, 'note': 42, 'velocity': 33, 'channel': 9}",20,25320,211,0.028735625,14,4,hiphop/groove6
14,5,38,0:678,note_on,35,25445,36.55889890625,38,127,"{'type': 'note_on', 'time': 35, 'note': 38, 'velocity': 127, 'channel': 9}",5,25440,212,0.00718390625,14,5,hiphop/groove6
14,5,42,0:680,note_on,0,25454,36.571829937500006,42,127,"{'type': 'note_on', 'time': 0, 'note': 42, 'velocity': 127, 'channel': 9}",14,25440,212,0.020114937500000003,14,5,hiphop/groove6
14,6,42,0:684,note_on,0,25578,36.7499908125,42,79,"{'type': 'note_on', 'time': 0, 'note': 42, 'velocity': 79, 'channel': 9}",18,25560,213,0.0258620625,14,6,hiphop/groove6
14,7,42,0:687,note_on,0,25687,36.90659996875,42,126,"{'type': 'note_on', 'time': 0, 'note': 42, 'velocity': 126, 'channel': 9}",7,25680,214,0.010057468750000001,14,7,hiphop/groove6
14,8,36,0:689,note_on,53,25811,37.084760843750004,36,69,"{'type': 'note_on', 'time': 53, 'note': 36, 'velocity': 69, 'channel': 9}",11,25800,215,0.015804593750000002,14,8,hiphop/groove6
14,8,42,0:691,note_on,0,25813,37.087634406250004,42,96,"{'type': 'note_on', 'time': 0, 'note': 42, 'velocity': 96, 'channel': 9}",13,25800,215,0.01867815625,14,8,hiphop/groove6
14,9,42,0:695,note_on,0,25931,37.25717459375,42,127,"{'type': 'note_on', 'time': 0, 'note': 42, 'velocity': 127, 'channel': 9}",11,25920,216,0.015804593750000002,14,9,hiphop/groove6
14,10,36,0:697,note_on,61,26062,37.4453929375,36,56,"{'type': 'note_on', 'time': 61, 'note': 36, 'velocity': 56, 'channel': 9}",22,26040,217,0.031609187500000004,14,10,hiphop/groove6
14,11,36,0:699,note_on,6,26139,37.55602509375,36,117,"{'type': 'note_on', 'time': 6, 'note': 36, 'velocity': 117, 'channel': 9}",-21,26160,218,-0.030172406250000002,14,11,hiphop/groove6
14,13,36,0:701,note_on,175,26384,37.9080365,36,116,"{'type': 'note_on', 'time': 175, 'note': 36, 'velocity': 116, 'channel': 9}",-16,26400,220,-0.022988500000000002,14,13,hiphop/groove6
14,15,36,0:703,note_on,175,26629,38.26004790625,36,80,"{'type': 'note_on', 'time': 175, 'note': 36, 'velocity': 80, 'channel': 9}",-11,26640,222,-0.015804593750000002,14,15,hiphop/groove6
14,15,38,0:704,note_on,32,26661,38.30602490625,38,5,"{'type': 'note_on', 'time': 32, 'note': 38, 'velocity': 5, 'channel': 9}",21,26640,222,0.030172406250000002,14,15,hiphop/groove6
15,1,36,0:707,note_on,141,26872,38.60918575,36,119,"{'type': 'note_on', 'time': 141, 'note': 36, 'velocity': 119, 'channel': 9}",-8,26880,224,-0.011494250000000001,15,1,hiphop/groove6
15,5,38,0:709,note_on,401,27343,39.285909718750005,38,125,"{'type': 'note_on', 'time': 401, 'note': 38, 'velocity': 125, 'channel': 9}",-17,27360,228,-0.024425281250000003,15,5,hiphop/groove6
15,5,42,0:711,note_on,0,27347,39.291656843750005,42,127,"{'type': 'note_on', 'time': 0, 'note': 42, 'velocity': 127, 'channel': 9}",-13,27360,228,-0.01867815625,15,5,hiphop/groove6
15,6,42,0:715,note_on,0,27477,39.47843840625001,42,102,"{'type': 'note_on', 'time': 0, 'note': 42, 'velocity': 102, 'channel': 9}",-3,27480,229,-0.004310343750000001,15,6,hiphop/groove6
15,7,42,0:718,note_on,0,27592,39.643668250000005,42,99,"{'type': 'note_on', 'time': 0, 'note': 42, 'velocity': 99, 'channel': 9}",-8,27600,230,-0.011494250000000001,15,7,hiphop/groove6
15,8,36,0:720,note_on,49,27711,39.81464521875,36,74,"{'type': 'note_on', 'time': 49, 'note': 36, 'velocity': 74, 'channel': 9}",-9,27720,231,-0.01293103125,15,8,hiphop/groove6
15,8,42,0:722,note_on,0,27722,39.83044981250001,42,88,"{'type': 'note_on', 'time': 0, 'note': 42, 'velocity': 88, 'channel': 9}",2,27720,231,0.0028735625000000002,15,8,hiphop/groove6
15,9,42,0:726,note_on,0,27836,39.994242875000005,42,95,"{'type': 'note_on', 'time': 0, 'note': 42, 'velocity': 95, 'channel': 9}",-4,27840,232,-0.0057471250000000005,15,9,hiphop/groove6
15,10,42,0:729,note_on,0,27960,40.17240375,42,88,"{'type': 'note_on', 'time': 0, 'note': 42, 'velocity': 88, 'channel': 9}",0,27960,233,0.0,15,10,hiphop/groove6
15,10,36,0:730,note_on,9,27969,40.185334781250006,36,57,"{'type': 'note_on', 'time': 9, 'note': 36, 'velocity': 57, 'channel': 9}",9,27960,233,0.01293103125,15,10,hiphop/groove6
15,11,36,0:733,note_on,24,28064,40.321829,36,101,"{'type': 'note_on', 'time': 24, 'note': 36, 'velocity': 101, 'channel': 9}",-16,28080,234,-0.022988500000000002,15,11,hiphop/groove6
15,11,42,0:735,note_on,0,28076,40.339070375000006,42,87,"{'type': 'note_on', 'time': 0, 'note': 42, 'velocity': 87, 'channel': 9}",-4,28080,234,-0.0057471250000000005,15,11,hiphop/groove6
15,12,42,0:739,note_on,0,28200,40.51723125,42,65,"{'type': 'note_on', 'time': 0, 'note': 42, 'velocity': 65, 'channel': 9}",0,28200,235,0.0,15,12,hiphop/groove6
15,13,38,0:741,note_on,42,28313,40.67958753125,38,127,"{'type': 'note_on', 'time': 42, 'note': 40, 'velocity': 127, 'channel': 9}",-7,28320,236,-0.010057468750000001,15,13,hiphop/groove6
15,13,42,0:743,note_on,0,28318,40.686771437500006,42,119,"{'type': 'note_on', 'time': 0, 'note': 42, 'velocity': 119, 'channel': 9}",-2,28320,236,-0.0028735625000000002,15,13,hiphop/groove6
15,14,36,0:746,note_on,53,28441,40.86349553125,36,73,"{'type': 'note_on', 'time': 53, 'note': 36, 'velocity': 73, 'channel': 9}",1,28440,237,0.0014367812500000001,15,14,hiphop/groove6
15,14,42,0:748,note_on,0,28446,40.8706794375,42,67,"{'type': 'note_on', 'time': 0, 'note': 42, 'velocity': 67, 'channel': 9}",6,28440,237,0.008620687500000002,15,14,hiphop/groove6
15,15,42,0:752,note_on,0,28554,41.0258518125,42,91,"{'type': 'note_on', 'time': 0, 'note': 42, 'velocity': 91, 'channel': 9}",-6,28560,238,-0.008620687500000002,15,15,hiphop/groove6
15,16,42,0:755,note_on,0,28675,41.199702343750005,42,93,"{'type': 'note_on', 'time': 0, 'note': 42, 'velocity': 93, 'channel': 9}",-5,28680,239,-0.00718390625,15,16,hiphop/groove6
15,16,36,0:756,note_on,17,28692,41.224127625,36,57,"{'type': 'note_on', 'time': 17, 'note': 36, 'velocity': 57, 'channel': 9}",12,28680,239,0.017241375000000003,15,16,hiphop/groove6
16,1,36,0:759,note_on,23,28785,41.357748281250004,36,113,"{'type': 'note_on', 'time': 23, 'note': 36, 'velocity': 113, 'channel': 9}",-15,28800,240,-0.02155171875,16,1,hiphop/groove6
16,1,42,0:761,note_on,0,28791,41.36636896875,42,92,"{'type': 'note_on', 'time': 0, 'note': 42, 'velocity': 92, 'channel': 9}",-9,28800,240,-0.01293103125,16,1,hiphop/groove6
16,2,42,0:765,note_on,0,28918,41.548840187500005,42,80,"{'type': 'note_on', 'time': 0, 'note': 42, 'velocity': 80, 'channel': 9}",-2,28920,241,-0.0028735625000000002,16,2,hiphop/groove6
16,3,42,0:768,note_on,0,29037,41.71981715625,42,95,"{'type': 'note_on', 'time': 0, 'note': 42, 'velocity': 95, 'channel': 9}",-3,29040,242,-0.004310343750000001,16,3,hiphop/groove6
16,4,42,0:771,note_on,0,29165,41.903725156250005,42,67,"{'type': 'note_on', 'time': 0, 'note': 42, 'velocity': 67, 'channel': 9}",5,29160,243,0.00718390625,16,4,hiphop/groove6
16,4,36,0:772,note_on,4,29169,41.909472281250004,36,74,"{'type': 'note_on', 'time': 4, 'note': 36, 'velocity': 74, 'channel': 9}",9,29160,243,0.01293103125,16,4,hiphop/groove6
16,5,38,0:775,note_on,41,29281,42.07039178125,38,127,"{'type': 'note_on', 'time': 41, 'note': 40, 'velocity': 127, 'channel': 9}",1,29280,244,0.0014367812500000001,16,5,hiphop/groove6
16,5,42,0:777,note_on,0,29282,42.0718285625,42,125,"{'type': 'note_on', 'time': 0, 'note': 42, 'velocity': 125, 'channel': 9}",2,29280,244,0.0028735625000000002,16,5,hiphop/groove6
16,6,42,0:781,note_on,0,29407,42.251426218750005,42,89,"{'type': 'note_on', 'time': 0, 'note': 42, 'velocity': 89, 'channel': 9}",7,29400,245,0.010057468750000001,16,6,hiphop/groove6
16,7,42,0:784,note_on,0,29522,42.4166560625,42,88,"{'type': 'note_on', 'time': 0, 'note': 42, 'velocity': 88, 'channel': 9}",2,29520,246,0.0028735625000000002,16,7,hiphop/groove6
16,8,42,0:787,note_on,0,29649,42.599127281250006,42,100,"{'type': 'note_on', 'time': 0, 'note': 42, 'velocity': 100, 'channel': 9}",9,29640,247,0.01293103125,16,8,hiphop/groove6
16,8,36,0:788,note_on,2,29651,42.602000843750005,36,70,"{'type': 'note_on', 'time': 2, 'note': 36, 'velocity': 70, 'channel': 9}",11,29640,247,0.015804593750000002,16,8,hiphop/groove6
16,9,42,0:792,note_on,0,29767,42.76866746875,42,95,"{'type': 'note_on', 'time': 0, 'note': 42, 'velocity': 95, 'channel': 9}",7,29760,248,0.010057468750000001,16,9,hiphop/groove6
16,10,36,0:794,note_on,56,29894,42.951138687500006,36,55,"{'type': 'note_on', 'time': 56, 'note': 36, 'velocity': 55, 'channel': 9}",14,29880,249,0.020114937500000003,16,10,hiphop/groove6
16,11,36,0:796,note_on,17,29981,43.07613865625,36,123,"{'type': 'note_on', 'time': 17, 'note': 36, 'velocity': 123, 'channel': 9}",-19,30000,250,-0.027298843750000003,16,11,hiphop/groove6
16,13,36,0:798,note_on,168,30219,43.41809259375,36,107,"{'type': 'note_on', 'time': 168, 'note': 36, 'velocity': 107, 'channel': 9}",-21,30240,252,-0.030172406250000002,16,13,hiphop/groove6
16,15,36,0:800,note_on,172,30461,43.765793656250004,36,75,"{'type': 'note_on', 'time': 172, 'note': 36, 'velocity': 75, 'channel': 9}",-19,30480,254,-0.027298843750000003,16,15,hiphop/groove6
