bar_number,bar_beat_number,note,track_msg_num,msg_type,delta_ticks,total_ticks,total_seconds,note,velocity,raw_data,beat_offset,beat_center,file_beat_number,beat_offset_ms,bar_number,bar_beat_number,style
1,1,36,0:6,note_on,0,0,0.0,36,73,"{'type': 'note_on', 'time': 0, 'note': 36, 'velocity': 73, 'channel': 9}",0,0,0,0.0,1,1,soul/groove4
1,1,42,0:7,note_on,0,0,0.0,42,74,"{'type': 'note_on', 'time': 0, 'note': 42, 'velocity': 74, 'channel': 9}",0,0,0,0.0,1,1,soul/groove4
1,3,42,0:11,note_on,0,235,0.3671875,42,67,"{'type': 'note_on', 'time': 0, 'note': 22, 'velocity': 67, 'channel': 9}",-5,240,2,-0.0078125,1,3,soul/groove4
1,5,38,0:13,note_on,180,479,0.7484375000000001,38,92,"{'type': 'note_on', 'time': 180, 'note': 40, 'velocity': 92, 'channel': 9}",-1,480,4,-0.0015625,1,5,soul/groove4
1,5,42,0:15,note_on,0,481,0.7515625,42,81,"{'type': 'note_on', 'time': 0, 'note': 22, 'velocity': 81, 'channel': 9}",1,480,4,0.0015625,1,5,soul/groove4
1,7,42,0:19,note_on,0,727,1.1359375,42,76,"{'type': 'note_on', 'time': 0, 'note': 42, 'velocity': 76, 'channel': 9}",7,720,6,0.010937500000000001,1,7,soul/groove4
1,8,42,0:22,note_on,0,851,1.3296875000000001,42,71,"{'type': 'note_on', 'time': 0, 'note': 42, 'velocity': 71, 'channel': 9}",11,840,7,0.0171875,1,8,soul/groove4
1,9,36,0:24,note_on,37,953,1.4890625000000002,36,77,"{'type': 'note_on', 'time': 37, 'note': 36, 'velocity': 77, 'channel': 9}",-7,960,8,-0.010937500000000001,1,9,soul/groove4
1,10,42,0:27,note_on,0,1084,1.69375,42,72,"{'type': 'note_on', 'time': 0, 'note': 42, 'velocity': 72, 'channel': 9}",4,1080,9,0.00625,1,10,soul/groove4
1,11,42,0:30,note_on,0,1198,1.8718750000000002,42,76,"{'type': 'note_on', 'time': 0, 'note': 22, 'velocity': 76, 'channel': 9}",-2,1200,10,-0.003125,1,11,soul/groove4
1,13,42,0:33,note_on,0,1413,2.2078125,42,74,"{'type': 'note_on', 'time': 0, 'note': 22, 'velocity': 74, 'channel': 9}",-27,1440,12,-0.0421875,1,13,soul/groove4
1,13,38,0:34,note_on,5,1418,2.215625,38,112,"{'type': 'note_on', 'time': 5, 'note': 38, 'velocity': 112, 'channel': 9}",-22,1440,12,-0.034375,1,13,soul/groove4
1,15,42,0:38,note_on,0,1665,2.6015625,42,88,"{'type': 'note_on', 'time': 0, 'note': 42, 'velocity': 88, 'channel': 9}",-15,1680,14,-0.0234375,1,15,soul/groove4
1,16,42,0:41,note_on,0,1798,2.809375,42,58,"{'type': 'note_on', 'time': 0, 'note': 42, 'velocity': 58, 'channel': 9}",-2,1800,15,-0.003125,1,16,soul/groove4
2,1,36,0:43,note_on,43,1905,2.9765625,36,95,"{'type': 'note_on', 'time': 43, 'note': 36, 'velocity': 95, 'channel': 9}",-15,1920,16,-0.0234375,2,1,soul/groove4
2,1,42,0:45,note_on,0,1912,2.9875000000000003,42,73,"{'type': 'note_on', 'time': 0, 'note': 22, 'velocity': 73, 'channel': 9}",-8,1920,16,-0.0125,2,1,soul/groove4
2,3,42,0:49,note_on,0,2160,3.375,42,99,"{'type': 'note_on', 'time': 0, 'note': 22, 'velocity': 99, 'channel': 9}",0,2160,18,0.0,2,3,soul/groove4
2,5,38,0:51,note_on,183,2408,3.7625,38,97,"{'type': 'note_on', 'time': 183, 'note': 40, 'velocity': 97, 'channel': 9}",8,2400,20,0.0125,2,5,soul/groove4
2,5,42,0:53,note_on,0,2409,3.7640625,42,79,"{'type': 'note_on', 'time': 0, 'note': 42, 'velocity': 79, 'channel': 9}",9,2400,20,0.0140625,2,5,soul/groove4
2,7,42,0:57,note_on,0,2647,4.1359375,42,73,"{'type': 'note_on', 'time': 0, 'note': 42, 'velocity': 73, 'channel': 9}",7,2640,22,0.010937500000000001,2,7,soul/groove4
2,8,42,0:60,note_on,0,2765,4.3203125,42,78,"{'type': 'note_on', 'time': 0, 'note': 42, 'velocity': 78, 'channel': 9}",5,2760,23,0.0078125,2,8,soul/groove4
2,9,36,0:62,note_on,56,2885,4.5078125,36,76,"{'type': 'note_on', 'time': 56, 'note': 36, 'velocity': 76, 'channel': 9}",5,2880,24,0.0078125,2,9,soul/groove4
2,10,42,0:65,note_on,0,3000,4.6875,42,70,"{'type': 'note_on', 'time': 0, 'note': 42, 'velocity': 70, 'channel': 9}",0,3000,25,0.0,2,10,soul/groove4
2,11,42,0:68,note_on,0,3115,4.8671875,42,74,"{'type': 'note_on', 'time': 0, 'note': 22, 'velocity': 74, 'channel': 9}",-5,3120,26,-0.0078125,2,11,soul/groove4
2,13,42,0:71,note_on,0,3347,5.229687500000001,42,67,"{'type': 'note_on', 'time': 0, 'note': 42, 'velocity': 67, 'channel': 9}",-13,3360,28,-0.0203125,2,13,soul/groove4
2,13,38,0:72,note_on,3,3350,5.234375,38,93,"{'type': 'note_on', 'time': 3, 'note': 40, 'velocity': 93, 'channel': 9}",-10,3360,28,-0.015625,2,13,soul/groove4
2,15,46,0:77,note_on,0,3592,5.612500000000001,46,113,"{'type': 'note_on', 'time': 0, 'note': 26, 'velocity': 113, 'channel': 9}",-8,3600,30,-0.0125,2,15,soul/groove4
3,1,36,0:80,note_on,11,3833,5.9890625,36,93,"{'type': 'note_on', 'time': 11, 'note': 36, 'velocity': 93, 'channel': 9}",-7,3840,32,-0.010937500000000001,3,1,soul/groove4
3,1,42,0:81,note_on,4,3837,5.995312500000001,42,33,"{'type': 'note_on', 'time': 4, 'note': 42, 'velocity': 33, 'channel': 9}",-3,3840,32,-0.004687500000000001,3,1,soul/groove4
3,3,42,0:87,note_on,0,4086,6.384375,42,86,"{'type': 'note_on', 'time': 0, 'note': 42, 'velocity': 86, 'channel': 9}",6,4080,34,0.009375000000000001,3,3,soul/groove4
3,5,38,0:89,note_on,171,4321,6.7515625,38,121,"{'type': 'note_on', 'time': 171, 'note': 38, 'velocity': 121, 'channel': 9}",1,4320,36,0.0015625,3,5,soul/groove4
3,5,42,0:91,note_on,0,4323,6.7546875,42,72,"{'type': 'note_on', 'time': 0, 'note': 42, 'velocity': 72, 'channel': 9}",3,4320,36,0.004687500000000001,3,5,soul/groove4
3,7,42,0:95,note_on,0,4571,7.1421875,42,65,"{'type': 'note_on', 'time': 0, 'note': 42, 'velocity': 65, 'channel': 9}",11,4560,38,0.0171875,3,7,soul/groove4
3,8,42,0:98,note_on,0,4694,7.3343750000000005,42,64,"{'type': 'note_on', 'time': 0, 'note': 42, 'velocity': 64, 'channel': 9}",14,4680,39,0.021875000000000002,3,8,soul/groove4
3,9,36,0:100,note_on,41,4800,7.5,36,63,"{'type': 'note_on', 'time': 41, 'note': 36, 'velocity': 63, 'channel': 9}",0,4800,40,0.0,3,9,soul/groove4
3,10,42,0:103,note_on,0,4926,7.696875,42,65,"{'type': 'note_on', 'time': 0, 'note': 42, 'velocity': 65, 'channel': 9}",6,4920,41,0.009375000000000001,3,10,soul/groove4
3,11,42,0:106,note_on,0,5041,7.8765625,42,55,"{'type': 'note_on', 'time': 0, 'note': 42, 'velocity': 55, 'channel': 9}",1,5040,42,0.0015625,3,11,soul/groove4
3,13,38,0:109,note_on,0,5274,8.240625,38,111,"{'type': 'note_on', 'time': 0, 'note': 40, 'velocity': 111, 'channel': 9}",-6,5280,44,-0.009375000000000001,3,13,soul/groove4
3,13,42,0:110,note_on,0,5274,8.240625,42,77,"{'type': 'note_on', 'time': 0, 'note': 42, 'velocity': 77, 'channel': 9}",-6,5280,44,-0.009375000000000001,3,13,soul/groove4
3,15,42,0:114,note_on,0,5516,8.61875,42,76,"{'type': 'note_on', 'time': 0, 'note': 42, 'velocity': 76, 'channel': 9}",-4,5520,46,-0.00625,3,15,soul/groove4
3,16,42,0:117,note_on,0,5641,8.8140625,42,38,"{'type': 'note_on', 'time': 0, 'note': 42, 'velocity': 38, 'channel': 9}",1,5640,47,0.0015625,3,16,soul/groove4
4,1,36,0:119,note_on,46,5752,8.9875,36,96,"{'type': 'note_on', 'time': 46, 'note': 36, 'velocity': 96, 'channel': 9}",-8,5760,48,-0.0125,4,1,soul/groove4
4,1,42,0:121,note_on,0,5756,8.99375,42,53,"{'type': 'note_on', 'time': 0, 'note': 22, 'velocity': 53, 'channel': 9}",-4,5760,48,-0.00625,4,1,soul/groove4
4,3,42,0:125,note_on,0,6000,9.375,42,93,"{'type': 'note_on', 'time': 0, 'note': 22, 'velocity': 93, 'channel': 9}",0,6000,50,0.0,4,3,soul/groove4
4,5,38,0:127,note_on,182,6247,9.7609375,38,108,"{'type': 'note_on', 'time': 182, 'note': 40, 'velocity': 108, 'channel': 9}",7,6240,52,0.010937500000000001,4,5,soul/groove4
4,5,42,0:129,note_on,0,6248,9.762500000000001,42,99,"{'type': 'note_on', 'time': 0, 'note': 22, 'velocity': 99, 'channel': 9}",8,6240,52,0.0125,4,5,soul/groove4
4,7,42,0:133,note_on,0,6491,10.1421875,42,74,"{'type': 'note_on', 'time': 0, 'note': 42, 'velocity': 74, 'channel': 9}",11,6480,54,0.0171875,4,7,soul/groove4
4,8,42,0:136,note_on,0,6611,10.3296875,42,87,"{'type': 'note_on', 'time': 0, 'note': 22, 'velocity': 87, 'channel': 9}",11,6600,55,0.0171875,4,8,soul/groove4
4,9,36,0:138,note_on,51,6727,10.5109375,36,99,"{'type': 'note_on', 'time': 51, 'note': 36, 'velocity': 99, 'channel': 9}",7,6720,56,0.010937500000000001,4,9,soul/groove4
4,10,42,0:141,note_on,0,6843,10.692187500000001,42,60,"{'type': 'note_on', 'time': 0, 'note': 42, 'velocity': 60, 'channel': 9}",3,6840,57,0.004687500000000001,4,10,soul/groove4
4,11,42,0:144,note_on,0,6963,10.879687500000001,42,90,"{'type': 'note_on', 'time': 0, 'note': 22, 'velocity': 90, 'channel': 9}",3,6960,58,0.004687500000000001,4,11,soul/groove4
4,13,38,0:147,note_on,0,7195,11.2421875,38,114,"{'type': 'note_on', 'time': 0, 'note': 40, 'velocity': 114, 'channel': 9}",-5,7200,60,-0.0078125,4,13,soul/groove4
4,13,42,0:148,note_on,0,7195,11.2421875,42,80,"{'type': 'note_on', 'time': 0, 'note': 42, 'velocity': 80, 'channel': 9}",-5,7200,60,-0.0078125,4,13,soul/groove4
4,15,46,0:153,note_on,27,7441,11.6265625,46,119,"{'type': 'note_on', 'time': 27, 'note': 26, 'velocity': 119, 'channel': 9}",1,7440,62,0.0015625,4,15,soul/groove4
5,1,36,0:159,note_on,15,7692,12.01875,36,118,"{'type': 'note_on', 'time': 15, 'note': 36, 'velocity': 118, 'channel': 9}",12,7680,64,0.018750000000000003,5,1,soul/groove4
5,1,42,0:161,note_on,0,7710,12.046875,42,40,"{'type': 'note_on', 'time': 0, 'note': 22, 'velocity': 40, 'channel': 9}",30,7680,64,0.046875,5,1,soul/groove4
5,3,42,0:166,note_on,0,7935,12.3984375,42,76,"{'type': 'note_on', 'time': 0, 'note': 42, 'velocity': 76, 'channel': 9}",15,7920,66,0.0234375,5,3,soul/groove4
5,5,38,0:168,note_on,165,8165,12.7578125,38,127,"{'type': 'note_on', 'time': 165, 'note': 38, 'velocity': 127, 'channel': 9}",5,8160,68,0.0078125,5,5,soul/groove4
5,5,42,0:170,note_on,0,8170,12.765625,42,102,"{'type': 'note_on', 'time': 0, 'note': 22, 'velocity': 102, 'channel': 9}",10,8160,68,0.015625,5,5,soul/groove4
5,7,42,0:174,note_on,0,8398,13.121875000000001,42,64,"{'type': 'note_on', 'time': 0, 'note': 42, 'velocity': 64, 'channel': 9}",-2,8400,70,-0.003125,5,7,soul/groove4
5,8,42,0:177,note_on,0,8512,13.3,42,73,"{'type': 'note_on', 'time': 0, 'note': 22, 'velocity': 73, 'channel': 9}",-8,8520,71,-0.0125,5,8,soul/groove4
5,9,36,0:179,note_on,57,8634,13.490625000000001,36,60,"{'type': 'note_on', 'time': 57, 'note': 36, 'velocity': 60, 'channel': 9}",-6,8640,72,-0.009375000000000001,5,9,soul/groove4
5,10,42,0:182,note_on,0,8751,13.6734375,42,61,"{'type': 'note_on', 'time': 0, 'note': 42, 'velocity': 61, 'channel': 9}",-9,8760,73,-0.0140625,5,10,soul/groove4
5,11,42,0:185,note_on,0,8869,13.857812500000001,42,78,"{'type': 'note_on', 'time': 0, 'note': 22, 'velocity': 78, 'channel': 9}",-11,8880,74,-0.0171875,5,11,soul/groove4
5,13,38,0:187,note_on,176,9110,14.234375,38,127,"{'type': 'note_on', 'time': 176, 'note': 38, 'velocity': 127, 'channel': 9}",-10,9120,76,-0.015625,5,13,soul/groove4
5,13,42,0:189,note_on,0,9115,14.2421875,42,111,"{'type': 'note_on', 'time': 0, 'note': 22, 'velocity': 111, 'channel': 9}",-5,9120,76,-0.0078125,5,13,soul/groove4
5,15,42,0:193,note_on,0,9349,14.607812500000001,42,90,"{'type': 'note_on', 'time': 0, 'note': 42, 'velocity': 90, 'channel': 9}",-11,9360,78,-0.0171875,5,15,soul/groove4
5,16,42,0:196,note_on,0,9473,14.801562500000001,42,54,"{'type': 'note_on', 'time': 0, 'note': 42, 'velocity': 54, 'channel': 9}",-7,9480,79,-0.010937500000000001,5,16,soul/groove4
6,1,42,0:199,note_on,0,9588,14.981250000000001,42,67,"{'type': 'note_on', 'time': 0, 'note': 22, 'velocity': 67, 'channel': 9}",-12,9600,80,-0.018750000000000003,6,1,soul/groove4
6,1,36,0:200,note_on,6,9594,14.990625000000001,36,84,"{'type': 'note_on', 'time': 6, 'note': 36, 'velocity': 84, 'channel': 9}",-6,9600,80,-0.009375000000000001,6,1,soul/groove4
6,3,42,0:204,note_on,0,9845,15.3828125,42,70,"{'type': 'note_on', 'time': 0, 'note': 42, 'velocity': 70, 'channel': 9}",5,9840,82,0.0078125,6,3,soul/groove4
6,5,38,0:206,note_on,171,10081,15.7515625,38,127,"{'type': 'note_on', 'time': 171, 'note': 38, 'velocity': 127, 'channel': 9}",1,10080,84,0.0015625,6,5,soul/groove4
6,5,42,0:208,note_on,0,10087,15.7609375,42,99,"{'type': 'note_on', 'time': 0, 'note': 22, 'velocity': 99, 'channel': 9}",7,10080,84,0.010937500000000001,6,5,soul/groove4
6,7,42,0:212,note_on,0,10314,16.115625,42,67,"{'type': 'note_on', 'time': 0, 'note': 42, 'velocity': 67, 'channel': 9}",-6,10320,86,-0.009375000000000001,6,7,soul/groove4
6,8,42,0:215,note_on,0,10434,16.303125,42,85,"{'type': 'note_on', 'time': 0, 'note': 22, 'velocity': 85, 'channel': 9}",-6,10440,87,-0.009375000000000001,6,8,soul/groove4
6,9,36,0:217,note_on,60,10558,16.496875,36,59,"{'type': 'note_on', 'time': 60, 'note': 36, 'velocity': 59, 'channel': 9}",-2,10560,88,-0.003125,6,9,soul/groove4
6,10,42,0:220,note_on,0,10667,16.6671875,42,55,"{'type': 'note_on', 'time': 0, 'note': 42, 'velocity': 55, 'channel': 9}",-13,10680,89,-0.0203125,6,10,soul/groove4
6,11,42,0:223,note_on,0,10787,16.8546875,42,74,"{'type': 'note_on', 'time': 0, 'note': 22, 'velocity': 74, 'channel': 9}",-13,10800,90,-0.0203125,6,11,soul/groove4
6,13,38,0:225,note_on,163,11015,17.2109375,38,111,"{'type': 'note_on', 'time': 163, 'note': 40, 'velocity': 111, 'channel': 9}",-25,11040,92,-0.0390625,6,13,soul/groove4
6,13,42,0:227,note_on,0,11021,17.220312500000002,42,80,"{'type': 'note_on', 'time': 0, 'note': 42, 'velocity': 80, 'channel': 9}",-19,11040,92,-0.029687500000000002,6,13,soul/groove4
6,15,46,0:231,note_on,25,11261,17.595312500000002,46,113,"{'type': 'note_on', 'time': 25, 'note': 26, 'velocity': 113, 'channel': 9}",-19,11280,94,-0.029687500000000002,6,15,soul/groove4
7,1,36,0:236,note_on,11,11506,17.978125000000002,36,117,"{'type': 'note_on', 'time': 11, 'note': 36, 'velocity': 117, 'channel': 9}",-14,11520,96,-0.021875000000000002,7,1,soul/groove4
7,1,42,0:237,note_on,7,11513,17.9890625,42,50,"{'type': 'note_on', 'time': 7, 'note': 42, 'velocity': 50, 'channel': 9}",-7,11520,96,-0.010937500000000001,7,1,soul/groove4
7,3,42,0:243,note_on,0,11758,18.371875,42,77,"{'type': 'note_on', 'time': 0, 'note': 42, 'velocity': 77, 'channel': 9}",-2,11760,98,-0.003125,7,3,soul/groove4
7,5,38,0:245,note_on,175,11998,18.746875,38,127,"{'type': 'note_on', 'time': 175, 'note': 38, 'velocity': 127, 'channel': 9}",-2,12000,100,-0.003125,7,5,soul/groove4
7,5,42,0:247,note_on,0,12005,18.7578125,42,87,"{'type': 'note_on', 'time': 0, 'note': 22, 'velocity': 87, 'channel': 9}",5,12000,100,0.0078125,7,5,soul/groove4
7,7,42,0:251,note_on,0,12253,19.1453125,42,51,"{'type': 'note_on', 'time': 0, 'note': 42, 'velocity': 51, 'channel': 9}",13,12240,102,0.0203125,7,7,soul/groove4
7,8,42,0:254,note_on,0,12366,19.321875000000002,42,80,"{'type': 'note_on', 'time': 0, 'note': 22, 'velocity': 80, 'channel': 9}",6,12360,103,0.009375000000000001,7,8,soul/groove4
7,9,36,0:256,note_on,44,12475,19.4921875,36,67,"{'type': 'note_on', 'time': 44, 'note': 36, 'velocity': 67, 'channel': 9}",-5,12480,104,-0.0078125,7,9,soul/groove4
7,10,42,0:259,note_on,0,12597,19.6828125,42,43,"{'type': 'note_on', 'time': 0, 'note': 42, 'velocity': 43, 'channel': 9}",-3,12600,105,-0.004687500000000001,7,10,soul/groove4
7,11,42,0:262,note_on,0,12715,19.8671875,42,106,"{'type': 'note_on', 'time': 0, 'note': 22, 'velocity': 106, 'channel': 9}",-5,12720,106,-0.0078125,7,11,soul/groove4
7,13,38,0:264,note_on,176,12955,20.2421875,38,105,"{'type': 'note_on', 'time': 176, 'note': 40, 'velocity': 105, 'channel': 9}",-5,12960,108,-0.0078125,7,13,soul/groove4
7,13,42,0:266,note_on,0,12961,20.251562500000002,42,82,"{'type': 'note_on', 'time': 0, 'note': 22, 'velocity': 82, 'channel': 9}",1,12960,108,0.0015625,7,13,soul/groove4
7,15,42,0:270,note_on,0,13202,20.628125,42,64,"{'type': 'note_on', 'time': 0, 'note': 42, 'velocity': 64, 'channel': 9}",2,13200,110,0.003125,7,15,soul/groove4
7,16,42,0:273,note_on,0,13323,20.817187500000003,42,64,"{'type': 'note_on', 'time': 0, 'note': 42, 'velocity': 64, 'channel': 9}",3,13320,111,0.004687500000000001,7,16,soul/groove4
8,1,36,0:275,note_on,43,13431,20.985937500000002,36,81,"{'type': 'note_on', 'time': 43, 'note': 36, 'velocity': 81, 'channel': 9}",-9,13440,112,-0.0140625,8,1,soul/groove4
8,1,42,0:277,note_on,0,13434,20.990625,42,79,"{'type': 'note_on', 'time': 0, 'note': 22, 'velocity': 79, 'channel': 9}",-6,13440,112,-0.009375000000000001,8,1,soul/groove4
8,3,42,0:281,note_on,0,13687,21.3859375,42,92,"{'type': 'note_on', 'time': 0, 'note': 22, 'velocity': 92, 'channel': 9}",7,13680,114,0.010937500000000001,8,3,soul/groove4
8,5,38,0:283,note_on,169,13921,21.751562500000002,38,101,"{'type': 'note_on', 'time': 169, 'note': 40, 'velocity': 101, 'channel': 9}",1,13920,116,0.0015625,8,5,soul/groove4
8,5,42,0:285,note_on,0,13927,21.7609375,42,93,"{'type': 'note_on', 'time': 0, 'note': 22, 'velocity': 93, 'channel': 9}",7,13920,116,0.010937500000000001,8,5,soul/groove4
8,7,42,0:289,note_on,0,14157,22.1203125,42,46,"{'type': 'note_on', 'time': 0, 'note': 42, 'velocity': 46, 'channel': 9}",-3,14160,118,-0.004687500000000001,8,7,soul/groove4
8,8,42,0:292,note_on,0,14281,22.314062500000002,42,97,"{'type': 'note_on', 'time': 0, 'note': 22, 'velocity': 97, 'channel': 9}",1,14280,119,0.0015625,8,8,soul/groove4
8,9,36,0:294,note_on,53,14399,22.4984375,36,60,"{'type': 'note_on', 'time': 53, 'note': 36, 'velocity': 60, 'channel': 9}",-1,14400,120,-0.0015625,8,9,soul/groove4
8,10,42,0:297,note_on,0,14524,22.69375,42,11,"{'type': 'note_on', 'time': 0, 'note': 42, 'velocity': 11, 'channel': 9}",4,14520,121,0.00625,8,10,soul/groove4
8,11,42,0:300,note_on,0,14635,22.8671875,42,92,"{'type': 'note_on', 'time': 0, 'note': 22, 'velocity': 92, 'channel': 9}",-5,14640,122,-0.0078125,8,11,soul/groove4
8,13,38,0:303,note_on,0,14867,23.2296875,38,122,"{'type': 'note_on', 'time': 0, 'note': 40, 'velocity': 122, 'channel': 9}",-13,14880,124,-0.0203125,8,13,soul/groove4
8,13,42,0:304,note_on,0,14867,23.2296875,42,77,"{'type': 'note_on', 'time': 0, 'note': 42, 'velocity': 77, 'channel': 9}",-13,14880,124,-0.0203125,8,13,soul/groove4
8,15,46,0:308,note_on,0,15109,23.6078125,46,104,"{'type': 'note_on', 'time': 0, 'note': 26, 'velocity': 104, 'channel': 9}",-11,15120,126,-0.0171875,8,15,soul/groove4
9,1,36,0:312,note_on,8,15353,23.989062500000003,36,127,"{'type': 'note_on', 'time': 8, 'note': 36, 'velocity': 127, 'channel': 9}",-7,15360,128,-0.010937500000000001,9,1,soul/groove4
9,1,42,0:314,note_on,0,15365,24.0078125,42,44,"{'type': 'note_on', 'time': 0, 'note': 22, 'velocity': 44, 'channel': 9}",5,15360,128,0.0078125,9,1,soul/groove4
9,3,42,0:319,note_on,0,15604,24.38125,42,97,"{'type': 'note_on', 'time': 0, 'note': 22, 'velocity': 97, 'channel': 9}",4,15600,130,0.00625,9,3,soul/groove4
9,5,38,0:321,note_on,169,15839,24.7484375,38,127,"{'type': 'note_on', 'time': 169, 'note': 38, 'velocity': 127, 'channel': 9}",-1,15840,132,-0.0015625,9,5,soul/groove4
9,5,42,0:323,note_on,0,15850,24.765625,42,110,"{'type': 'note_on', 'time': 0, 'note': 22, 'velocity': 110, 'channel': 9}",10,15840,132,0.015625,9,5,soul/groove4
9,7,42,0:327,note_on,0,16086,25.134375000000002,42,48,"{'type': 'note_on', 'time': 0, 'note': 42, 'velocity': 48, 'channel': 9}",6,16080,134,0.009375000000000001,9,7,soul/groove4
9,8,42,0:330,note_on,0,16202,25.315625,42,111,"{'type': 'note_on', 'time': 0, 'note': 22, 'velocity': 111, 'channel': 9}",2,16200,135,0.003125,9,8,soul/groove4
9,9,36,0:332,note_on,47,16313,25.489062500000003,36,70,"{'type': 'note_on', 'time': 47, 'note': 36, 'velocity': 70, 'channel': 9}",-7,16320,136,-0.010937500000000001,9,9,soul/groove4
9,10,42,0:335,note_on,0,16420,25.65625,42,37,"{'type': 'note_on', 'time': 0, 'note': 42, 'velocity': 37, 'channel': 9}",-20,16440,137,-0.03125,9,10,soul/groove4
9,11,42,0:338,note_on,0,16544,25.85,42,103,"{'type': 'note_on', 'time': 0, 'note': 22, 'velocity': 103, 'channel': 9}",-16,16560,138,-0.025,9,11,soul/groove4
9,13,38,0:340,note_on,169,16778,26.215625000000003,38,111,"{'type': 'note_on', 'time': 169, 'note': 40, 'velocity': 111, 'channel': 9}",-22,16800,140,-0.034375,9,13,soul/groove4
9,13,42,0:342,note_on,0,16783,26.223437500000003,42,61,"{'type': 'note_on', 'time': 0, 'note': 22, 'velocity': 61, 'channel': 9}",-17,16800,140,-0.026562500000000003,9,13,soul/groove4
9,15,42,0:346,note_on,0,17029,26.6078125,42,48,"{'type': 'note_on', 'time': 0, 'note': 42, 'velocity': 48, 'channel': 9}",-11,17040,142,-0.0171875,9,15,soul/groove4
9,16,42,0:349,note_on,0,17148,26.793750000000003,42,37,"{'type': 'note_on', 'time': 0, 'note': 42, 'velocity': 37, 'channel': 9}",-12,17160,143,-0.018750000000000003,9,16,soul/groove4
10,1,42,0:352,note_on,0,17258,26.965625000000003,42,76,"{'type': 'note_on', 'time': 0, 'note': 22, 'velocity': 76, 'channel': 9}",-22,17280,144,-0.034375,10,1,soul/groove4
10,1,36,0:353,note_on,3,17261,26.970312500000002,36,83,"{'type': 'note_on', 'time': 3, 'note': 36, 'velocity': 83, 'channel': 9}",-19,17280,144,-0.029687500000000002,10,1,soul/groove4
10,3,42,0:357,note_on,0,17509,27.3578125,42,88,"{'type': 'note_on', 'time': 0, 'note': 22, 'velocity': 88, 'channel': 9}",-11,17520,146,-0.0171875,10,3,soul/groove4
10,5,38,0:359,note_on,179,17753,27.739062500000003,38,106,"{'type': 'note_on', 'time': 179, 'note': 40, 'velocity': 106, 'channel': 9}",-7,17760,148,-0.010937500000000001,10,5,soul/groove4
10,5,42,0:361,note_on,0,17756,27.743750000000002,42,72,"{'type': 'note_on', 'time': 0, 'note': 22, 'velocity': 72, 'channel': 9}",-4,17760,148,-0.00625,10,5,soul/groove4
10,7,42,0:365,note_on,0,18007,28.1359375,42,22,"{'type': 'note_on', 'time': 0, 'note': 42, 'velocity': 22, 'channel': 9}",7,18000,150,0.010937500000000001,10,7,soul/groove4
10,8,42,0:368,note_on,0,18122,28.315625,42,94,"{'type': 'note_on', 'time': 0, 'note': 22, 'velocity': 94, 'channel': 9}",2,18120,151,0.003125,10,8,soul/groove4
10,9,36,0:370,note_on,44,18231,28.485937500000002,36,64,"{'type': 'note_on', 'time': 44, 'note': 36, 'velocity': 64, 'channel': 9}",-9,18240,152,-0.0140625,10,9,soul/groove4
10,10,42,0:373,note_on,0,18368,28.700000000000003,42,21,"{'type': 'note_on', 'time': 0, 'note': 42, 'velocity': 21, 'channel': 9}",8,18360,153,0.0125,10,10,soul/groove4
10,11,42,0:376,note_on,0,18477,28.8703125,42,108,"{'type': 'note_on', 'time': 0, 'note': 22, 'velocity': 108, 'channel': 9}",-3,18480,154,-0.004687500000000001,10,11,soul/groove4
10,13,42,0:379,note_on,0,18715,29.2421875,42,82,"{'type': 'note_on', 'time': 0, 'note': 22, 'velocity': 82, 'channel': 9}",-5,18720,156,-0.0078125,10,13,soul/groove4
10,13,38,0:380,note_on,0,18715,29.2421875,38,98,"{'type': 'note_on', 'time': 0, 'note': 40, 'velocity': 98, 'channel': 9}",-5,18720,156,-0.0078125,10,13,soul/groove4
10,15,46,0:384,note_on,18,18957,29.6203125,46,109,"{'type': 'note_on', 'time': 18, 'note': 26, 'velocity': 109, 'channel': 9}",-3,18960,158,-0.004687500000000001,10,15,soul/groove4
11,1,36,0:389,note_on,11,19192,29.9875,36,97,"{'type': 'note_on', 'time': 11, 'note': 36, 'velocity': 97, 'channel': 9}",-8,19200,160,-0.0125,11,1,soul/groove4
11,1,42,0:391,note_on,0,19208,30.012500000000003,42,34,"{'type': 'note_on', 'time': 0, 'note': 22, 'velocity': 34, 'channel': 9}",8,19200,160,0.0125,11,1,soul/groove4
11,3,42,0:396,note_on,0,19437,30.3703125,42,73,"{'type': 'note_on', 'time': 0, 'note': 22, 'velocity': 73, 'channel': 9}",-3,19440,162,-0.004687500000000001,11,3,soul/groove4
11,5,38,0:398,note_on,178,19679,30.7484375,38,108,"{'type': 'note_on', 'time': 178, 'note': 40, 'velocity': 108, 'channel': 9}",-1,19680,164,-0.0015625,11,5,soul/groove4
11,5,42,0:400,note_on,0,19682,30.753125,42,88,"{'type': 'note_on', 'time': 0, 'note': 22, 'velocity': 88, 'channel': 9}",2,19680,164,0.003125,11,5,soul/groove4
11,7,42,0:404,note_on,0,19927,31.1359375,42,42,"{'type': 'note_on', 'time': 0, 'note': 42, 'velocity': 42, 'channel': 9}",7,19920,166,0.010937500000000001,11,7,soul/groove4
11,8,42,0:407,note_on,0,20037,31.3078125,42,90,"{'type': 'note_on', 'time': 0, 'note': 22, 'velocity': 90, 'channel': 9}",-3,20040,167,-0.004687500000000001,11,8,soul/groove4
11,9,36,0:409,note_on,48,20150,31.484375,36,61,"{'type': 'note_on', 'time': 48, 'note': 36, 'velocity': 61, 'channel': 9}",-10,20160,168,-0.015625,11,9,soul/groove4
11,10,42,0:412,note_on,0,20285,31.6953125,42,40,"{'type': 'note_on', 'time': 0, 'note': 42, 'velocity': 40, 'channel': 9}",5,20280,169,0.0078125,11,10,soul/groove4
11,11,42,0:415,note_on,0,20393,31.864062500000003,42,94,"{'type': 'note_on', 'time': 0, 'note': 22, 'velocity': 94, 'channel': 9}",-7,20400,170,-0.010937500000000001,11,11,soul/groove4
11,13,38,0:417,note_on,179,20637,32.245312500000004,38,103,"{'type': 'note_on', 'time': 179, 'note': 40, 'velocity': 103, 'channel': 9}",-3,20640,172,-0.004687500000000001,11,13,soul/groove4
11,13,42,0:419,note_on,0,20642,32.253125000000004,42,89,"{'type': 'note_on', 'time': 0, 'note': 22, 'velocity': 89, 'channel': 9}",2,20640,172,0.003125,11,13,soul/groove4
11,15,42,0:423,note_on,0,20877,32.620312500000004,42,61,"{'type': 'note_on', 'time': 0, 'note': 42, 'velocity': 61, 'channel': 9}",-3,20880,174,-0.004687500000000001,11,15,soul/groove4
11,16,42,0:426,note_on,0,21005,32.8203125,42,48,"{'type': 'note_on', 'time': 0, 'note': 42, 'velocity': 48, 'channel': 9}",5,21000,175,0.0078125,11,16,soul/groove4
12,1,36,0:428,note_on,38,21107,32.979687500000004,36,110,"{'type': 'note_on', 'time': 38, 'note': 36, 'velocity': 110, 'channel': 9}",-13,21120,176,-0.0203125,12,1,soul/groove4
12,1,42,0:430,note_on,0,21111,32.9859375,42,71,"{'type': 'note_on', 'time': 0, 'note': 22, 'velocity': 71, 'channel': 9}",-9,21120,176,-0.0140625,12,1,soul/groove4
12,3,42,0:434,note_on,0,21361,33.3765625,42,76,"{'type': 'note_on', 'time': 0, 'note': 22, 'velocity': 76, 'channel': 9}",1,21360,178,0.0015625,12,3,soul/groove4
12,5,38,0:436,note_on,177,21603,33.7546875,38,113,"{'type': 'note_on', 'time': 177, 'note': 40, 'velocity': 113, 'channel': 9}",3,21600,180,0.004687500000000001,12,5,soul/groove4
12,5,42,0:438,note_on,0,21606,33.759375,42,70,"{'type': 'note_on', 'time': 0, 'note': 22, 'velocity': 70, 'channel': 9}",6,21600,180,0.009375000000000001,12,5,soul/groove4
12,7,42,0:442,note_on,0,21841,34.1265625,42,45,"{'type': 'note_on', 'time': 0, 'note': 42, 'velocity': 45, 'channel': 9}",1,21840,182,0.0015625,12,7,soul/groove4
12,8,42,0:445,note_on,0,21961,34.3140625,42,96,"{'type': 'note_on', 'time': 0, 'note': 22, 'velocity': 96, 'channel': 9}",1,21960,183,0.0015625,12,8,soul/groove4
12,9,36,0:447,note_on,49,22075,34.4921875,36,67,"{'type': 'note_on', 'time': 49, 'note': 36, 'velocity': 67, 'channel': 9}",-5,22080,184,-0.0078125,12,9,soul/groove4
12,10,42,0:450,note_on,0,22201,34.6890625,42,51,"{'type': 'note_on', 'time': 0, 'note': 42, 'velocity': 51, 'channel': 9}",1,22200,185,0.0015625,12,10,soul/groove4
12,11,42,0:453,note_on,0,22310,34.859375,42,70,"{'type': 'note_on', 'time': 0, 'note': 22, 'velocity': 70, 'channel': 9}",-10,22320,186,-0.015625,12,11,soul/groove4
12,13,38,0:455,note_on,171,22545,35.2265625,38,108,"{'type': 'note_on', 'time': 171, 'note': 40, 'velocity': 108, 'channel': 9}",-15,22560,188,-0.0234375,12,13,soul/groove4
12,13,42,0:457,note_on,0,22549,35.2328125,42,67,"{'type': 'note_on', 'time': 0, 'note': 22, 'velocity': 67, 'channel': 9}",-11,22560,188,-0.0171875,12,13,soul/groove4
12,15,46,0:461,note_on,0,22777,35.589062500000004,46,114,"{'type': 'note_on', 'time': 0, 'note': 26, 'velocity': 114, 'channel': 9}",-23,22800,190,-0.035937500000000004,12,15,soul/groove4
13,1,36,0:467,note_on,20,23041,36.0015625,36,89,"{'type': 'note_on', 'time': 20, 'note': 36, 'velocity': 89, 'channel': 9}",1,23040,192,0.0015625,13,1,soul/groove4
13,1,42,0:470,note_on,0,23050,36.015625,42,47,"{'type': 'note_on', 'time': 0, 'note': 42, 'velocity': 47, 'channel': 9}",10,23040,192,0.015625,13,1,soul/groove4
13,3,42,0:475,note_on,0,23285,36.3828125,42,57,"{'type': 'note_on', 'time': 0, 'note': 42, 'velocity': 57, 'channel': 9}",5,23280,194,0.0078125,13,3,soul/groove4
13,5,38,0:477,note_on,172,23522,36.753125000000004,38,103,"{'type': 'note_on', 'time': 172, 'note': 38, 'velocity': 103, 'channel': 9}",2,23520,196,0.003125,13,5,soul/groove4
13,5,42,0:479,note_on,0,23525,36.7578125,42,80,"{'type': 'note_on', 'time': 0, 'note': 22, 'velocity': 80, 'channel': 9}",5,23520,196,0.0078125,13,5,soul/groove4
13,7,42,0:483,note_on,0,23765,37.1328125,42,65,"{'type': 'note_on', 'time': 0, 'note': 42, 'velocity': 65, 'channel': 9}",5,23760,198,0.0078125,13,7,soul/groove4
13,8,42,0:486,note_on,0,23881,37.3140625,42,58,"{'type': 'note_on', 'time': 0, 'note': 42, 'velocity': 58, 'channel': 9}",1,23880,199,0.0015625,13,8,soul/groove4
13,9,36,0:488,note_on,52,23998,37.496875,36,65,"{'type': 'note_on', 'time': 52, 'note': 36, 'velocity': 65, 'channel': 9}",-2,24000,200,-0.003125,13,9,soul/groove4
13,10,42,0:491,note_on,0,24117,37.682812500000004,42,70,"{'type': 'note_on', 'time': 0, 'note': 42, 'velocity': 70, 'channel': 9}",-3,24120,201,-0.004687500000000001,13,10,soul/groove4
13,11,42,0:494,note_on,0,24231,37.8609375,42,92,"{'type': 'note_on', 'time': 0, 'note': 22, 'velocity': 92, 'channel': 9}",-9,24240,202,-0.0140625,13,11,soul/groove4
13,13,38,0:496,note_on,177,24473,38.2390625,38,103,"{'type': 'note_on', 'time': 177, 'note': 38, 'velocity': 103, 'channel': 9}",-7,24480,204,-0.010937500000000001,13,13,soul/groove4
13,13,42,0:498,note_on,0,24474,38.240625,42,83,"{'type': 'note_on', 'time': 0, 'note': 42, 'velocity': 83, 'channel': 9}",-6,24480,204,-0.009375000000000001,13,13,soul/groove4
13,15,42,0:502,note_on,0,24714,38.615625,42,86,"{'type': 'note_on', 'time': 0, 'note': 42, 'velocity': 86, 'channel': 9}",-6,24720,206,-0.009375000000000001,13,15,soul/groove4
13,16,42,0:505,note_on,0,24847,38.823437500000004,42,59,"{'type': 'note_on', 'time': 0, 'note': 42, 'velocity': 59, 'channel': 9}",7,24840,207,0.010937500000000001,13,16,soul/groove4
14,1,36,0:507,note_on,45,24956,38.993750000000006,36,78,"{'type': 'note_on', 'time': 45, 'note': 36, 'velocity': 78, 'channel': 9}",-4,24960,208,-0.00625,14,1,soul/groove4
14,1,42,0:509,note_on,0,24959,38.9984375,42,61,"{'type': 'note_on', 'time': 0, 'note': 22, 'velocity': 61, 'channel': 9}",-1,24960,208,-0.0015625,14,1,soul/groove4
14,3,42,0:513,note_on,0,25197,39.370312500000004,42,91,"{'type': 'note_on', 'time': 0, 'note': 22, 'velocity': 91, 'channel': 9}",-3,25200,210,-0.004687500000000001,14,3,soul/groove4
14,5,42,0:516,note_on,0,25439,39.7484375,42,74,"{'type': 'note_on', 'time': 0, 'note': 22, 'velocity': 74, 'channel': 9}",-1,25440,212,-0.0015625,14,5,soul/groove4
14,5,38,0:517,note_on,0,25439,39.7484375,38,112,"{'type': 'note_on', 'time': 0, 'note': 38, 'velocity': 112, 'channel': 9}",-1,25440,212,-0.0015625,14,5,soul/groove4
14,7,42,0:521,note_on,0,25689,40.1390625,42,60,"{'type': 'note_on', 'time': 0, 'note': 42, 'velocity': 60, 'channel': 9}",9,25680,214,0.0140625,14,7,soul/groove4
14,8,42,0:524,note_on,0,25807,40.323437500000004,42,69,"{'type': 'note_on', 'time': 0, 'note': 22, 'velocity': 69, 'channel': 9}",7,25800,215,0.010937500000000001,14,8,soul/groove4
14,9,36,0:526,note_on,42,25913,40.4890625,36,63,"{'type': 'note_on', 'time': 42, 'note': 36, 'velocity': 63, 'channel': 9}",-7,25920,216,-0.010937500000000001,14,9,soul/groove4
14,10,42,0:529,note_on,0,26048,40.7,42,53,"{'type': 'note_on', 'time': 0, 'note': 42, 'velocity': 53, 'channel': 9}",8,26040,217,0.0125,14,10,soul/groove4
14,11,42,0:532,note_on,0,26150,40.859375,42,84,"{'type': 'note_on', 'time': 0, 'note': 22, 'velocity': 84, 'channel': 9}",-10,26160,218,-0.015625,14,11,soul/groove4
14,13,38,0:534,note_on,174,26388,41.23125,38,127,"{'type': 'note_on', 'time': 174, 'note': 38, 'velocity': 127, 'channel': 9}",-12,26400,220,-0.018750000000000003,14,13,soul/groove4
14,13,42,0:536,note_on,0,26390,41.234375,42,66,"{'type': 'note_on', 'time': 0, 'note': 42, 'velocity': 66, 'channel': 9}",-10,26400,220,-0.015625,14,13,soul/groove4
14,15,46,0:541,note_on,0,26641,41.626562500000006,46,103,"{'type': 'note_on', 'time': 0, 'note': 26, 'velocity': 103, 'channel': 9}",1,26640,222,0.0015625,14,15,soul/groove4
15,1,36,0:546,note_on,18,26890,42.015625,36,83,"{'type': 'note_on', 'time': 18, 'note': 36, 'velocity': 83, 'channel': 9}",10,26880,224,0.015625,15,1,soul/groove4
15,1,42,0:548,note_on,0,26897,42.026562500000004,42,43,"{'type': 'note_on', 'time': 0, 'note': 42, 'velocity': 43, 'channel': 9}",17,26880,224,0.026562500000000003,15,1,soul/groove4
15,3,42,0:553,note_on,0,27127,42.385937500000004,42,62,"{'type': 'note_on', 'time': 0, 'note': 42, 'velocity': 62, 'channel': 9}",7,27120,226,0.010937500000000001,15,3,soul/groove4
15,5,38,0:555,note_on,165,27357,42.745312500000004,38,127,"{'type': 'note_on', 'time': 165, 'note': 38, 'velocity': 127, 'channel': 9}",-3,27360,228,-0.004687500000000001,15,5,soul/groove4
15,5,42,0:557,note_on,0,27359,42.7484375,42,82,"{'type': 'note_on', 'time': 0, 'note': 42, 'velocity': 82, 'channel': 9}",-1,27360,228,-0.0015625,15,5,soul/groove4
15,7,42,0:561,note_on,0,27600,43.125,42,61,"{'type': 'note_on', 'time': 0, 'note': 42, 'velocity': 61, 'channel': 9}",0,27600,230,0.0,15,7,soul/groove4
15,8,42,0:564,note_on,0,27721,43.314062500000006,42,71,"{'type': 'note_on', 'time': 0, 'note': 22, 'velocity': 71, 'channel': 9}",1,27720,231,0.0015625,15,8,soul/groove4
15,9,36,0:566,note_on,49,27835,43.4921875,36,67,"{'type': 'note_on', 'time': 49, 'note': 36, 'velocity': 67, 'channel': 9}",-5,27840,232,-0.0078125,15,9,soul/groove4
15,10,42,0:569,note_on,0,27957,43.682812500000004,42,41,"{'type': 'note_on', 'time': 0, 'note': 42, 'velocity': 41, 'channel': 9}",-3,27960,233,-0.004687500000000001,15,10,soul/groove4
15,11,42,0:572,note_on,0,28070,43.859375,42,79,"{'type': 'note_on', 'time': 0, 'note': 22, 'velocity': 79, 'channel': 9}",-10,28080,234,-0.015625,15,11,soul/groove4
15,13,38,0:574,note_on,171,28306,44.228125000000006,38,100,"{'type': 'note_on', 'time': 171, 'note': 40, 'velocity': 100, 'channel': 9}",-14,28320,236,-0.021875000000000002,15,13,soul/groove4
15,13,42,0:576,note_on,0,28308,44.23125,42,85,"{'type': 'note_on', 'time': 0, 'note': 22, 'velocity': 85, 'channel': 9}",-12,28320,236,-0.018750000000000003,15,13,soul/groove4
15,15,42,0:580,note_on,0,28546,44.603125000000006,42,66,"{'type': 'note_on', 'time': 0, 'note': 42, 'velocity': 66, 'channel': 9}",-14,28560,238,-0.021875000000000002,15,15,soul/groove4
15,16,42,0:583,note_on,0,28683,44.8171875,42,43,"{'type': 'note_on', 'time': 0, 'note': 42, 'velocity': 43, 'channel': 9}",3,28680,239,0.004687500000000001,15,16,soul/groove4
16,1,42,0:586,note_on,0,28777,44.964062500000004,42,79,"{'type': 'note_on', 'time': 0, 'note': 22, 'velocity': 79, 'channel': 9}",-23,28800,240,-0.035937500000000004,16,1,soul/groove4
16,1,36,0:587,note_on,0,28777,44.964062500000004,36,72,"{'type': 'note_on', 'time': 0, 'note': 36, 'velocity': 72, 'channel': 9}",-23,28800,240,-0.035937500000000004,16,1,soul/groove4
16,3,42,0:591,note_on,0,29034,45.365625,42,86,"{'type': 'note_on', 'time': 0, 'note': 22, 'velocity': 86, 'channel': 9}",-6,29040,242,-0.009375000000000001,16,3,soul/groove4
16,5,38,0:593,note_on,174,29272,45.737500000000004,38,109,"{'type': 'note_on', 'time': 174, 'note': 40, 'velocity': 109, 'channel': 9}",-8,29280,244,-0.0125,16,5,soul/groove4
16,5,42,0:595,note_on,0,29274,45.740625,42,77,"{'type': 'note_on', 'time': 0, 'note': 42, 'velocity': 77, 'channel': 9}",-6,29280,244,-0.009375000000000001,16,5,soul/groove4
16,7,42,0:599,note_on,0,29526,46.134375000000006,42,54,"{'type': 'note_on', 'time': 0, 'note': 42, 'velocity': 54, 'channel': 9}",6,29520,246,0.009375000000000001,16,7,soul/groove4
16,8,42,0:602,note_on,0,29637,46.307812500000004,42,91,"{'type': 'note_on', 'time': 0, 'note': 22, 'velocity': 91, 'channel': 9}",-3,29640,247,-0.004687500000000001,16,8,soul/groove4
16,9,36,0:604,note_on,44,29746,46.478125000000006,36,67,"{'type': 'note_on', 'time': 44, 'note': 36, 'velocity': 67, 'channel': 9}",-14,29760,248,-0.021875000000000002,16,9,soul/groove4
16,10,42,0:607,note_on,0,29878,46.684375,42,46,"{'type': 'note_on', 'time': 0, 'note': 42, 'velocity': 46, 'channel': 9}",-2,29880,249,-0.003125,16,10,soul/groove4
16,11,42,0:610,note_on,0,29985,46.8515625,42,86,"{'type': 'note_on', 'time': 0, 'note': 22, 'velocity': 86, 'channel': 9}",-15,30000,250,-0.0234375,16,11,soul/groove4
16,13,42,0:613,note_on,0,30227,47.229687500000004,42,58,"{'type': 'note_on', 'time': 0, 'note': 42, 'velocity': 58, 'channel': 9}",-13,30240,252,-0.0203125,16,13,soul/groove4
16,13,38,0:614,note_on,2,30229,47.2328125,38,101,"{'type': 'note_on', 'time': 2, 'note': 40, 'velocity': 101, 'channel': 9}",-11,30240,252,-0.0171875,16,13,soul/groove4
16,15,46,0:618,note_on,24,30470,47.609375,46,96,"{'type': 'note_on', 'time': 24, 'note': 26, 'velocity': 96, 'channel': 9}",-10,30480,254,-0.015625,16,15,soul/groove4
