bar_number,bar_beat_number,note,track_msg_num,msg_type,delta_ticks,total_ticks,total_seconds,note,velocity,raw_data,beat_offset,beat_center,file_beat_number,beat_offset_ms,bar_number,bar_beat_number,style
1,1,42,0:6,note_on,0,0,0.0,42,66,"{'type': 'note_on', 'time': 0, 'note': 22, 'velocity': 66, 'channel': 9}",0,0,0,0.0,1,1,soul/groove3
1,1,36,0:7,note_on,6,6,0.008720925000000001,36,36,"{'type': 'note_on', 'time': 6, 'note': 36, 'velocity': 36, 'channel': 9}",6,0,0,0.008720925000000001,1,1,soul/groove3
1,2,42,0:12,note_on,0,104,0.1511627,42,18,"{'type': 'note_on', 'time': 0, 'note': 22, 'velocity': 18, 'channel': 9}",-16,120,1,-0.0232558,1,2,soul/groove3
1,3,42,0:18,note_on,0,222,0.322674225,42,41,"{'type': 'note_on', 'time': 0, 'note': 22, 'velocity': 41, 'channel': 9}",-18,240,2,-0.026162775,1,3,soul/groove3
1,4,42,0:22,note_on,0,342,0.497092725,42,47,"{'type': 'note_on', 'time': 0, 'note': 22, 'velocity': 47, 'channel': 9}",-18,360,3,-0.026162775,1,4,soul/groove3
1,4,36,0:23,note_on,0,342,0.497092725,36,32,"{'type': 'note_on', 'time': 0, 'note': 36, 'velocity': 32, 'channel': 9}",-18,360,3,-0.026162775,1,4,soul/groove3
1,5,42,0:27,note_on,0,473,0.6874995875,42,88,"{'type': 'note_on', 'time': 0, 'note': 22, 'velocity': 88, 'channel': 9}",-7,480,4,-0.0101744125,1,5,soul/groove3
1,5,38,0:28,note_on,2,475,0.6904065625,38,88,"{'type': 'note_on', 'time': 2, 'note': 38, 'velocity': 88, 'channel': 9}",-5,480,4,-0.0072674375,1,5,soul/groove3
1,6,42,0:32,note_on,0,582,0.845929725,42,19,"{'type': 'note_on', 'time': 0, 'note': 22, 'velocity': 19, 'channel': 9}",-18,600,5,-0.026162775,1,6,soul/groove3
1,7,42,0:35,note_on,0,697,1.0130807875,42,44,"{'type': 'note_on', 'time': 0, 'note': 22, 'velocity': 44, 'channel': 9}",-23,720,6,-0.0334302125,1,7,soul/groove3
1,8,36,0:37,note_on,47,814,1.183138825,36,36,"{'type': 'note_on', 'time': 47, 'note': 36, 'velocity': 36, 'channel': 9}",-26,840,7,-0.037790675,1,8,soul/groove3
1,8,42,0:39,note_on,0,819,1.1904062625,42,64,"{'type': 'note_on', 'time': 0, 'note': 22, 'velocity': 64, 'channel': 9}",-21,840,7,-0.0305232375,1,8,soul/groove3
1,9,42,0:44,note_on,27,923,1.3415689625,42,20,"{'type': 'note_on', 'time': 27, 'note': 22, 'velocity': 20, 'channel': 9}",-37,960,8,-0.0537790375,1,9,soul/groove3
1,10,42,0:48,note_on,0,1049,1.5247083875,42,34,"{'type': 'note_on', 'time': 0, 'note': 22, 'velocity': 34, 'channel': 9}",-31,1080,9,-0.0450581125,1,10,soul/groove3
1,10,36,0:49,note_on,0,1049,1.5247083875,36,15,"{'type': 'note_on', 'time': 0, 'note': 36, 'velocity': 15, 'channel': 9}",-31,1080,9,-0.0450581125,1,10,soul/groove3
1,11,42,0:53,note_on,30,1174,1.706394325,42,64,"{'type': 'note_on', 'time': 30, 'note': 22, 'velocity': 64, 'channel': 9}",-26,1200,10,-0.037790675,1,11,soul/groove3
1,11,36,0:55,note_on,16,1199,1.7427315125,36,30,"{'type': 'note_on', 'time': 16, 'note': 36, 'velocity': 30, 'channel': 9}",-1,1200,10,-0.0014534875,1,11,soul/groove3
1,11,38,0:56,note_on,12,1211,1.7601733625,38,10,"{'type': 'note_on', 'time': 12, 'note': 38, 'velocity': 10, 'channel': 9}",11,1200,10,0.0159883625,1,11,soul/groove3
1,12,42,0:61,note_on,0,1286,1.869184925,42,26,"{'type': 'note_on', 'time': 0, 'note': 22, 'velocity': 26, 'channel': 9}",-34,1320,11,-0.049418575,1,12,soul/groove3
1,13,42,0:68,note_on,0,1422,2.066859225,42,73,"{'type': 'note_on', 'time': 0, 'note': 22, 'velocity': 73, 'channel': 9}",-18,1440,12,-0.026162775,1,13,soul/groove3
1,13,38,0:69,note_on,8,1430,2.078487125,38,91,"{'type': 'note_on', 'time': 8, 'note': 38, 'velocity': 91, 'channel': 9}",-10,1440,12,-0.014534875,1,13,soul/groove3
1,14,42,0:73,note_on,0,1539,2.2369172625,42,29,"{'type': 'note_on', 'time': 0, 'note': 22, 'velocity': 29, 'channel': 9}",-21,1560,13,-0.0305232375,1,14,soul/groove3
1,14,36,0:74,note_on,18,1557,2.2630800375,36,36,"{'type': 'note_on', 'time': 18, 'note': 36, 'velocity': 36, 'channel': 9}",-3,1560,13,-0.0043604625000000004,1,14,soul/groove3
1,15,42,0:78,note_on,0,1658,2.409882275,42,49,"{'type': 'note_on', 'time': 0, 'note': 22, 'velocity': 49, 'channel': 9}",-22,1680,14,-0.031976725,1,15,soul/groove3
1,16,42,0:81,note_on,0,1781,2.5886612375,42,34,"{'type': 'note_on', 'time': 0, 'note': 42, 'velocity': 34, 'channel': 9}",-19,1800,15,-0.0276162625,1,16,soul/groove3
1,16,36,0:82,note_on,13,1794,2.607556575,36,18,"{'type': 'note_on', 'time': 13, 'note': 36, 'velocity': 18, 'channel': 9}",-6,1800,15,-0.008720925000000001,1,16,soul/groove3
2,1,42,0:87,note_on,0,1904,2.7674402,42,65,"{'type': 'note_on', 'time': 0, 'note': 22, 'velocity': 65, 'channel': 9}",-16,1920,16,-0.0232558,2,1,soul/groove3
2,1,36,0:88,note_on,14,1918,2.787789025,36,36,"{'type': 'note_on', 'time': 14, 'note': 36, 'velocity': 36, 'channel': 9}",-2,1920,16,-0.002906975,2,1,soul/groove3
2,2,38,0:91,note_on,25,2013,2.9258703375,38,7,"{'type': 'note_on', 'time': 25, 'note': 38, 'velocity': 7, 'channel': 9}",-27,2040,17,-0.0392441625,2,2,soul/groove3
2,2,42,0:93,note_on,0,2024,2.9418587,42,23,"{'type': 'note_on', 'time': 0, 'note': 22, 'velocity': 23, 'channel': 9}",-16,2040,17,-0.0232558,2,2,soul/groove3
2,3,42,0:97,note_on,0,2153,3.1293585875,42,33,"{'type': 'note_on', 'time': 0, 'note': 22, 'velocity': 33, 'channel': 9}",-7,2160,18,-0.0101744125,2,3,soul/groove3
2,4,36,0:99,note_on,64,2286,3.322672425,36,34,"{'type': 'note_on', 'time': 64, 'note': 36, 'velocity': 34, 'channel': 9}",6,2280,19,0.008720925000000001,2,4,soul/groove3
2,4,42,0:101,note_on,0,2295,3.3357538125,42,39,"{'type': 'note_on', 'time': 0, 'note': 22, 'velocity': 39, 'channel': 9}",15,2280,19,0.0218023125,2,4,soul/groove3
2,5,42,0:105,note_on,0,2411,3.5043583625,42,82,"{'type': 'note_on', 'time': 0, 'note': 22, 'velocity': 82, 'channel': 9}",11,2400,20,0.0159883625,2,5,soul/groove3
2,5,38,0:106,note_on,4,2415,3.5101723125,38,82,"{'type': 'note_on', 'time': 4, 'note': 37, 'velocity': 82, 'channel': 9}",15,2400,20,0.0218023125,2,5,soul/groove3
2,6,42,0:110,note_on,0,2524,3.66860245,42,23,"{'type': 'note_on', 'time': 0, 'note': 22, 'velocity': 23, 'channel': 9}",4,2520,21,0.00581395,2,6,soul/groove3
2,7,42,0:113,note_on,0,2637,3.8328465375,42,33,"{'type': 'note_on', 'time': 0, 'note': 22, 'velocity': 33, 'channel': 9}",-3,2640,22,-0.0043604625000000004,2,7,soul/groove3
2,8,36,0:115,note_on,38,2745,3.9898231875,36,34,"{'type': 'note_on', 'time': 38, 'note': 36, 'velocity': 34, 'channel': 9}",-15,2760,23,-0.0218023125,2,8,soul/groove3
2,8,42,0:117,note_on,0,2760,4.0116255,42,60,"{'type': 'note_on', 'time': 0, 'note': 22, 'velocity': 60, 'channel': 9}",0,2760,23,0.0,2,8,soul/groove3
2,9,46,0:122,note_on,28,2865,4.1642416875,46,23,"{'type': 'note_on', 'time': 28, 'note': 26, 'velocity': 23, 'channel': 9}",-15,2880,24,-0.0218023125,2,9,soul/groove3
2,10,42,0:126,note_on,0,2986,4.3401136750000004,42,41,"{'type': 'note_on', 'time': 0, 'note': 22, 'velocity': 41, 'channel': 9}",-14,3000,25,-0.020348825,2,10,soul/groove3
2,10,36,0:127,note_on,4,2990,4.345927625,36,20,"{'type': 'note_on', 'time': 4, 'note': 36, 'velocity': 20, 'channel': 9}",-10,3000,25,-0.014534875,2,10,soul/groove3
2,11,42,0:131,note_on,0,3105,4.5130786875,42,70,"{'type': 'note_on', 'time': 0, 'note': 22, 'velocity': 70, 'channel': 9}",-15,3120,26,-0.0218023125,2,11,soul/groove3
2,12,42,0:138,note_on,0,3226,4.688950675,42,34,"{'type': 'note_on', 'time': 0, 'note': 22, 'velocity': 34, 'channel': 9}",-14,3240,27,-0.020348825,2,12,soul/groove3
2,13,42,0:141,note_on,0,3359,4.8822645125,42,64,"{'type': 'note_on', 'time': 0, 'note': 22, 'velocity': 64, 'channel': 9}",-1,3360,28,-0.0014534875,2,13,soul/groove3
2,13,38,0:142,note_on,8,3367,4.8938924125,38,87,"{'type': 'note_on', 'time': 8, 'note': 38, 'velocity': 87, 'channel': 9}",7,3360,28,0.0101744125,2,13,soul/groove3
2,14,42,0:146,note_on,0,3477,5.0537760375,42,40,"{'type': 'note_on', 'time': 0, 'note': 22, 'velocity': 40, 'channel': 9}",-3,3480,29,-0.0043604625000000004,2,14,soul/groove3
2,14,36,0:147,note_on,17,3494,5.078485325,36,33,"{'type': 'note_on', 'time': 17, 'note': 36, 'velocity': 33, 'channel': 9}",14,3480,29,0.020348825,2,14,soul/groove3
2,15,38,0:148,note_on,50,3544,5.1511597,38,6,"{'type': 'note_on', 'time': 50, 'note': 38, 'velocity': 6, 'channel': 9}",-56,3600,30,-0.0813953,2,15,soul/groove3
2,15,42,0:152,note_on,0,3589,5.2165666375,42,34,"{'type': 'note_on', 'time': 0, 'note': 22, 'velocity': 34, 'channel': 9}",-11,3600,30,-0.0159883625,2,15,soul/groove3
2,16,42,0:156,note_on,0,3713,5.3967990875,42,48,"{'type': 'note_on', 'time': 0, 'note': 22, 'velocity': 48, 'channel': 9}",-7,3720,31,-0.0101744125,2,16,soul/groove3
2,16,36,0:157,note_on,7,3720,5.4069735,36,21,"{'type': 'note_on', 'time': 7, 'note': 36, 'velocity': 21, 'channel': 9}",0,3720,31,0.0,2,16,soul/groove3
3,1,42,0:161,note_on,0,3832,5.5697641,42,67,"{'type': 'note_on', 'time': 0, 'note': 22, 'velocity': 67, 'channel': 9}",-8,3840,32,-0.0116279,3,1,soul/groove3
3,1,36,0:162,note_on,5,3837,5.5770315375,36,36,"{'type': 'note_on', 'time': 5, 'note': 36, 'velocity': 36, 'channel': 9}",-3,3840,32,-0.0043604625000000004,3,1,soul/groove3
3,2,42,0:166,note_on,0,3954,5.747089575,42,20,"{'type': 'note_on', 'time': 0, 'note': 22, 'velocity': 20, 'channel': 9}",-6,3960,33,-0.008720925000000001,3,2,soul/groove3
3,3,42,0:169,note_on,0,4068,5.91278715,42,26,"{'type': 'note_on', 'time': 0, 'note': 22, 'velocity': 26, 'channel': 9}",-12,4080,34,-0.017441850000000002,3,3,soul/groove3
3,4,42,0:172,note_on,0,4188,6.08720565,42,36,"{'type': 'note_on', 'time': 0, 'note': 22, 'velocity': 36, 'channel': 9}",-12,4200,35,-0.017441850000000002,3,4,soul/groove3
3,4,36,0:173,note_on,10,4198,6.101740525,36,30,"{'type': 'note_on', 'time': 10, 'note': 36, 'velocity': 30, 'channel': 9}",-2,4200,35,-0.002906975,3,4,soul/groove3
3,5,42,0:177,note_on,0,4308,6.26162415,42,82,"{'type': 'note_on', 'time': 0, 'note': 22, 'velocity': 82, 'channel': 9}",-12,4320,36,-0.017441850000000002,3,5,soul/groove3
3,5,38,0:178,note_on,4,4312,6.2674381,38,86,"{'type': 'note_on', 'time': 4, 'note': 38, 'velocity': 86, 'channel': 9}",-8,4320,36,-0.0116279,3,5,soul/groove3
3,6,42,0:183,note_on,0,4428,6.43604265,42,43,"{'type': 'note_on', 'time': 0, 'note': 22, 'velocity': 43, 'channel': 9}",-12,4440,37,-0.017441850000000002,3,6,soul/groove3
3,7,42,0:186,note_on,0,4547,6.6090076625,42,17,"{'type': 'note_on', 'time': 0, 'note': 22, 'velocity': 17, 'channel': 9}",-13,4560,38,-0.0188953375,3,7,soul/groove3
3,8,36,0:188,note_on,37,4653,6.7630773375,36,32,"{'type': 'note_on', 'time': 37, 'note': 36, 'velocity': 32, 'channel': 9}",-27,4680,39,-0.0392441625,3,8,soul/groove3
3,8,42,0:190,note_on,0,4664,6.7790657,42,63,"{'type': 'note_on', 'time': 0, 'note': 22, 'velocity': 63, 'channel': 9}",-16,4680,39,-0.0232558,3,8,soul/groove3
3,9,42,0:194,note_on,0,4775,6.9404028125,42,34,"{'type': 'note_on', 'time': 0, 'note': 22, 'velocity': 34, 'channel': 9}",-25,4800,40,-0.0363371875,3,9,soul/groove3
3,10,42,0:197,note_on,0,4907,7.1322631625,42,35,"{'type': 'note_on', 'time': 0, 'note': 22, 'velocity': 35, 'channel': 9}",-13,4920,41,-0.0188953375,3,10,soul/groove3
3,10,36,0:198,note_on,5,4912,7.1395306,36,22,"{'type': 'note_on', 'time': 5, 'note': 36, 'velocity': 22, 'channel': 9}",-8,4920,41,-0.0116279,3,10,soul/groove3
3,11,42,0:202,note_on,0,5021,7.2979607375,42,71,"{'type': 'note_on', 'time': 0, 'note': 22, 'velocity': 71, 'channel': 9}",-19,5040,42,-0.0276162625,3,11,soul/groove3
3,11,36,0:203,note_on,11,5032,7.3139491,36,40,"{'type': 'note_on', 'time': 11, 'note': 36, 'velocity': 40, 'channel': 9}",-8,5040,42,-0.0116279,3,11,soul/groove3
3,12,42,0:207,note_on,0,5139,7.4694722625,42,41,"{'type': 'note_on', 'time': 0, 'note': 22, 'velocity': 41, 'channel': 9}",-21,5160,43,-0.0305232375,3,12,soul/groove3
3,13,42,0:210,note_on,0,5266,7.654065175,42,55,"{'type': 'note_on', 'time': 0, 'note': 22, 'velocity': 55, 'channel': 9}",-14,5280,44,-0.020348825,3,13,soul/groove3
3,13,38,0:211,note_on,8,5274,7.665693075,38,80,"{'type': 'note_on', 'time': 8, 'note': 37, 'velocity': 80, 'channel': 9}",-6,5280,44,-0.008720925000000001,3,13,soul/groove3
3,14,46,0:215,note_on,0,5381,7.8212162375,46,55,"{'type': 'note_on', 'time': 0, 'note': 26, 'velocity': 55, 'channel': 9}",-19,5400,45,-0.0276162625,3,14,soul/groove3
3,14,36,0:216,note_on,9,5390,7.834297625,36,37,"{'type': 'note_on', 'time': 9, 'note': 36, 'velocity': 37, 'channel': 9}",-10,5400,45,-0.014534875,3,14,soul/groove3
3,15,42,0:221,note_on,0,5500,7.9941812500000005,42,45,"{'type': 'note_on', 'time': 0, 'note': 22, 'velocity': 45, 'channel': 9}",-20,5520,46,-0.02906975,3,15,soul/groove3
3,16,42,0:224,note_on,0,5613,8.1584253375,42,45,"{'type': 'note_on', 'time': 0, 'note': 22, 'velocity': 45, 'channel': 9}",-27,5640,47,-0.0392441625,3,16,soul/groove3
3,16,36,0:225,note_on,24,5637,8.1933090375,36,21,"{'type': 'note_on', 'time': 24, 'note': 36, 'velocity': 21, 'channel': 9}",-3,5640,47,-0.0043604625000000004,3,16,soul/groove3
4,1,42,0:229,note_on,0,5735,8.3357508125,42,74,"{'type': 'note_on', 'time': 0, 'note': 22, 'velocity': 74, 'channel': 9}",-25,5760,48,-0.0363371875,4,1,soul/groove3
4,1,36,0:230,note_on,17,5752,8.3604601,36,29,"{'type': 'note_on', 'time': 17, 'note': 36, 'velocity': 29, 'channel': 9}",-8,5760,48,-0.0116279,4,1,soul/groove3
4,2,42,0:234,note_on,0,5865,8.5247041875,42,16,"{'type': 'note_on', 'time': 0, 'note': 22, 'velocity': 16, 'channel': 9}",-15,5880,49,-0.0218023125,4,2,soul/groove3
4,2,38,0:235,note_on,2,5867,8.5276111625,38,9,"{'type': 'note_on', 'time': 2, 'note': 38, 'velocity': 9, 'channel': 9}",-13,5880,49,-0.0188953375,4,2,soul/groove3
4,3,42,0:239,note_on,0,5988,8.70348315,42,36,"{'type': 'note_on', 'time': 0, 'note': 22, 'velocity': 36, 'channel': 9}",-12,6000,50,-0.017441850000000002,4,3,soul/groove3
4,4,36,0:241,note_on,49,6106,8.874994675,36,25,"{'type': 'note_on', 'time': 49, 'note': 36, 'velocity': 25, 'channel': 9}",-14,6120,51,-0.020348825,4,4,soul/groove3
4,4,42,0:243,note_on,0,6112,8.8837156,42,43,"{'type': 'note_on', 'time': 0, 'note': 22, 'velocity': 43, 'channel': 9}",-8,6120,51,-0.0116279,4,4,soul/groove3
4,5,42,0:247,note_on,0,6230,9.055227125,42,84,"{'type': 'note_on', 'time': 0, 'note': 22, 'velocity': 84, 'channel': 9}",-10,6240,52,-0.014534875,4,5,soul/groove3
4,5,38,0:248,note_on,3,6233,9.0595875875,38,98,"{'type': 'note_on', 'time': 3, 'note': 38, 'velocity': 98, 'channel': 9}",-7,6240,52,-0.0101744125,4,5,soul/groove3
4,6,42,0:252,note_on,0,6346,9.223831675,42,34,"{'type': 'note_on', 'time': 0, 'note': 22, 'velocity': 34, 'channel': 9}",-14,6360,53,-0.020348825,4,6,soul/groove3
4,7,42,0:255,note_on,0,6467,9.3997036625,42,30,"{'type': 'note_on', 'time': 0, 'note': 22, 'velocity': 30, 'channel': 9}",-13,6480,54,-0.0188953375,4,7,soul/groove3
4,8,36,0:257,note_on,44,6580,9.56394775,36,28,"{'type': 'note_on', 'time': 44, 'note': 36, 'velocity': 28, 'channel': 9}",-20,6600,55,-0.02906975,4,8,soul/groove3
4,8,42,0:259,note_on,0,6586,9.572668675,42,66,"{'type': 'note_on', 'time': 0, 'note': 22, 'velocity': 66, 'channel': 9}",-14,6600,55,-0.020348825,4,8,soul/groove3
4,9,46,0:264,note_on,0,6691,9.7252848625,46,23,"{'type': 'note_on', 'time': 0, 'note': 26, 'velocity': 23, 'channel': 9}",-29,6720,56,-0.0421511375,4,9,soul/groove3
4,10,42,0:268,note_on,0,6817,9.9084242875,42,26,"{'type': 'note_on', 'time': 0, 'note': 22, 'velocity': 26, 'channel': 9}",-23,6840,57,-0.0334302125,4,10,soul/groove3
4,10,36,0:269,note_on,7,6824,9.9185987,36,20,"{'type': 'note_on', 'time': 7, 'note': 36, 'velocity': 20, 'channel': 9}",-16,6840,57,-0.0232558,4,10,soul/groove3
4,11,42,0:273,note_on,0,6939,10.0857497625,42,62,"{'type': 'note_on', 'time': 0, 'note': 22, 'velocity': 62, 'channel': 9}",-21,6960,58,-0.0305232375,4,11,soul/groove3
4,11,36,0:274,note_on,19,6958,10.113366025,36,33,"{'type': 'note_on', 'time': 19, 'note': 36, 'velocity': 33, 'channel': 9}",-2,6960,58,-0.002906975,4,11,soul/groove3
4,12,42,0:278,note_on,0,7062,10.264528725,42,36,"{'type': 'note_on', 'time': 0, 'note': 22, 'velocity': 36, 'channel': 9}",-18,7080,59,-0.026162775,4,12,soul/groove3
4,13,42,0:281,note_on,0,7183,10.4404007125,42,69,"{'type': 'note_on', 'time': 0, 'note': 22, 'velocity': 69, 'channel': 9}",-17,7200,60,-0.0247092875,4,13,soul/groove3
4,13,38,0:282,note_on,5,7188,10.44766815,38,93,"{'type': 'note_on', 'time': 5, 'note': 38, 'velocity': 93, 'channel': 9}",-12,7200,60,-0.017441850000000002,4,13,soul/groove3
4,14,38,0:285,note_on,5,7263,10.5566797125,38,29,"{'type': 'note_on', 'time': 5, 'note': 38, 'velocity': 29, 'channel': 9}",-57,7320,61,-0.0828487875,4,14,soul/groove3
4,14,42,0:287,note_on,0,7301,10.6119122375,42,44,"{'type': 'note_on', 'time': 0, 'note': 22, 'velocity': 44, 'channel': 9}",-19,7320,61,-0.0276162625,4,14,soul/groove3
4,14,36,0:288,note_on,3,7304,10.6162727,36,34,"{'type': 'note_on', 'time': 3, 'note': 36, 'velocity': 34, 'channel': 9}",-16,7320,61,-0.0232558,4,14,soul/groove3
4,15,42,0:293,note_on,0,7421,10.7863307375,42,45,"{'type': 'note_on', 'time': 0, 'note': 22, 'velocity': 45, 'channel': 9}",-19,7440,62,-0.0276162625,4,15,soul/groove3
4,16,42,0:296,note_on,0,7530,10.944760875,42,39,"{'type': 'note_on', 'time': 0, 'note': 22, 'velocity': 39, 'channel': 9}",-30,7560,63,-0.043604625,4,16,soul/groove3
4,16,36,0:297,note_on,21,7551,10.9752841125,36,18,"{'type': 'note_on', 'time': 21, 'note': 36, 'velocity': 18, 'channel': 9}",-9,7560,63,-0.0130813875,4,16,soul/groove3
5,1,42,0:301,note_on,0,7656,11.1279003,42,68,"{'type': 'note_on', 'time': 0, 'note': 22, 'velocity': 68, 'channel': 9}",-24,7680,64,-0.034883700000000004,5,1,soul/groove3
5,1,36,0:302,note_on,22,7678,11.159877025,36,33,"{'type': 'note_on', 'time': 22, 'note': 36, 'velocity': 33, 'channel': 9}",-2,7680,64,-0.002906975,5,1,soul/groove3
5,2,42,0:306,note_on,0,7778,11.305225775,42,36,"{'type': 'note_on', 'time': 0, 'note': 22, 'velocity': 36, 'channel': 9}",-22,7800,65,-0.031976725,5,2,soul/groove3
5,3,42,0:309,note_on,0,7904,11.4883652,42,20,"{'type': 'note_on', 'time': 0, 'note': 22, 'velocity': 20, 'channel': 9}",-16,7920,66,-0.0232558,5,3,soul/groove3
5,4,36,0:311,note_on,45,8018,11.654062775,36,27,"{'type': 'note_on', 'time': 45, 'note': 36, 'velocity': 27, 'channel': 9}",-22,8040,67,-0.031976725,5,4,soul/groove3
5,4,42,0:313,note_on,0,8032,11.6744116,42,33,"{'type': 'note_on', 'time': 0, 'note': 22, 'velocity': 33, 'channel': 9}",-8,8040,67,-0.0116279,5,4,soul/groove3
5,5,42,0:317,note_on,0,8151,11.8473766125,42,74,"{'type': 'note_on', 'time': 0, 'note': 22, 'velocity': 74, 'channel': 9}",-9,8160,68,-0.0130813875,5,5,soul/groove3
5,5,38,0:318,note_on,5,8156,11.85464405,38,98,"{'type': 'note_on', 'time': 5, 'note': 38, 'velocity': 98, 'channel': 9}",-4,8160,68,-0.00581395,5,5,soul/groove3
5,6,42,0:322,note_on,0,8268,12.01743465,42,23,"{'type': 'note_on', 'time': 0, 'note': 22, 'velocity': 23, 'channel': 9}",-12,8280,69,-0.017441850000000002,5,6,soul/groove3
5,7,42,0:325,note_on,0,8386,12.188946175,42,28,"{'type': 'note_on', 'time': 0, 'note': 22, 'velocity': 28, 'channel': 9}",-14,8400,70,-0.020348825,5,7,soul/groove3
5,8,36,0:327,note_on,43,8499,12.3531902625,36,33,"{'type': 'note_on', 'time': 43, 'note': 36, 'velocity': 33, 'channel': 9}",-21,8520,71,-0.0305232375,5,8,soul/groove3
5,8,42,0:329,note_on,0,8513,12.3735390875,42,55,"{'type': 'note_on', 'time': 0, 'note': 22, 'velocity': 55, 'channel': 9}",-7,8520,71,-0.0101744125,5,8,soul/groove3
5,9,42,0:333,note_on,0,8621,12.5305157375,42,18,"{'type': 'note_on', 'time': 0, 'note': 22, 'velocity': 18, 'channel': 9}",-19,8640,72,-0.0276162625,5,9,soul/groove3
5,10,42,0:336,note_on,0,8756,12.72673655,42,39,"{'type': 'note_on', 'time': 0, 'note': 22, 'velocity': 39, 'channel': 9}",-4,8760,73,-0.00581395,5,10,soul/groove3
5,10,36,0:337,note_on,1,8757,12.7281900375,36,18,"{'type': 'note_on', 'time': 1, 'note': 36, 'velocity': 18, 'channel': 9}",-3,8760,73,-0.0043604625000000004,5,10,soul/groove3
5,11,42,0:342,note_on,0,8873,12.8967945875,42,58,"{'type': 'note_on', 'time': 0, 'note': 22, 'velocity': 58, 'channel': 9}",-7,8880,74,-0.0101744125,5,11,soul/groove3
5,11,36,0:343,note_on,5,8878,12.904062025,36,31,"{'type': 'note_on', 'time': 5, 'note': 36, 'velocity': 31, 'channel': 9}",-2,8880,74,-0.002906975,5,11,soul/groove3
5,12,42,0:347,note_on,0,8985,13.0595851875,42,22,"{'type': 'note_on', 'time': 0, 'note': 22, 'velocity': 22, 'channel': 9}",-15,9000,75,-0.0218023125,5,12,soul/groove3
5,13,42,0:350,note_on,0,9113,13.2456315875,42,69,"{'type': 'note_on', 'time': 0, 'note': 22, 'velocity': 69, 'channel': 9}",-7,9120,76,-0.0101744125,5,13,soul/groove3
5,13,38,0:351,note_on,4,9117,13.2514455375,38,98,"{'type': 'note_on', 'time': 4, 'note': 40, 'velocity': 98, 'channel': 9}",-3,9120,76,-0.0043604625000000004,5,13,soul/groove3
5,14,38,0:354,note_on,4,9190,13.357550125,38,31,"{'type': 'note_on', 'time': 4, 'note': 38, 'velocity': 31, 'channel': 9}",-50,9240,77,-0.072674375,5,14,soul/groove3
5,14,42,0:356,note_on,0,9230,13.415689625,42,24,"{'type': 'note_on', 'time': 0, 'note': 22, 'velocity': 24, 'channel': 9}",-10,9240,77,-0.014534875,5,14,soul/groove3
5,14,36,0:357,note_on,6,9236,13.42441055,36,34,"{'type': 'note_on', 'time': 6, 'note': 36, 'velocity': 34, 'channel': 9}",-4,9240,77,-0.00581395,5,14,soul/groove3
5,15,42,0:363,note_on,0,9342,13.578480225,42,30,"{'type': 'note_on', 'time': 0, 'note': 22, 'velocity': 30, 'channel': 9}",-18,9360,78,-0.026162775,5,15,soul/groove3
5,16,42,0:366,note_on,0,9459,13.7485382625,42,21,"{'type': 'note_on', 'time': 0, 'note': 42, 'velocity': 21, 'channel': 9}",-21,9480,79,-0.0305232375,5,16,soul/groove3
5,16,36,0:367,note_on,17,9476,13.77324755,36,20,"{'type': 'note_on', 'time': 17, 'note': 36, 'velocity': 20, 'channel': 9}",-4,9480,79,-0.00581395,5,16,soul/groove3
6,1,42,0:371,note_on,0,9583,13.9287707125,42,55,"{'type': 'note_on', 'time': 0, 'note': 22, 'velocity': 55, 'channel': 9}",-17,9600,80,-0.0247092875,6,1,soul/groove3
6,1,36,0:372,note_on,15,9598,13.950573025,36,37,"{'type': 'note_on', 'time': 15, 'note': 36, 'velocity': 37, 'channel': 9}",-2,9600,80,-0.002906975,6,1,soul/groove3
6,2,42,0:379,note_on,0,9706,14.107549675,42,22,"{'type': 'note_on', 'time': 0, 'note': 22, 'velocity': 22, 'channel': 9}",-14,9720,81,-0.020348825,6,2,soul/groove3
6,3,42,0:383,note_on,0,9831,14.2892356125,42,32,"{'type': 'note_on', 'time': 0, 'note': 22, 'velocity': 32, 'channel': 9}",-9,9840,82,-0.0130813875,6,3,soul/groove3
6,4,36,0:385,note_on,41,9942,14.450572725,36,32,"{'type': 'note_on', 'time': 41, 'note': 36, 'velocity': 32, 'channel': 9}",-18,9960,83,-0.026162775,6,4,soul/groove3
6,4,42,0:387,note_on,0,9950,14.462200625,42,21,"{'type': 'note_on', 'time': 0, 'note': 42, 'velocity': 21, 'channel': 9}",-10,9960,83,-0.014534875,6,4,soul/groove3
6,5,42,0:391,note_on,0,10072,14.6395261,42,73,"{'type': 'note_on', 'time': 0, 'note': 22, 'velocity': 73, 'channel': 9}",-8,10080,84,-0.0116279,6,5,soul/groove3
6,5,38,0:392,note_on,6,10078,14.648247025,38,93,"{'type': 'note_on', 'time': 6, 'note': 38, 'velocity': 93, 'channel': 9}",-2,10080,84,-0.002906975,6,5,soul/groove3
6,6,42,0:396,note_on,0,10188,14.80813065,42,26,"{'type': 'note_on', 'time': 0, 'note': 22, 'velocity': 26, 'channel': 9}",-12,10200,85,-0.017441850000000002,6,6,soul/groove3
6,7,42,0:399,note_on,0,10308,14.98254915,42,33,"{'type': 'note_on', 'time': 0, 'note': 22, 'velocity': 33, 'channel': 9}",-12,10320,86,-0.017441850000000002,6,7,soul/groove3
6,8,36,0:401,note_on,45,10423,15.1497002125,36,36,"{'type': 'note_on', 'time': 45, 'note': 36, 'velocity': 36, 'channel': 9}",-17,10440,87,-0.0247092875,6,8,soul/groove3
6,8,42,0:403,note_on,0,10435,15.1671420625,42,56,"{'type': 'note_on', 'time': 0, 'note': 22, 'velocity': 56, 'channel': 9}",-5,10440,87,-0.0072674375,6,8,soul/groove3
6,9,42,0:407,note_on,0,10546,15.328479175,42,22,"{'type': 'note_on', 'time': 0, 'note': 22, 'velocity': 22, 'channel': 9}",-14,10560,88,-0.020348825,6,9,soul/groove3
6,10,42,0:410,note_on,0,10673,15.5130720875,42,25,"{'type': 'note_on', 'time': 0, 'note': 42, 'velocity': 25, 'channel': 9}",-7,10680,89,-0.0101744125,6,10,soul/groove3
6,10,36,0:411,note_on,11,10684,15.52906045,36,17,"{'type': 'note_on', 'time': 11, 'note': 36, 'velocity': 17, 'channel': 9}",4,10680,89,0.00581395,6,10,soul/groove3
6,11,42,0:415,note_on,0,10795,15.6903975625,42,64,"{'type': 'note_on', 'time': 0, 'note': 22, 'velocity': 64, 'channel': 9}",-5,10800,90,-0.0072674375,6,11,soul/groove3
6,11,36,0:416,note_on,4,10799,15.6962115125,36,30,"{'type': 'note_on', 'time': 4, 'note': 36, 'velocity': 30, 'channel': 9}",-1,10800,90,-0.0014534875,6,11,soul/groove3
6,12,42,0:420,note_on,0,10911,15.8590021125,42,23,"{'type': 'note_on', 'time': 0, 'note': 22, 'velocity': 23, 'channel': 9}",-9,10920,91,-0.0130813875,6,12,soul/groove3
6,13,42,0:423,note_on,0,11041,16.0479554875,42,61,"{'type': 'note_on', 'time': 0, 'note': 22, 'velocity': 61, 'channel': 9}",1,11040,92,0.0014534875,6,13,soul/groove3
6,13,38,0:424,note_on,4,11045,16.0537694375,38,94,"{'type': 'note_on', 'time': 4, 'note': 38, 'velocity': 94, 'channel': 9}",5,11040,92,0.0072674375,6,13,soul/groove3
6,14,42,0:428,note_on,0,11159,16.2194670125,42,42,"{'type': 'note_on', 'time': 0, 'note': 22, 'velocity': 42, 'channel': 9}",-1,11160,93,-0.0014534875,6,14,soul/groove3
6,14,36,0:429,note_on,8,11167,16.2310949125,36,36,"{'type': 'note_on', 'time': 8, 'note': 36, 'velocity': 36, 'channel': 9}",7,11160,93,0.0101744125,6,14,soul/groove3
6,15,38,0:432,note_on,17,11254,16.357548325,38,6,"{'type': 'note_on', 'time': 17, 'note': 38, 'velocity': 6, 'channel': 9}",-26,11280,94,-0.037790675,6,15,soul/groove3
6,15,42,0:434,note_on,0,11275,16.3880715625,42,28,"{'type': 'note_on', 'time': 0, 'note': 22, 'velocity': 28, 'channel': 9}",-5,11280,94,-0.0072674375,6,15,soul/groove3
6,16,42,0:438,note_on,0,11398,16.566850525,42,30,"{'type': 'note_on', 'time': 0, 'note': 42, 'velocity': 30, 'channel': 9}",-2,11400,95,-0.002906975,6,16,soul/groove3
6,16,36,0:439,note_on,7,11405,16.5770249375,36,24,"{'type': 'note_on', 'time': 7, 'note': 36, 'velocity': 24, 'channel': 9}",5,11400,95,0.0072674375,6,16,soul/groove3
7,1,42,0:443,note_on,0,11516,16.73836205,42,70,"{'type': 'note_on', 'time': 0, 'note': 22, 'velocity': 70, 'channel': 9}",-4,11520,96,-0.00581395,7,1,soul/groove3
7,1,36,0:444,note_on,14,11530,16.758710875,36,35,"{'type': 'note_on', 'time': 14, 'note': 36, 'velocity': 35, 'channel': 9}",10,11520,96,0.014534875,7,1,soul/groove3
7,2,42,0:448,note_on,0,11642,16.921501475,42,27,"{'type': 'note_on', 'time': 0, 'note': 22, 'velocity': 27, 'channel': 9}",2,11640,97,0.002906975,7,2,soul/groove3
7,3,42,0:451,note_on,0,11767,17.1031874125,42,14,"{'type': 'note_on', 'time': 0, 'note': 22, 'velocity': 14, 'channel': 9}",7,11760,98,0.0101744125,7,3,soul/groove3
7,4,36,0:453,note_on,34,11870,17.252896625,36,35,"{'type': 'note_on', 'time': 34, 'note': 36, 'velocity': 35, 'channel': 9}",-10,11880,99,-0.014534875,7,4,soul/groove3
7,4,42,0:455,note_on,0,11883,17.2717919625,42,28,"{'type': 'note_on', 'time': 0, 'note': 42, 'velocity': 28, 'channel': 9}",3,11880,99,0.0043604625000000004,7,4,soul/groove3
7,5,42,0:459,note_on,0,12001,17.4433034875,42,74,"{'type': 'note_on', 'time': 0, 'note': 22, 'velocity': 74, 'channel': 9}",1,12000,100,0.0014534875,7,5,soul/groove3
7,5,38,0:460,note_on,4,12005,17.4491174375,38,94,"{'type': 'note_on', 'time': 4, 'note': 38, 'velocity': 94, 'channel': 9}",5,12000,100,0.0072674375,7,5,soul/groove3
7,6,42,0:464,note_on,0,12119,17.6148150125,42,17,"{'type': 'note_on', 'time': 0, 'note': 22, 'velocity': 17, 'channel': 9}",-1,12120,101,-0.0014534875,7,6,soul/groove3
7,7,42,0:467,note_on,0,12237,17.7863265375,42,22,"{'type': 'note_on', 'time': 0, 'note': 42, 'velocity': 22, 'channel': 9}",-3,12240,102,-0.0043604625000000004,7,7,soul/groove3
7,8,36,0:469,note_on,40,12347,17.9462101625,36,33,"{'type': 'note_on', 'time': 40, 'note': 36, 'velocity': 33, 'channel': 9}",-13,12360,103,-0.0188953375,7,8,soul/groove3
7,8,38,0:470,note_on,16,12363,17.9694659625,38,7,"{'type': 'note_on', 'time': 16, 'note': 38, 'velocity': 7, 'channel': 9}",3,12360,103,0.0043604625000000004,7,8,soul/groove3
7,8,42,0:472,note_on,0,12364,17.97091945,42,59,"{'type': 'note_on', 'time': 0, 'note': 22, 'velocity': 59, 'channel': 9}",4,12360,103,0.00581395,7,8,soul/groove3
7,9,42,0:477,note_on,0,12467,18.1206286625,42,20,"{'type': 'note_on', 'time': 0, 'note': 22, 'velocity': 20, 'channel': 9}",-13,12480,104,-0.0188953375,7,9,soul/groove3
7,10,36,0:479,note_on,57,12594,18.305221575,36,19,"{'type': 'note_on', 'time': 57, 'note': 36, 'velocity': 19, 'channel': 9}",-6,12600,105,-0.008720925000000001,7,10,soul/groove3
7,10,42,0:481,note_on,0,12597,18.3095820375,42,27,"{'type': 'note_on', 'time': 0, 'note': 42, 'velocity': 27, 'channel': 9}",-3,12600,105,-0.0043604625000000004,7,10,soul/groove3
7,11,42,0:485,note_on,0,12710,18.473826125,42,64,"{'type': 'note_on', 'time': 0, 'note': 22, 'velocity': 64, 'channel': 9}",-10,12720,106,-0.014534875,7,11,soul/groove3
7,11,36,0:486,note_on,10,12720,18.488361,36,35,"{'type': 'note_on', 'time': 10, 'note': 36, 'velocity': 35, 'channel': 9}",0,12720,106,0.0,7,11,soul/groove3
7,12,42,0:490,note_on,0,12827,18.6438841625,42,34,"{'type': 'note_on', 'time': 0, 'note': 22, 'velocity': 34, 'channel': 9}",-13,12840,107,-0.0188953375,7,12,soul/groove3
7,13,42,0:493,note_on,0,12956,18.83138405,42,69,"{'type': 'note_on', 'time': 0, 'note': 22, 'velocity': 69, 'channel': 9}",-4,12960,108,-0.00581395,7,13,soul/groove3
7,13,38,0:494,note_on,4,12960,18.837198,38,86,"{'type': 'note_on', 'time': 4, 'note': 38, 'velocity': 86, 'channel': 9}",0,12960,108,0.0,7,13,soul/groove3
7,14,38,0:497,note_on,11,13041,18.9549304875,38,19,"{'type': 'note_on', 'time': 11, 'note': 38, 'velocity': 19, 'channel': 9}",-39,13080,109,-0.0566860125,7,14,soul/groove3
7,14,42,0:499,note_on,0,13072,18.999988600000002,42,28,"{'type': 'note_on', 'time': 0, 'note': 22, 'velocity': 28, 'channel': 9}",-8,13080,109,-0.0116279,7,14,soul/groove3
7,14,36,0:500,note_on,5,13077,19.0072560375,36,32,"{'type': 'note_on', 'time': 5, 'note': 36, 'velocity': 32, 'channel': 9}",-3,13080,109,-0.0043604625000000004,7,14,soul/groove3
7,15,42,0:505,note_on,0,13188,19.16859315,42,31,"{'type': 'note_on', 'time': 0, 'note': 22, 'velocity': 31, 'channel': 9}",-12,13200,110,-0.017441850000000002,7,15,soul/groove3
7,15,38,0:506,note_on,1,13189,19.1700466375,38,9,"{'type': 'note_on', 'time': 1, 'note': 38, 'velocity': 9, 'channel': 9}",-11,13200,110,-0.0159883625,7,15,soul/groove3
7,16,42,0:510,note_on,0,13304,19.3371977,42,21,"{'type': 'note_on', 'time': 0, 'note': 42, 'velocity': 21, 'channel': 9}",-16,13320,111,-0.0232558,7,16,soul/groove3
7,16,36,0:511,note_on,23,13327,19.3706279125,36,22,"{'type': 'note_on', 'time': 23, 'note': 36, 'velocity': 22, 'channel': 9}",7,13320,111,0.0101744125,7,16,soul/groove3
8,1,42,0:515,note_on,0,13428,19.51743015,42,57,"{'type': 'note_on', 'time': 0, 'note': 22, 'velocity': 57, 'channel': 9}",-12,13440,112,-0.017441850000000002,8,1,soul/groove3
8,1,36,0:516,note_on,16,13444,19.54068595,36,32,"{'type': 'note_on', 'time': 16, 'note': 36, 'velocity': 32, 'channel': 9}",4,13440,112,0.00581395,8,1,soul/groove3
8,2,42,0:520,note_on,0,13550,19.694755625,42,17,"{'type': 'note_on', 'time': 0, 'note': 22, 'velocity': 17, 'channel': 9}",-10,13560,113,-0.014534875,8,2,soul/groove3
8,2,38,0:521,note_on,45,13595,19.7601625625,38,6,"{'type': 'note_on', 'time': 45, 'note': 38, 'velocity': 6, 'channel': 9}",35,13560,113,0.0508720625,8,2,soul/groove3
8,3,38,0:523,note_on,23,13642,19.828476475,38,6,"{'type': 'note_on', 'time': 23, 'note': 38, 'velocity': 6, 'channel': 9}",-38,13680,114,-0.055232525,8,3,soul/groove3
8,3,42,0:526,note_on,0,13658,19.851732275,42,14,"{'type': 'note_on', 'time': 0, 'note': 42, 'velocity': 14, 'channel': 9}",-22,13680,114,-0.031976725,8,3,soul/groove3
8,4,42,0:530,note_on,0,13784,20.0348717,42,40,"{'type': 'note_on', 'time': 0, 'note': 22, 'velocity': 40, 'channel': 9}",-16,13800,115,-0.0232558,8,4,soul/groove3
8,4,36,0:531,note_on,2,13786,20.037778675,36,34,"{'type': 'note_on', 'time': 2, 'note': 36, 'velocity': 34, 'channel': 9}",-14,13800,115,-0.020348825,8,4,soul/groove3
8,5,42,0:535,note_on,0,13910,20.218011125,42,74,"{'type': 'note_on', 'time': 0, 'note': 22, 'velocity': 74, 'channel': 9}",-10,13920,116,-0.014534875,8,5,soul/groove3
8,5,38,0:536,note_on,3,13913,20.2223715875,38,93,"{'type': 'note_on', 'time': 3, 'note': 38, 'velocity': 93, 'channel': 9}",-7,13920,116,-0.0101744125,8,5,soul/groove3
8,6,42,0:540,note_on,0,14028,20.38952265,42,21,"{'type': 'note_on', 'time': 0, 'note': 22, 'velocity': 21, 'channel': 9}",-12,14040,117,-0.017441850000000002,8,6,soul/groove3
8,7,42,0:543,note_on,0,14138,20.549406275,42,27,"{'type': 'note_on', 'time': 0, 'note': 42, 'velocity': 27, 'channel': 9}",-22,14160,118,-0.031976725,8,7,soul/groove3
8,8,36,0:545,note_on,46,14254,20.718010825,36,33,"{'type': 'note_on', 'time': 46, 'note': 36, 'velocity': 33, 'channel': 9}",-26,14280,119,-0.037790675,8,8,soul/groove3
8,8,42,0:547,note_on,0,14270,20.741266625,42,53,"{'type': 'note_on', 'time': 0, 'note': 22, 'velocity': 53, 'channel': 9}",-10,14280,119,-0.014534875,8,8,soul/groove3
8,9,42,0:551,note_on,0,14380,20.90115025,42,22,"{'type': 'note_on', 'time': 0, 'note': 22, 'velocity': 22, 'channel': 9}",-20,14400,120,-0.02906975,8,9,soul/groove3
8,10,42,0:554,note_on,0,14507,21.085743162500002,42,29,"{'type': 'note_on', 'time': 0, 'note': 42, 'velocity': 29, 'channel': 9}",-13,14520,121,-0.0188953375,8,10,soul/groove3
8,10,36,0:555,note_on,3,14510,21.090103625,36,17,"{'type': 'note_on', 'time': 3, 'note': 36, 'velocity': 17, 'channel': 9}",-10,14520,121,-0.014534875,8,10,soul/groove3
8,11,42,0:559,note_on,0,14620,21.24998725,42,53,"{'type': 'note_on', 'time': 0, 'note': 22, 'velocity': 53, 'channel': 9}",-20,14640,122,-0.02906975,8,11,soul/groove3
8,11,36,0:560,note_on,10,14630,21.264522125,36,28,"{'type': 'note_on', 'time': 10, 'note': 36, 'velocity': 28, 'channel': 9}",-10,14640,122,-0.014534875,8,11,soul/groove3
8,12,42,0:564,note_on,0,14739,21.4229522625,42,16,"{'type': 'note_on', 'time': 0, 'note': 22, 'velocity': 16, 'channel': 9}",-21,14760,123,-0.0305232375,8,12,soul/groove3
8,13,42,0:567,note_on,0,14864,21.6046382,42,57,"{'type': 'note_on', 'time': 0, 'note': 22, 'velocity': 57, 'channel': 9}",-16,14880,124,-0.0232558,8,13,soul/groove3
8,13,38,0:568,note_on,5,14869,21.6119056375,38,87,"{'type': 'note_on', 'time': 5, 'note': 38, 'velocity': 87, 'channel': 9}",-11,14880,124,-0.0159883625,8,13,soul/groove3
8,14,38,0:571,note_on,14,14953,21.7339985875,38,20,"{'type': 'note_on', 'time': 14, 'note': 38, 'velocity': 20, 'channel': 9}",-47,15000,125,-0.0683139125,8,14,soul/groove3
8,14,36,0:572,note_on,32,14985,21.7805101875,36,34,"{'type': 'note_on', 'time': 32, 'note': 36, 'velocity': 34, 'channel': 9}",-15,15000,125,-0.0218023125,8,14,soul/groove3
8,14,42,0:574,note_on,0,14987,21.7834171625,42,21,"{'type': 'note_on', 'time': 0, 'note': 22, 'velocity': 21, 'channel': 9}",-13,15000,125,-0.0188953375,8,14,soul/groove3
8,15,42,0:579,note_on,0,15103,21.9520217125,42,37,"{'type': 'note_on', 'time': 0, 'note': 22, 'velocity': 37, 'channel': 9}",-17,15120,126,-0.0247092875,8,15,soul/groove3
8,16,36,0:581,note_on,41,15214,22.113358825,36,21,"{'type': 'note_on', 'time': 41, 'note': 36, 'velocity': 21, 'channel': 9}",-26,15240,127,-0.037790675,8,16,soul/groove3
8,16,42,0:583,note_on,0,15218,22.119172775,42,26,"{'type': 'note_on', 'time': 0, 'note': 42, 'velocity': 26, 'channel': 9}",-22,15240,127,-0.031976725,8,16,soul/groove3
9,1,42,0:587,note_on,0,15337,22.2921377875,42,60,"{'type': 'note_on', 'time': 0, 'note': 22, 'velocity': 60, 'channel': 9}",-23,15360,128,-0.0334302125,9,1,soul/groove3
9,1,36,0:588,note_on,4,15341,22.2979517375,36,34,"{'type': 'note_on', 'time': 4, 'note': 36, 'velocity': 34, 'channel': 9}",-19,15360,128,-0.0276162625,9,1,soul/groove3
9,2,42,0:592,note_on,0,15457,22.4665562875,42,25,"{'type': 'note_on', 'time': 0, 'note': 22, 'velocity': 25, 'channel': 9}",-23,15480,129,-0.0334302125,9,2,soul/groove3
9,3,42,0:595,note_on,0,15579,22.6438817625,42,14,"{'type': 'note_on', 'time': 0, 'note': 22, 'velocity': 14, 'channel': 9}",-21,15600,130,-0.0305232375,9,3,soul/groove3
9,4,36,0:597,note_on,37,15686,22.799404925,36,34,"{'type': 'note_on', 'time': 37, 'note': 36, 'velocity': 34, 'channel': 9}",-34,15720,131,-0.049418575,9,4,soul/groove3
9,4,42,0:599,note_on,0,15696,22.8139398,42,45,"{'type': 'note_on', 'time': 0, 'note': 22, 'velocity': 45, 'channel': 9}",-24,15720,131,-0.034883700000000004,9,4,soul/groove3
9,5,42,0:603,note_on,0,15821,22.9956257375,42,81,"{'type': 'note_on', 'time': 0, 'note': 22, 'velocity': 81, 'channel': 9}",-19,15840,132,-0.0276162625,9,5,soul/groove3
9,5,38,0:604,note_on,3,15824,22.9999862,38,95,"{'type': 'note_on', 'time': 3, 'note': 38, 'velocity': 95, 'channel': 9}",-16,15840,132,-0.0232558,9,5,soul/groove3
9,7,42,0:613,note_on,0,16055,23.3357418125,42,33,"{'type': 'note_on', 'time': 0, 'note': 22, 'velocity': 33, 'channel': 9}",-25,16080,134,-0.0363371875,9,7,soul/groove3
9,8,36,0:615,note_on,44,16169,23.5014393875,36,30,"{'type': 'note_on', 'time': 44, 'note': 36, 'velocity': 30, 'channel': 9}",-31,16200,135,-0.0450581125,9,8,soul/groove3
9,8,42,0:617,note_on,0,16188,23.52905565,42,60,"{'type': 'note_on', 'time': 0, 'note': 22, 'velocity': 60, 'channel': 9}",-12,16200,135,-0.017441850000000002,9,8,soul/groove3
9,9,42,0:621,note_on,0,16294,23.683125325,42,33,"{'type': 'note_on', 'time': 0, 'note': 22, 'velocity': 33, 'channel': 9}",-26,16320,136,-0.037790675,9,9,soul/groove3
9,10,42,0:624,note_on,0,16414,23.857543825,42,21,"{'type': 'note_on', 'time': 0, 'note': 42, 'velocity': 21, 'channel': 9}",-26,16440,137,-0.037790675,9,10,soul/groove3
9,10,36,0:625,note_on,4,16418,23.863357775,36,19,"{'type': 'note_on', 'time': 4, 'note': 36, 'velocity': 19, 'channel': 9}",-22,16440,137,-0.031976725,9,10,soul/groove3
9,11,42,0:629,note_on,0,16528,24.0232414,42,60,"{'type': 'note_on', 'time': 0, 'note': 22, 'velocity': 60, 'channel': 9}",-32,16560,138,-0.0465116,9,11,soul/groove3
9,11,36,0:630,note_on,14,16542,24.043590225,36,39,"{'type': 'note_on', 'time': 14, 'note': 36, 'velocity': 39, 'channel': 9}",-18,16560,138,-0.026162775,9,11,soul/groove3
9,12,42,0:634,note_on,0,16651,24.2020203625,42,22,"{'type': 'note_on', 'time': 0, 'note': 22, 'velocity': 22, 'channel': 9}",-29,16680,139,-0.0421511375,9,12,soul/groove3
9,13,42,0:637,note_on,0,16785,24.3967876875,42,72,"{'type': 'note_on', 'time': 0, 'note': 22, 'velocity': 72, 'channel': 9}",-15,16800,140,-0.0218023125,9,13,soul/groove3
9,14,42,0:643,note_on,0,16905,24.5712061875,42,37,"{'type': 'note_on', 'time': 0, 'note': 22, 'velocity': 37, 'channel': 9}",-15,16920,141,-0.0218023125,9,14,soul/groove3
9,14,36,0:644,note_on,13,16918,24.590101525,36,29,"{'type': 'note_on', 'time': 13, 'note': 36, 'velocity': 29, 'channel': 9}",-2,16920,141,-0.002906975,9,14,soul/groove3
9,15,38,0:648,note_on,24,17012,24.72672935,38,7,"{'type': 'note_on', 'time': 24, 'note': 38, 'velocity': 7, 'channel': 9}",-28,17040,142,-0.04069765,9,15,soul/groove3
9,15,42,0:650,note_on,0,17020,24.73835725,42,51,"{'type': 'note_on', 'time': 0, 'note': 22, 'velocity': 51, 'channel': 9}",-20,17040,142,-0.02906975,9,15,soul/groove3
9,16,42,0:654,note_on,0,17135,24.9055083125,42,42,"{'type': 'note_on', 'time': 0, 'note': 22, 'velocity': 42, 'channel': 9}",-25,17160,143,-0.0363371875,9,16,soul/groove3
9,16,36,0:655,note_on,13,17148,24.92440365,36,18,"{'type': 'note_on', 'time': 13, 'note': 36, 'velocity': 18, 'channel': 9}",-12,17160,143,-0.017441850000000002,9,16,soul/groove3
10,1,42,0:659,note_on,0,17254,25.078473325,42,61,"{'type': 'note_on', 'time': 0, 'note': 22, 'velocity': 61, 'channel': 9}",-26,17280,144,-0.037790675,10,1,soul/groove3
10,1,36,0:660,note_on,12,17266,25.095915175000002,36,35,"{'type': 'note_on', 'time': 12, 'note': 36, 'velocity': 35, 'channel': 9}",-14,17280,144,-0.020348825,10,1,soul/groove3
10,2,42,0:664,note_on,0,17374,25.252891825,42,28,"{'type': 'note_on', 'time': 0, 'note': 22, 'velocity': 28, 'channel': 9}",-26,17400,145,-0.037790675,10,2,soul/groove3
10,3,42,0:667,note_on,0,17495,25.4287638125,42,32,"{'type': 'note_on', 'time': 0, 'note': 22, 'velocity': 32, 'channel': 9}",-25,17520,146,-0.0363371875,10,3,soul/groove3
10,4,36,0:669,note_on,48,17613,25.6002753375,36,28,"{'type': 'note_on', 'time': 48, 'note': 36, 'velocity': 28, 'channel': 9}",-27,17640,147,-0.0392441625,10,4,soul/groove3
10,4,42,0:671,note_on,0,17618,25.607542775,42,26,"{'type': 'note_on', 'time': 0, 'note': 42, 'velocity': 26, 'channel': 9}",-22,17640,147,-0.031976725,10,4,soul/groove3
10,5,42,0:675,note_on,0,17740,25.78486825,42,87,"{'type': 'note_on', 'time': 0, 'note': 22, 'velocity': 87, 'channel': 9}",-20,17760,148,-0.02906975,10,5,soul/groove3
10,5,38,0:676,note_on,2,17742,25.787775225,38,98,"{'type': 'note_on', 'time': 2, 'note': 38, 'velocity': 98, 'channel': 9}",-18,17760,148,-0.026162775,10,5,soul/groove3
10,6,42,0:680,note_on,0,17856,25.9534728,42,26,"{'type': 'note_on', 'time': 0, 'note': 22, 'velocity': 26, 'channel': 9}",-24,17880,149,-0.034883700000000004,10,6,soul/groove3
10,7,38,0:682,note_on,15,17940,26.07556575,38,8,"{'type': 'note_on', 'time': 15, 'note': 38, 'velocity': 8, 'channel': 9}",-60,18000,150,-0.08720925,10,7,soul/groove3
10,7,42,0:684,note_on,0,17977,26.1293447875,42,19,"{'type': 'note_on', 'time': 0, 'note': 42, 'velocity': 19, 'channel': 9}",-23,18000,150,-0.0334302125,10,7,soul/groove3
10,8,36,0:687,note_on,46,18093,26.2979493375,36,36,"{'type': 'note_on', 'time': 46, 'note': 36, 'velocity': 36, 'channel': 9}",-27,18120,151,-0.0392441625,10,8,soul/groove3
10,8,42,0:689,note_on,0,18108,26.31975165,42,64,"{'type': 'note_on', 'time': 0, 'note': 22, 'velocity': 64, 'channel': 9}",-12,18120,151,-0.017441850000000002,10,8,soul/groove3
10,9,42,0:693,note_on,0,18217,26.4781817875,42,21,"{'type': 'note_on', 'time': 0, 'note': 22, 'velocity': 21, 'channel': 9}",-23,18240,152,-0.0334302125,10,9,soul/groove3
10,10,42,0:696,note_on,0,18333,26.6467863375,42,36,"{'type': 'note_on', 'time': 0, 'note': 22, 'velocity': 36, 'channel': 9}",-27,18360,153,-0.0392441625,10,10,soul/groove3
10,10,36,0:697,note_on,22,18355,26.6787630625,36,18,"{'type': 'note_on', 'time': 22, 'note': 36, 'velocity': 18, 'channel': 9}",-5,18360,153,-0.0072674375,10,10,soul/groove3
10,11,42,0:701,note_on,0,18456,26.8255653,42,59,"{'type': 'note_on', 'time': 0, 'note': 22, 'velocity': 59, 'channel': 9}",-24,18480,154,-0.034883700000000004,10,11,soul/groove3
10,11,36,0:702,note_on,20,18476,26.85463505,36,31,"{'type': 'note_on', 'time': 20, 'note': 36, 'velocity': 31, 'channel': 9}",-4,18480,154,-0.00581395,10,11,soul/groove3
10,12,42,0:706,note_on,0,18571,26.9927163625,42,42,"{'type': 'note_on', 'time': 0, 'note': 22, 'velocity': 42, 'channel': 9}",-29,18600,155,-0.0421511375,10,12,soul/groove3
10,13,42,0:709,note_on,0,18703,27.1845767125,42,61,"{'type': 'note_on', 'time': 0, 'note': 22, 'velocity': 61, 'channel': 9}",-17,18720,156,-0.0247092875,10,13,soul/groove3
10,13,38,0:710,note_on,3,18706,27.188937175,38,87,"{'type': 'note_on', 'time': 3, 'note': 37, 'velocity': 87, 'channel': 9}",-14,18720,156,-0.020348825,10,13,soul/groove3
10,14,36,0:713,note_on,47,18822,27.357541725,36,32,"{'type': 'note_on', 'time': 47, 'note': 36, 'velocity': 32, 'channel': 9}",-18,18840,157,-0.026162775,10,14,soul/groove3
10,14,42,0:715,note_on,0,18824,27.3604487,42,34,"{'type': 'note_on', 'time': 0, 'note': 22, 'velocity': 34, 'channel': 9}",-16,18840,157,-0.0232558,10,14,soul/groove3
10,15,42,0:719,note_on,0,18937,27.5246927875,42,46,"{'type': 'note_on', 'time': 0, 'note': 22, 'velocity': 46, 'channel': 9}",-23,18960,158,-0.0334302125,10,15,soul/groove3
10,16,42,0:722,note_on,0,19051,27.6903903625,42,27,"{'type': 'note_on', 'time': 0, 'note': 42, 'velocity': 27, 'channel': 9}",-29,19080,159,-0.0421511375,10,16,soul/groove3
10,16,36,0:723,note_on,13,19064,27.7092857,36,18,"{'type': 'note_on', 'time': 13, 'note': 36, 'velocity': 18, 'channel': 9}",-16,19080,159,-0.0232558,10,16,soul/groove3
11,1,42,0:727,note_on,0,19172,27.86626235,42,60,"{'type': 'note_on', 'time': 0, 'note': 22, 'velocity': 60, 'channel': 9}",-28,19200,160,-0.04069765,11,1,soul/groove3
11,1,36,0:728,note_on,12,19184,27.8837042,36,35,"{'type': 'note_on', 'time': 12, 'note': 36, 'velocity': 35, 'channel': 9}",-16,19200,160,-0.0232558,11,1,soul/groove3
11,2,42,0:732,note_on,0,19299,28.0508552625,42,26,"{'type': 'note_on', 'time': 0, 'note': 22, 'velocity': 26, 'channel': 9}",-21,19320,161,-0.0305232375,11,2,soul/groove3
11,3,42,0:735,note_on,0,19426,28.235448175,42,24,"{'type': 'note_on', 'time': 0, 'note': 22, 'velocity': 24, 'channel': 9}",-14,19440,162,-0.020348825,11,3,soul/groove3
11,4,36,0:737,note_on,42,19537,28.3967852875,36,33,"{'type': 'note_on', 'time': 42, 'note': 36, 'velocity': 33, 'channel': 9}",-23,19560,163,-0.0334302125,11,4,soul/groove3
11,4,42,0:739,note_on,0,19545,28.4084131875,42,19,"{'type': 'note_on', 'time': 0, 'note': 42, 'velocity': 19, 'channel': 9}",-15,19560,163,-0.0218023125,11,4,soul/groove3
11,5,42,0:743,note_on,0,19670,28.590099125000002,42,71,"{'type': 'note_on', 'time': 0, 'note': 22, 'velocity': 71, 'channel': 9}",-10,19680,164,-0.014534875,11,5,soul/groove3
11,5,38,0:744,note_on,3,19673,28.5944595875,38,87,"{'type': 'note_on', 'time': 3, 'note': 38, 'velocity': 87, 'channel': 9}",-7,19680,164,-0.0101744125,11,5,soul/groove3
11,6,42,0:748,note_on,0,19790,28.764517625,42,21,"{'type': 'note_on', 'time': 0, 'note': 22, 'velocity': 21, 'channel': 9}",-10,19800,165,-0.014534875,11,6,soul/groove3
11,6,38,0:749,note_on,65,19855,28.8589943125,38,5,"{'type': 'note_on', 'time': 65, 'note': 38, 'velocity': 5, 'channel': 9}",55,19800,165,0.0799418125,11,6,soul/groove3
11,7,42,0:752,note_on,0,19902,28.927308225,42,24,"{'type': 'note_on', 'time': 0, 'note': 42, 'velocity': 24, 'channel': 9}",-18,19920,166,-0.026162775,11,7,soul/groove3
11,8,36,0:755,note_on,54,20025,29.106087187500002,36,34,"{'type': 'note_on', 'time': 54, 'note': 36, 'velocity': 34, 'channel': 9}",-15,20040,167,-0.0218023125,11,8,soul/groove3
11,8,42,0:757,note_on,0,20033,29.1177150875,42,58,"{'type': 'note_on', 'time': 0, 'note': 22, 'velocity': 58, 'channel': 9}",-7,20040,167,-0.0101744125,11,8,soul/groove3
11,9,42,0:761,note_on,0,20141,29.2746917375,42,33,"{'type': 'note_on', 'time': 0, 'note': 22, 'velocity': 33, 'channel': 9}",-19,20160,168,-0.0276162625,11,9,soul/groove3
11,10,42,0:764,note_on,0,20267,29.4578311625,42,41,"{'type': 'note_on', 'time': 0, 'note': 22, 'velocity': 41, 'channel': 9}",-13,20280,169,-0.0188953375,11,10,soul/groove3
11,10,36,0:765,note_on,13,20280,29.4767265,36,21,"{'type': 'note_on', 'time': 13, 'note': 36, 'velocity': 21, 'channel': 9}",0,20280,169,0.0,11,10,soul/groove3
11,11,42,0:769,note_on,0,20385,29.6293426875,42,62,"{'type': 'note_on', 'time': 0, 'note': 22, 'velocity': 62, 'channel': 9}",-15,20400,170,-0.0218023125,11,11,soul/groove3
11,11,36,0:770,note_on,15,20400,29.651145,36,36,"{'type': 'note_on', 'time': 15, 'note': 36, 'velocity': 36, 'channel': 9}",0,20400,170,0.0,11,11,soul/groove3
11,12,42,0:774,note_on,0,20503,29.8008542125,42,29,"{'type': 'note_on', 'time': 0, 'note': 22, 'velocity': 29, 'channel': 9}",-17,20520,171,-0.0247092875,11,12,soul/groove3
11,13,42,0:777,note_on,0,20622,29.973819225,42,60,"{'type': 'note_on', 'time': 0, 'note': 22, 'velocity': 60, 'channel': 9}",-18,20640,172,-0.026162775,11,13,soul/groove3
11,13,38,0:778,note_on,5,20627,29.9810866625,38,95,"{'type': 'note_on', 'time': 5, 'note': 40, 'velocity': 95, 'channel': 9}",-13,20640,172,-0.0188953375,11,13,soul/groove3
11,14,42,0:782,note_on,0,20741,30.1467842375,42,30,"{'type': 'note_on', 'time': 0, 'note': 22, 'velocity': 30, 'channel': 9}",-19,20760,173,-0.0276162625,11,14,soul/groove3
11,14,36,0:783,note_on,13,20754,30.165679575,36,36,"{'type': 'note_on', 'time': 13, 'note': 36, 'velocity': 36, 'channel': 9}",-6,20760,173,-0.008720925000000001,11,14,soul/groove3
11,15,42,0:787,note_on,0,20858,30.316842275,42,41,"{'type': 'note_on', 'time': 0, 'note': 22, 'velocity': 41, 'channel': 9}",-22,20880,174,-0.031976725,11,15,soul/groove3
11,16,36,0:789,note_on,51,20979,30.4927142625,36,17,"{'type': 'note_on', 'time': 51, 'note': 36, 'velocity': 17, 'channel': 9}",-21,21000,175,-0.0305232375,11,16,soul/groove3
11,16,42,0:791,note_on,0,20980,30.49416775,42,30,"{'type': 'note_on', 'time': 0, 'note': 42, 'velocity': 30, 'channel': 9}",-20,21000,175,-0.02906975,11,16,soul/groove3
12,1,42,0:795,note_on,0,21100,30.66858625,42,60,"{'type': 'note_on', 'time': 0, 'note': 22, 'velocity': 60, 'channel': 9}",-20,21120,176,-0.02906975,12,1,soul/groove3
12,1,36,0:796,note_on,7,21107,30.6787606625,36,35,"{'type': 'note_on', 'time': 7, 'note': 36, 'velocity': 35, 'channel': 9}",-13,21120,176,-0.0188953375,12,1,soul/groove3
12,2,42,0:800,note_on,0,21221,30.8444582375,42,18,"{'type': 'note_on', 'time': 0, 'note': 22, 'velocity': 18, 'channel': 9}",-19,21240,177,-0.0276162625,12,2,soul/groove3
12,3,42,0:803,note_on,0,21338,31.014516275000002,42,37,"{'type': 'note_on', 'time': 0, 'note': 22, 'velocity': 37, 'channel': 9}",-22,21360,178,-0.031976725,12,3,soul/groove3
12,4,42,0:807,note_on,0,21456,31.1860278,42,13,"{'type': 'note_on', 'time': 0, 'note': 42, 'velocity': 13, 'channel': 9}",-24,21480,179,-0.034883700000000004,12,4,soul/groove3
12,4,36,0:806,note_on,0,21456,31.1860278,36,33,"{'type': 'note_on', 'time': 0, 'note': 36, 'velocity': 33, 'channel': 9}",-24,21480,179,-0.034883700000000004,12,4,soul/groove3
12,5,42,0:811,note_on,0,21582,31.369167225,42,80,"{'type': 'note_on', 'time': 0, 'note': 22, 'velocity': 80, 'channel': 9}",-18,21600,180,-0.026162775,12,5,soul/groove3
12,5,38,0:812,note_on,3,21585,31.3735276875,38,93,"{'type': 'note_on', 'time': 3, 'note': 38, 'velocity': 93, 'channel': 9}",-15,21600,180,-0.0218023125,12,5,soul/groove3
12,6,42,0:816,note_on,0,21697,31.5363182875,42,20,"{'type': 'note_on', 'time': 0, 'note': 22, 'velocity': 20, 'channel': 9}",-23,21720,181,-0.0334302125,12,6,soul/groove3
12,7,42,0:819,note_on,0,21820,31.71509725,42,31,"{'type': 'note_on', 'time': 0, 'note': 42, 'velocity': 31, 'channel': 9}",-20,21840,182,-0.02906975,12,7,soul/groove3
12,8,36,0:821,note_on,47,21937,31.8851552875,36,34,"{'type': 'note_on', 'time': 47, 'note': 36, 'velocity': 34, 'channel': 9}",-23,21960,183,-0.0334302125,12,8,soul/groove3
12,8,46,0:823,note_on,0,21952,31.9069576,46,62,"{'type': 'note_on', 'time': 0, 'note': 26, 'velocity': 62, 'channel': 9}",-8,21960,183,-0.0116279,12,8,soul/groove3
12,9,42,0:829,note_on,0,22059,32.0624807625,42,29,"{'type': 'note_on', 'time': 0, 'note': 22, 'velocity': 29, 'channel': 9}",-21,22080,184,-0.0305232375,12,9,soul/groove3
12,10,42,0:832,note_on,0,22181,32.2398062375,42,37,"{'type': 'note_on', 'time': 0, 'note': 22, 'velocity': 37, 'channel': 9}",-19,22200,185,-0.0276162625,12,10,soul/groove3
12,10,36,0:833,note_on,19,22200,32.2674225,36,20,"{'type': 'note_on', 'time': 19, 'note': 36, 'velocity': 20, 'channel': 9}",0,22200,185,0.0,12,10,soul/groove3
12,11,42,0:837,note_on,0,22310,32.427306125,42,62,"{'type': 'note_on', 'time': 0, 'note': 22, 'velocity': 62, 'channel': 9}",-10,22320,186,-0.014534875,12,11,soul/groove3
12,11,36,0:838,note_on,16,22326,32.450561925,36,32,"{'type': 'note_on', 'time': 16, 'note': 36, 'velocity': 32, 'channel': 9}",6,22320,186,0.008720925000000001,12,11,soul/groove3
12,12,42,0:842,note_on,0,22426,32.595910675,42,26,"{'type': 'note_on', 'time': 0, 'note': 22, 'velocity': 26, 'channel': 9}",-14,22440,187,-0.020348825,12,12,soul/groove3
12,13,42,0:845,note_on,0,22562,32.793584975,42,62,"{'type': 'note_on', 'time': 0, 'note': 22, 'velocity': 62, 'channel': 9}",2,22560,188,0.002906975,12,13,soul/groove3
12,13,38,0:846,note_on,7,22569,32.8037593875,38,85,"{'type': 'note_on', 'time': 7, 'note': 37, 'velocity': 85, 'channel': 9}",9,22560,188,0.0130813875,12,13,soul/groove3
12,14,42,0:850,note_on,0,22679,32.9636430125,42,20,"{'type': 'note_on', 'time': 0, 'note': 22, 'velocity': 20, 'channel': 9}",-1,22680,189,-0.0014534875,12,14,soul/groove3
12,14,36,0:851,note_on,7,22686,32.973817425,36,33,"{'type': 'note_on', 'time': 7, 'note': 36, 'velocity': 33, 'channel': 9}",6,22680,189,0.008720925000000001,12,14,soul/groove3
12,14,38,0:852,note_on,28,22714,33.014515075,38,7,"{'type': 'note_on', 'time': 28, 'note': 38, 'velocity': 7, 'channel': 9}",34,22680,189,0.049418575,12,14,soul/groove3
12,15,42,0:857,note_on,0,22794,33.130794075,42,39,"{'type': 'note_on', 'time': 0, 'note': 22, 'velocity': 39, 'channel': 9}",-6,22800,190,-0.008720925000000001,12,15,soul/groove3
12,16,42,0:861,note_on,0,22912,33.3023056,42,27,"{'type': 'note_on', 'time': 0, 'note': 42, 'velocity': 27, 'channel': 9}",-8,22920,191,-0.0116279,12,16,soul/groove3
12,16,36,0:860,note_on,0,22912,33.3023056,36,16,"{'type': 'note_on', 'time': 0, 'note': 36, 'velocity': 16, 'channel': 9}",-8,22920,191,-0.0116279,12,16,soul/groove3
13,1,42,0:865,note_on,0,23032,33.4767241,42,65,"{'type': 'note_on', 'time': 0, 'note': 22, 'velocity': 65, 'channel': 9}",-8,23040,192,-0.0116279,13,1,soul/groove3
13,1,36,0:866,note_on,3,23035,33.4810845625,36,34,"{'type': 'note_on', 'time': 3, 'note': 36, 'velocity': 34, 'channel': 9}",-5,23040,192,-0.0072674375,13,1,soul/groove3
13,2,42,0:870,note_on,0,23155,33.6555030625,42,26,"{'type': 'note_on', 'time': 0, 'note': 22, 'velocity': 26, 'channel': 9}",-5,23160,193,-0.0072674375,13,2,soul/groove3
13,3,42,0:873,note_on,0,23274,33.828468075,42,25,"{'type': 'note_on', 'time': 0, 'note': 42, 'velocity': 25, 'channel': 9}",-6,23280,194,-0.008720925000000001,13,3,soul/groove3
13,4,36,0:875,note_on,42,23386,33.991258675,36,31,"{'type': 'note_on', 'time': 42, 'note': 36, 'velocity': 31, 'channel': 9}",-14,23400,195,-0.020348825,13,4,soul/groove3
13,4,42,0:877,note_on,0,23392,33.9999796,42,14,"{'type': 'note_on', 'time': 0, 'note': 42, 'velocity': 14, 'channel': 9}",-8,23400,195,-0.0116279,13,4,soul/groove3
13,5,42,0:881,note_on,0,23517,34.1816655375,42,68,"{'type': 'note_on', 'time': 0, 'note': 22, 'velocity': 68, 'channel': 9}",-3,23520,196,-0.0043604625000000004,13,5,soul/groove3
13,5,38,0:882,note_on,3,23520,34.186026,38,94,"{'type': 'note_on', 'time': 3, 'note': 38, 'velocity': 94, 'channel': 9}",0,23520,196,0.0,13,5,soul/groove3
13,6,42,0:886,note_on,0,23640,34.3604445,42,22,"{'type': 'note_on', 'time': 0, 'note': 22, 'velocity': 22, 'channel': 9}",0,23640,197,0.0,13,6,soul/groove3
13,7,42,0:889,note_on,0,23764,34.54067695,42,10,"{'type': 'note_on', 'time': 0, 'note': 42, 'velocity': 10, 'channel': 9}",4,23760,198,0.00581395,13,7,soul/groove3
13,8,36,0:891,note_on,22,23856,34.6743978,36,27,"{'type': 'note_on', 'time': 22, 'note': 36, 'velocity': 27, 'channel': 9}",-24,23880,199,-0.034883700000000004,13,8,soul/groove3
13,8,42,0:893,note_on,0,23887,34.7194559125,42,60,"{'type': 'note_on', 'time': 0, 'note': 22, 'velocity': 60, 'channel': 9}",7,23880,199,0.0101744125,13,8,soul/groove3
13,9,42,0:897,note_on,0,23997,34.8793395375,42,29,"{'type': 'note_on', 'time': 0, 'note': 22, 'velocity': 29, 'channel': 9}",-3,24000,200,-0.0043604625000000004,13,9,soul/groove3
13,10,42,0:900,note_on,0,24123,35.0624789625,42,25,"{'type': 'note_on', 'time': 0, 'note': 42, 'velocity': 25, 'channel': 9}",3,24120,201,0.0043604625000000004,13,10,soul/groove3
13,10,36,0:901,note_on,3,24126,35.066839425,36,20,"{'type': 'note_on', 'time': 3, 'note': 36, 'velocity': 20, 'channel': 9}",6,24120,201,0.008720925000000001,13,10,soul/groove3
13,11,42,0:905,note_on,0,24240,35.232537,42,62,"{'type': 'note_on', 'time': 0, 'note': 22, 'velocity': 62, 'channel': 9}",0,24240,202,0.0,13,11,soul/groove3
13,11,36,0:906,note_on,2,24242,35.235443975,36,26,"{'type': 'note_on', 'time': 2, 'note': 36, 'velocity': 26, 'channel': 9}",2,24240,202,0.002906975,13,11,soul/groove3
13,12,42,0:910,note_on,0,24349,35.3909671375,42,32,"{'type': 'note_on', 'time': 0, 'note': 22, 'velocity': 32, 'channel': 9}",-11,24360,203,-0.0159883625,13,12,soul/groove3
13,13,42,0:913,note_on,0,24473,35.5711995875,42,67,"{'type': 'note_on', 'time': 0, 'note': 22, 'velocity': 67, 'channel': 9}",-7,24480,204,-0.0101744125,13,13,soul/groove3
13,13,38,0:914,note_on,3,24476,35.57556005,38,124,"{'type': 'note_on', 'time': 3, 'note': 38, 'velocity': 124, 'channel': 9}",-4,24480,204,-0.00581395,13,13,soul/groove3
13,14,42,0:918,note_on,0,24584,35.7325367,42,34,"{'type': 'note_on', 'time': 0, 'note': 22, 'velocity': 34, 'channel': 9}",-16,24600,205,-0.0232558,13,14,soul/groove3
13,14,36,0:919,note_on,7,24591,35.7427111125,36,31,"{'type': 'note_on', 'time': 7, 'note': 36, 'velocity': 31, 'channel': 9}",-9,24600,205,-0.0130813875,13,14,soul/groove3
13,15,38,0:922,note_on,15,24676,35.86625755,38,5,"{'type': 'note_on', 'time': 15, 'note': 38, 'velocity': 5, 'channel': 9}",-44,24720,206,-0.06395345,13,15,soul/groove3
13,15,42,0:924,note_on,0,24701,35.9025947375,42,47,"{'type': 'note_on', 'time': 0, 'note': 22, 'velocity': 47, 'channel': 9}",-19,24720,206,-0.0276162625,13,15,soul/groove3
13,16,42,0:928,note_on,0,24822,36.078466725,42,38,"{'type': 'note_on', 'time': 0, 'note': 22, 'velocity': 38, 'channel': 9}",-18,24840,207,-0.026162775,13,16,soul/groove3
13,16,36,0:929,note_on,16,24838,36.101722525,36,13,"{'type': 'note_on', 'time': 16, 'note': 36, 'velocity': 13, 'channel': 9}",-2,24840,207,-0.002906975,13,16,soul/groove3
14,1,42,0:933,note_on,0,24947,36.2601526625,42,58,"{'type': 'note_on', 'time': 0, 'note': 22, 'velocity': 58, 'channel': 9}",-13,24960,208,-0.0188953375,14,1,soul/groove3
14,1,36,0:934,note_on,10,24957,36.2746875375,36,31,"{'type': 'note_on', 'time': 10, 'note': 36, 'velocity': 31, 'channel': 9}",-3,24960,208,-0.0043604625000000004,14,1,soul/groove3
14,2,42,0:938,note_on,0,25062,36.427303725,42,28,"{'type': 'note_on', 'time': 0, 'note': 22, 'velocity': 28, 'channel': 9}",-18,25080,209,-0.026162775,14,2,soul/groove3
14,3,42,0:941,note_on,0,25187,36.6089896625,42,40,"{'type': 'note_on', 'time': 0, 'note': 22, 'velocity': 40, 'channel': 9}",-13,25200,210,-0.0188953375,14,3,soul/groove3
14,4,36,0:943,note_on,22,25278,36.741257025,36,35,"{'type': 'note_on', 'time': 22, 'note': 36, 'velocity': 35, 'channel': 9}",-42,25320,211,-0.061046475,14,4,soul/groove3
14,4,42,0:945,note_on,0,25302,36.776140725,42,30,"{'type': 'note_on', 'time': 0, 'note': 42, 'velocity': 30, 'channel': 9}",-18,25320,211,-0.026162775,14,4,soul/groove3
14,5,42,0:949,note_on,0,25427,36.9578266625,42,84,"{'type': 'note_on', 'time': 0, 'note': 22, 'velocity': 84, 'channel': 9}",-13,25440,212,-0.0188953375,14,5,soul/groove3
14,5,38,0:950,note_on,0,25427,36.9578266625,38,104,"{'type': 'note_on', 'time': 0, 'note': 38, 'velocity': 104, 'channel': 9}",-13,25440,212,-0.0188953375,14,5,soul/groove3
14,6,42,0:954,note_on,0,25544,37.1278847,42,26,"{'type': 'note_on', 'time': 0, 'note': 22, 'velocity': 26, 'channel': 9}",-16,25560,213,-0.0232558,14,6,soul/groove3
14,7,42,0:957,note_on,0,25657,37.2921287875,42,28,"{'type': 'note_on', 'time': 0, 'note': 42, 'velocity': 28, 'channel': 9}",-23,25680,214,-0.0334302125,14,7,soul/groove3
14,8,36,0:959,note_on,49,25776,37.4650938,36,36,"{'type': 'note_on', 'time': 49, 'note': 36, 'velocity': 36, 'channel': 9}",-24,25800,215,-0.034883700000000004,14,8,soul/groove3
14,8,46,0:961,note_on,0,25789,37.483989137500004,46,66,"{'type': 'note_on', 'time': 0, 'note': 26, 'velocity': 66, 'channel': 9}",-11,25800,215,-0.0159883625,14,8,soul/groove3
14,9,42,0:966,note_on,0,25897,37.6409657875,42,30,"{'type': 'note_on', 'time': 0, 'note': 22, 'velocity': 30, 'channel': 9}",-23,25920,216,-0.0334302125,14,9,soul/groove3
14,10,42,0:969,note_on,0,26022,37.822651725,42,32,"{'type': 'note_on', 'time': 0, 'note': 22, 'velocity': 32, 'channel': 9}",-18,26040,217,-0.026162775,14,10,soul/groove3
14,10,36,0:970,note_on,31,26053,37.8677098375,36,20,"{'type': 'note_on', 'time': 31, 'note': 36, 'velocity': 20, 'channel': 9}",13,26040,217,0.0188953375,14,10,soul/groove3
14,11,42,0:974,note_on,0,26151,38.0101516125,42,62,"{'type': 'note_on', 'time': 0, 'note': 22, 'velocity': 62, 'channel': 9}",-9,26160,218,-0.0130813875,14,11,soul/groove3
14,11,36,0:975,note_on,20,26171,38.0392213625,36,31,"{'type': 'note_on', 'time': 20, 'note': 36, 'velocity': 31, 'channel': 9}",11,26160,218,0.0159883625,14,11,soul/groove3
14,12,42,0:979,note_on,0,26266,38.177302675,42,32,"{'type': 'note_on', 'time': 0, 'note': 22, 'velocity': 32, 'channel': 9}",-14,26280,219,-0.020348825,14,12,soul/groove3
14,13,42,0:982,note_on,0,26396,38.36625605,42,72,"{'type': 'note_on', 'time': 0, 'note': 22, 'velocity': 72, 'channel': 9}",-4,26400,220,-0.00581395,14,13,soul/groove3
14,13,38,0:983,note_on,1,26397,38.3677095375,38,85,"{'type': 'note_on', 'time': 1, 'note': 38, 'velocity': 85, 'channel': 9}",-3,26400,220,-0.0043604625000000004,14,13,soul/groove3
14,14,38,0:986,note_on,17,26484,38.49416295,38,22,"{'type': 'note_on', 'time': 17, 'note': 38, 'velocity': 22, 'channel': 9}",-36,26520,221,-0.05232555,14,14,soul/groove3
14,14,42,0:988,note_on,0,26512,38.5348606,42,28,"{'type': 'note_on', 'time': 0, 'note': 22, 'velocity': 28, 'channel': 9}",-8,26520,221,-0.0116279,14,14,soul/groove3
14,14,36,0:989,note_on,4,26516,38.54067455,36,32,"{'type': 'note_on', 'time': 4, 'note': 36, 'velocity': 32, 'channel': 9}",-4,26520,221,-0.00581395,14,14,soul/groove3
14,15,38,0:993,note_on,28,26614,38.683116325,38,11,"{'type': 'note_on', 'time': 28, 'note': 38, 'velocity': 11, 'channel': 9}",-26,26640,222,-0.037790675,14,15,soul/groove3
14,15,42,0:995,note_on,0,26624,38.6976512,42,51,"{'type': 'note_on', 'time': 0, 'note': 22, 'velocity': 51, 'channel': 9}",-16,26640,222,-0.0232558,14,15,soul/groove3
14,16,42,0:999,note_on,0,26745,38.8735231875,42,34,"{'type': 'note_on', 'time': 0, 'note': 42, 'velocity': 34, 'channel': 9}",-15,26760,223,-0.0218023125,14,16,soul/groove3
14,16,36,0:1000,note_on,16,26761,38.8967789875,36,16,"{'type': 'note_on', 'time': 16, 'note': 36, 'velocity': 16, 'channel': 9}",1,26760,223,0.0014534875,14,16,soul/groove3
15,1,42,0:1004,note_on,0,26865,39.0479416875,42,70,"{'type': 'note_on', 'time': 0, 'note': 22, 'velocity': 70, 'channel': 9}",-15,26880,224,-0.0218023125,15,1,soul/groove3
15,1,36,0:1005,note_on,12,26877,39.0653835375,36,30,"{'type': 'note_on', 'time': 12, 'note': 36, 'velocity': 30, 'channel': 9}",-3,26880,224,-0.0043604625000000004,15,1,soul/groove3
15,2,42,0:1009,note_on,0,26987,39.2252671625,42,28,"{'type': 'note_on', 'time': 0, 'note': 22, 'velocity': 28, 'channel': 9}",-13,27000,225,-0.0188953375,15,2,soul/groove3
15,3,42,0:1012,note_on,0,27109,39.4025926375,42,36,"{'type': 'note_on', 'time': 0, 'note': 22, 'velocity': 36, 'channel': 9}",-11,27120,226,-0.0159883625,15,3,soul/groove3
15,4,36,0:1014,note_on,33,27211,39.5508483625,36,27,"{'type': 'note_on', 'time': 33, 'note': 36, 'velocity': 27, 'channel': 9}",-29,27240,227,-0.0421511375,15,4,soul/groove3
15,4,42,0:1016,note_on,0,27228,39.57555765,42,25,"{'type': 'note_on', 'time': 0, 'note': 42, 'velocity': 25, 'channel': 9}",-12,27240,227,-0.017441850000000002,15,4,soul/groove3
15,5,42,0:1020,note_on,0,27347,39.7485226625,42,80,"{'type': 'note_on', 'time': 0, 'note': 22, 'velocity': 80, 'channel': 9}",-13,27360,228,-0.0188953375,15,5,soul/groove3
15,5,38,0:1021,note_on,5,27352,39.7557901,38,86,"{'type': 'note_on', 'time': 5, 'note': 38, 'velocity': 86, 'channel': 9}",-8,27360,228,-0.0116279,15,5,soul/groove3
15,6,42,0:1025,note_on,0,27470,39.927301625,42,28,"{'type': 'note_on', 'time': 0, 'note': 22, 'velocity': 28, 'channel': 9}",-10,27480,229,-0.014534875,15,6,soul/groove3
15,7,42,0:1028,note_on,0,27589,40.1002666375,42,33,"{'type': 'note_on', 'time': 0, 'note': 22, 'velocity': 33, 'channel': 9}",-11,27600,230,-0.0159883625,15,7,soul/groove3
15,8,36,0:1030,note_on,42,27700,40.26160375,36,31,"{'type': 'note_on', 'time': 42, 'note': 36, 'velocity': 31, 'channel': 9}",-20,27720,231,-0.02906975,15,8,soul/groove3
15,8,42,0:1032,note_on,0,27712,40.2790456,42,55,"{'type': 'note_on', 'time': 0, 'note': 22, 'velocity': 55, 'channel': 9}",-8,27720,231,-0.0116279,15,8,soul/groove3
15,9,42,0:1036,note_on,0,27821,40.4374757375,42,33,"{'type': 'note_on', 'time': 0, 'note': 22, 'velocity': 33, 'channel': 9}",-19,27840,232,-0.0276162625,15,9,soul/groove3
15,10,42,0:1039,note_on,0,27951,40.6264291125,42,39,"{'type': 'note_on', 'time': 0, 'note': 22, 'velocity': 39, 'channel': 9}",-9,27960,233,-0.0130813875,15,10,soul/groove3
15,10,36,0:1040,note_on,7,27958,40.636603525,36,23,"{'type': 'note_on', 'time': 7, 'note': 36, 'velocity': 23, 'channel': 9}",-2,27960,233,-0.002906975,15,10,soul/groove3
15,11,42,0:1044,note_on,0,28069,40.7979406375,42,59,"{'type': 'note_on', 'time': 0, 'note': 22, 'velocity': 59, 'channel': 9}",-11,28080,234,-0.0159883625,15,11,soul/groove3
15,11,36,0:1045,note_on,3,28072,40.8023011,36,32,"{'type': 'note_on', 'time': 3, 'note': 36, 'velocity': 32, 'channel': 9}",-8,28080,234,-0.0116279,15,11,soul/groove3
15,12,42,0:1049,note_on,0,28184,40.9650917,42,38,"{'type': 'note_on', 'time': 0, 'note': 22, 'velocity': 38, 'channel': 9}",-16,28200,235,-0.0232558,15,12,soul/groove3
15,13,42,0:1052,note_on,0,28309,41.1467776375,42,62,"{'type': 'note_on', 'time': 0, 'note': 22, 'velocity': 62, 'channel': 9}",-11,28320,236,-0.0159883625,15,13,soul/groove3
15,13,38,0:1053,note_on,6,28315,41.1554985625,38,88,"{'type': 'note_on', 'time': 6, 'note': 38, 'velocity': 88, 'channel': 9}",-5,28320,236,-0.0072674375,15,13,soul/groove3
15,14,42,0:1057,note_on,1,28424,41.3139287,42,34,"{'type': 'note_on', 'time': 1, 'note': 22, 'velocity': 34, 'channel': 9}",-16,28440,237,-0.0232558,15,14,soul/groove3
15,14,36,0:1058,note_on,10,28434,41.328463575,36,34,"{'type': 'note_on', 'time': 10, 'note': 36, 'velocity': 34, 'channel': 9}",-6,28440,237,-0.008720925000000001,15,14,soul/groove3
15,15,42,0:1062,note_on,0,28549,41.4956146375,42,50,"{'type': 'note_on', 'time': 0, 'note': 22, 'velocity': 50, 'channel': 9}",-11,28560,238,-0.0159883625,15,15,soul/groove3
15,16,36,0:1064,note_on,46,28665,41.6642191875,36,19,"{'type': 'note_on', 'time': 46, 'note': 36, 'velocity': 19, 'channel': 9}",-15,28680,239,-0.0218023125,15,16,soul/groove3
15,16,42,0:1066,note_on,0,28678,41.683114525,42,38,"{'type': 'note_on', 'time': 0, 'note': 42, 'velocity': 38, 'channel': 9}",-2,28680,239,-0.002906975,15,16,soul/groove3
16,1,42,0:1070,note_on,0,28790,41.845905125,42,52,"{'type': 'note_on', 'time': 0, 'note': 22, 'velocity': 52, 'channel': 9}",-10,28800,240,-0.014534875,16,1,soul/groove3
16,1,36,0:1071,note_on,9,28799,41.8589865125,36,38,"{'type': 'note_on', 'time': 9, 'note': 36, 'velocity': 38, 'channel': 9}",-1,28800,240,-0.0014534875,16,1,soul/groove3
16,2,42,0:1075,note_on,0,28907,42.0159631625,42,20,"{'type': 'note_on', 'time': 0, 'note': 22, 'velocity': 20, 'channel': 9}",-13,28920,241,-0.0188953375,16,2,soul/groove3
16,3,42,0:1078,note_on,0,29026,42.188928175,42,39,"{'type': 'note_on', 'time': 0, 'note': 22, 'velocity': 39, 'channel': 9}",-14,29040,242,-0.020348825,16,3,soul/groove3
16,4,36,0:1080,note_on,50,29145,42.3618931875,36,27,"{'type': 'note_on', 'time': 50, 'note': 36, 'velocity': 27, 'channel': 9}",-15,29160,243,-0.0218023125,16,4,soul/groove3
16,4,42,0:1082,note_on,0,29148,42.36625365,42,17,"{'type': 'note_on', 'time': 0, 'note': 42, 'velocity': 17, 'channel': 9}",-12,29160,243,-0.017441850000000002,16,4,soul/groove3
16,5,46,0:1086,note_on,0,29271,42.5450326125,46,60,"{'type': 'note_on', 'time': 0, 'note': 26, 'velocity': 60, 'channel': 9}",-9,29280,244,-0.0130813875,16,5,soul/groove3
16,5,38,0:1087,note_on,2,29273,42.5479395875,38,98,"{'type': 'note_on', 'time': 2, 'note': 40, 'velocity': 98, 'channel': 9}",-7,29280,244,-0.0101744125,16,5,soul/groove3
16,6,42,0:1092,note_on,0,29388,42.71509065,42,15,"{'type': 'note_on', 'time': 0, 'note': 42, 'velocity': 15, 'channel': 9}",-12,29400,245,-0.017441850000000002,16,6,soul/groove3
16,6,38,0:1093,note_on,34,29422,42.764509225,38,6,"{'type': 'note_on', 'time': 34, 'note': 38, 'velocity': 6, 'channel': 9}",22,29400,245,0.031976725,16,6,soul/groove3
16,7,42,0:1097,note_on,0,29508,42.88950915,42,39,"{'type': 'note_on', 'time': 0, 'note': 22, 'velocity': 39, 'channel': 9}",-12,29520,246,-0.017441850000000002,16,7,soul/groove3
16,8,36,0:1099,note_on,47,29625,43.0595671875,36,28,"{'type': 'note_on', 'time': 47, 'note': 36, 'velocity': 28, 'channel': 9}",-15,29640,247,-0.0218023125,16,8,soul/groove3
16,8,42,0:1101,note_on,0,29635,43.0741020625,42,57,"{'type': 'note_on', 'time': 0, 'note': 22, 'velocity': 57, 'channel': 9}",-5,29640,247,-0.0072674375,16,8,soul/groove3
16,9,42,0:1105,note_on,0,29749,43.2397996375,42,18,"{'type': 'note_on', 'time': 0, 'note': 22, 'velocity': 18, 'channel': 9}",-11,29760,248,-0.0159883625,16,9,soul/groove3
16,10,42,0:1108,note_on,0,29870,43.415671625,42,36,"{'type': 'note_on', 'time': 0, 'note': 22, 'velocity': 36, 'channel': 9}",-10,29880,249,-0.014534875,16,10,soul/groove3
16,10,36,0:1109,note_on,6,29876,43.42439255,36,16,"{'type': 'note_on', 'time': 6, 'note': 36, 'velocity': 16, 'channel': 9}",-4,29880,249,-0.00581395,16,10,soul/groove3
16,11,42,0:1113,note_on,0,29987,43.5857296625,42,47,"{'type': 'note_on', 'time': 0, 'note': 22, 'velocity': 47, 'channel': 9}",-13,30000,250,-0.0188953375,16,11,soul/groove3
16,11,36,0:1114,note_on,16,30003,43.6089854625,36,28,"{'type': 'note_on', 'time': 16, 'note': 36, 'velocity': 28, 'channel': 9}",3,30000,250,0.0043604625000000004,16,11,soul/groove3
16,12,42,0:1118,note_on,0,30107,43.7601481625,42,22,"{'type': 'note_on', 'time': 0, 'note': 22, 'velocity': 22, 'channel': 9}",-13,30120,251,-0.0188953375,16,12,soul/groove3
16,13,42,0:1121,note_on,0,30231,43.9403806125,42,63,"{'type': 'note_on', 'time': 0, 'note': 22, 'velocity': 63, 'channel': 9}",-9,30240,252,-0.0130813875,16,13,soul/groove3
16,13,38,0:1122,note_on,4,30235,43.9461945625,38,75,"{'type': 'note_on', 'time': 4, 'note': 38, 'velocity': 75, 'channel': 9}",-5,30240,252,-0.0072674375,16,13,soul/groove3
16,14,38,0:1125,note_on,14,30318,44.066834025,38,34,"{'type': 'note_on', 'time': 14, 'note': 38, 'velocity': 34, 'channel': 9}",-42,30360,253,-0.061046475,16,14,soul/groove3
16,14,42,0:1127,note_on,0,30351,44.1147991125,42,24,"{'type': 'note_on', 'time': 0, 'note': 22, 'velocity': 24, 'channel': 9}",-9,30360,253,-0.0130813875,16,14,soul/groove3
16,14,36,0:1128,note_on,5,30356,44.12206655,36,32,"{'type': 'note_on', 'time': 5, 'note': 36, 'velocity': 32, 'channel': 9}",-4,30360,253,-0.00581395,16,14,soul/groove3
16,15,42,0:1133,note_on,0,30468,44.28485715,42,44,"{'type': 'note_on', 'time': 0, 'note': 22, 'velocity': 44, 'channel': 9}",-12,30480,254,-0.017441850000000002,16,15,soul/groove3
16,16,42,0:1140,note_on,0,30574,44.438926825,42,12,"{'type': 'note_on', 'time': 0, 'note': 42, 'velocity': 12, 'channel': 9}",-26,30600,255,-0.037790675,16,16,soul/groove3
16,16,36,0:1141,note_on,13,30587,44.4578221625,36,15,"{'type': 'note_on', 'time': 13, 'note': 36, 'velocity': 15, 'channel': 9}",-13,30600,255,-0.0188953375,16,16,soul/groove3
