bar_number,bar_beat_number,note,track_msg_num,msg_type,delta_ticks,total_ticks,total_seconds,note,velocity,raw_data,beat_offset,beat_center,file_beat_number,beat_offset_ms,bar_number,bar_beat_number,style
1,1,42,0:6,note_on,0,0,0.0,42,32,"{'type': 'note_on', 'time': 0, 'note': 42, 'velocity': 32, 'channel': 9}",0,0,0,0.0,1,1,soul/groove3
1,1,36,0:7,note_on,0,0,0.0,36,60,"{'type': 'note_on', 'time': 0, 'note': 36, 'velocity': 60, 'channel': 9}",0,0,0,0.0,1,1,soul/groove3
1,1,38,0:8,note_on,1,1,0.0014534875,38,15,"{'type': 'note_on', 'time': 1, 'note': 38, 'velocity': 15, 'channel': 9}",1,0,0,0.0014534875,1,1,soul/groove3
1,2,42,0:13,note_on,0,120,0.1744185,42,18,"{'type': 'note_on', 'time': 0, 'note': 42, 'velocity': 18, 'channel': 9}",0,120,1,0.0,1,2,soul/groove3
1,3,42,0:16,note_on,0,243,0.3531974625,42,60,"{'type': 'note_on', 'time': 0, 'note': 22, 'velocity': 60, 'channel': 9}",3,240,2,0.0043604625000000004,1,3,soul/groove3
1,4,42,0:19,note_on,0,363,0.5276159625,42,24,"{'type': 'note_on', 'time': 0, 'note': 42, 'velocity': 24, 'channel': 9}",3,360,3,0.0043604625000000004,1,4,soul/groove3
1,4,36,0:20,note_on,1,364,0.52906945,36,52,"{'type': 'note_on', 'time': 1, 'note': 36, 'velocity': 52, 'channel': 9}",4,360,3,0.00581395,1,4,soul/groove3
1,5,38,0:24,note_on,0,489,0.7107553875,38,102,"{'type': 'note_on', 'time': 0, 'note': 40, 'velocity': 102, 'channel': 9}",9,480,4,0.0130813875,1,5,soul/groove3
1,5,42,0:25,note_on,0,489,0.7107553875,42,46,"{'type': 'note_on', 'time': 0, 'note': 42, 'velocity': 46, 'channel': 9}",9,480,4,0.0130813875,1,5,soul/groove3
1,6,42,0:29,note_on,0,598,0.869185525,42,28,"{'type': 'note_on', 'time': 0, 'note': 42, 'velocity': 28, 'channel': 9}",-2,600,5,-0.002906975,1,6,soul/groove3
1,7,42,0:32,note_on,0,709,1.0305226375,42,53,"{'type': 'note_on', 'time': 0, 'note': 22, 'velocity': 53, 'channel': 9}",-11,720,6,-0.0159883625,1,7,soul/groove3
1,8,42,0:35,note_on,0,830,1.206394625,42,27,"{'type': 'note_on', 'time': 0, 'note': 42, 'velocity': 27, 'channel': 9}",-10,840,7,-0.014534875,1,8,soul/groove3
1,8,38,0:36,note_on,1,831,1.2078481125,38,31,"{'type': 'note_on', 'time': 1, 'note': 38, 'velocity': 31, 'channel': 9}",-9,840,7,-0.0130813875,1,8,soul/groove3
1,9,42,0:40,note_on,0,943,1.3706387125,42,40,"{'type': 'note_on', 'time': 0, 'note': 42, 'velocity': 40, 'channel': 9}",-17,960,8,-0.0247092875,1,9,soul/groove3
1,10,42,0:44,note_on,0,1058,1.537789775,42,40,"{'type': 'note_on', 'time': 0, 'note': 42, 'velocity': 40, 'channel': 9}",-22,1080,9,-0.031976725,1,10,soul/groove3
1,10,36,0:45,note_on,28,1086,1.578487425,36,45,"{'type': 'note_on', 'time': 28, 'note': 36, 'velocity': 45, 'channel': 9}",6,1080,9,0.008720925000000001,1,10,soul/groove3
1,11,42,0:52,note_on,0,1184,1.7209292,42,28,"{'type': 'note_on', 'time': 0, 'note': 42, 'velocity': 28, 'channel': 9}",-16,1200,10,-0.0232558,1,11,soul/groove3
1,11,36,0:53,note_on,14,1198,1.741278025,36,60,"{'type': 'note_on', 'time': 14, 'note': 36, 'velocity': 60, 'channel': 9}",-2,1200,10,-0.002906975,1,11,soul/groove3
1,12,42,0:57,note_on,0,1297,1.8851732875,42,36,"{'type': 'note_on', 'time': 0, 'note': 42, 'velocity': 36, 'channel': 9}",-23,1320,11,-0.0334302125,1,12,soul/groove3
1,13,42,0:60,note_on,0,1423,2.0683127125,42,63,"{'type': 'note_on', 'time': 0, 'note': 42, 'velocity': 63, 'channel': 9}",-17,1440,12,-0.0247092875,1,13,soul/groove3
1,13,38,0:61,note_on,2,1425,2.0712196875,38,91,"{'type': 'note_on', 'time': 2, 'note': 40, 'velocity': 91, 'channel': 9}",-15,1440,12,-0.0218023125,1,13,soul/groove3
1,14,42,0:65,note_on,0,1553,2.2572660875,42,39,"{'type': 'note_on', 'time': 0, 'note': 42, 'velocity': 39, 'channel': 9}",-7,1560,13,-0.0101744125,1,14,soul/groove3
1,14,36,0:66,note_on,4,1557,2.2630800375,36,56,"{'type': 'note_on', 'time': 4, 'note': 36, 'velocity': 56, 'channel': 9}",-3,1560,13,-0.0043604625000000004,1,14,soul/groove3
1,14,38,0:67,note_on,56,1613,2.3444753375,38,5,"{'type': 'note_on', 'time': 56, 'note': 38, 'velocity': 5, 'channel': 9}",53,1560,13,0.0770348375,1,14,soul/groove3
1,15,42,0:71,note_on,0,1667,2.4229636625,42,49,"{'type': 'note_on', 'time': 0, 'note': 42, 'velocity': 49, 'channel': 9}",-13,1680,14,-0.0188953375,1,15,soul/groove3
1,16,42,0:75,note_on,0,1786,2.595928675,42,38,"{'type': 'note_on', 'time': 0, 'note': 42, 'velocity': 38, 'channel': 9}",-14,1800,15,-0.020348825,1,16,soul/groove3
1,16,38,0:76,note_on,9,1795,2.6090100625,38,38,"{'type': 'note_on', 'time': 9, 'note': 38, 'velocity': 38, 'channel': 9}",-5,1800,15,-0.0072674375,1,16,soul/groove3
2,1,36,0:79,note_on,40,1904,2.7674402,36,49,"{'type': 'note_on', 'time': 40, 'note': 36, 'velocity': 49, 'channel': 9}",-16,1920,16,-0.0232558,2,1,soul/groove3
2,1,42,0:81,note_on,0,1906,2.770347175,42,38,"{'type': 'note_on', 'time': 0, 'note': 42, 'velocity': 38, 'channel': 9}",-14,1920,16,-0.020348825,2,1,soul/groove3
2,2,42,0:85,note_on,0,2025,2.9433121875,42,38,"{'type': 'note_on', 'time': 0, 'note': 42, 'velocity': 38, 'channel': 9}",-15,2040,17,-0.0218023125,2,2,soul/groove3
2,2,38,0:86,note_on,7,2032,2.9534866,38,26,"{'type': 'note_on', 'time': 7, 'note': 38, 'velocity': 26, 'channel': 9}",-8,2040,17,-0.0116279,2,2,soul/groove3
2,3,38,0:90,note_on,0,2145,3.1177306875,38,30,"{'type': 'note_on', 'time': 0, 'note': 38, 'velocity': 30, 'channel': 9}",-15,2160,18,-0.0218023125,2,3,soul/groove3
2,3,42,0:91,note_on,0,2145,3.1177306875,42,54,"{'type': 'note_on', 'time': 0, 'note': 42, 'velocity': 54, 'channel': 9}",-15,2160,18,-0.0218023125,2,3,soul/groove3
2,4,42,0:95,note_on,0,2262,3.287788725,42,37,"{'type': 'note_on', 'time': 0, 'note': 42, 'velocity': 37, 'channel': 9}",-18,2280,19,-0.026162775,2,4,soul/groove3
2,4,36,0:96,note_on,6,2268,3.29650965,36,57,"{'type': 'note_on', 'time': 6, 'note': 36, 'velocity': 57, 'channel': 9}",-12,2280,19,-0.017441850000000002,2,4,soul/groove3
2,5,38,0:99,note_on,44,2381,3.4607537375,38,89,"{'type': 'note_on', 'time': 44, 'note': 37, 'velocity': 89, 'channel': 9}",-19,2400,20,-0.0276162625,2,5,soul/groove3
2,5,42,0:101,note_on,0,2383,3.4636607125,42,50,"{'type': 'note_on', 'time': 0, 'note': 42, 'velocity': 50, 'channel': 9}",-17,2400,20,-0.0247092875,2,5,soul/groove3
2,6,42,0:105,note_on,0,2508,3.64534665,42,39,"{'type': 'note_on', 'time': 0, 'note': 42, 'velocity': 39, 'channel': 9}",-12,2520,21,-0.017441850000000002,2,6,soul/groove3
2,7,42,0:108,note_on,0,2623,3.8124977125,42,53,"{'type': 'note_on', 'time': 0, 'note': 22, 'velocity': 53, 'channel': 9}",-17,2640,22,-0.0247092875,2,7,soul/groove3
2,8,42,0:111,note_on,0,2744,3.9883697,42,53,"{'type': 'note_on', 'time': 0, 'note': 42, 'velocity': 53, 'channel': 9}",-16,2760,23,-0.0232558,2,8,soul/groove3
2,8,38,0:112,note_on,12,2756,4.00581155,38,23,"{'type': 'note_on', 'time': 12, 'note': 38, 'velocity': 23, 'channel': 9}",-4,2760,23,-0.00581395,2,8,soul/groove3
2,9,42,0:116,note_on,0,2858,4.154067275,42,40,"{'type': 'note_on', 'time': 0, 'note': 42, 'velocity': 40, 'channel': 9}",-22,2880,24,-0.031976725,2,9,soul/groove3
2,10,38,0:118,note_on,40,2968,4.3139509,38,27,"{'type': 'note_on', 'time': 40, 'note': 38, 'velocity': 27, 'channel': 9}",-32,3000,25,-0.0465116,2,10,soul/groove3
2,10,42,0:120,note_on,0,2969,4.3154043875,42,49,"{'type': 'note_on', 'time': 0, 'note': 42, 'velocity': 49, 'channel': 9}",-31,3000,25,-0.0450581125,2,10,soul/groove3
2,10,36,0:121,note_on,2,2971,4.3183113625,36,44,"{'type': 'note_on', 'time': 2, 'note': 36, 'velocity': 44, 'channel': 9}",-29,3000,25,-0.0421511375,2,10,soul/groove3
2,11,42,0:126,note_on,0,3084,4.48255545,42,39,"{'type': 'note_on', 'time': 0, 'note': 42, 'velocity': 39, 'channel': 9}",-36,3120,26,-0.05232555,2,11,soul/groove3
2,11,36,0:127,note_on,14,3098,4.502904275,36,59,"{'type': 'note_on', 'time': 14, 'note': 36, 'velocity': 59, 'channel': 9}",-22,3120,26,-0.031976725,2,11,soul/groove3
2,12,42,0:131,note_on,0,3199,4.6497065125,42,46,"{'type': 'note_on', 'time': 0, 'note': 42, 'velocity': 46, 'channel': 9}",-41,3240,27,-0.0595929875,2,12,soul/groove3
2,13,42,0:134,note_on,0,3329,4.8386598875,42,57,"{'type': 'note_on', 'time': 0, 'note': 42, 'velocity': 57, 'channel': 9}",-31,3360,28,-0.0450581125,2,13,soul/groove3
2,13,38,0:135,note_on,3,3332,4.84302035,38,93,"{'type': 'note_on', 'time': 3, 'note': 40, 'velocity': 93, 'channel': 9}",-28,3360,28,-0.04069765,2,13,soul/groove3
2,14,36,0:138,note_on,59,3461,5.0305202375,36,59,"{'type': 'note_on', 'time': 59, 'note': 36, 'velocity': 59, 'channel': 9}",-19,3480,29,-0.0276162625,2,14,soul/groove3
2,14,42,0:140,note_on,0,3462,5.031973725,42,35,"{'type': 'note_on', 'time': 0, 'note': 42, 'velocity': 35, 'channel': 9}",-18,3480,29,-0.026162775,2,14,soul/groove3
2,15,42,0:144,note_on,0,3572,5.19185735,42,46,"{'type': 'note_on', 'time': 0, 'note': 42, 'velocity': 46, 'channel': 9}",-28,3600,30,-0.04069765,2,15,soul/groove3
2,16,38,0:146,note_on,43,3685,5.3561014375000005,38,43,"{'type': 'note_on', 'time': 43, 'note': 38, 'velocity': 43, 'channel': 9}",-35,3720,31,-0.0508720625,2,16,soul/groove3
2,16,42,0:148,note_on,0,3696,5.3720898,42,39,"{'type': 'note_on', 'time': 0, 'note': 42, 'velocity': 39, 'channel': 9}",-24,3720,31,-0.034883700000000004,2,16,soul/groove3
3,1,36,0:151,note_on,30,3796,5.51743855,36,56,"{'type': 'note_on', 'time': 30, 'note': 36, 'velocity': 56, 'channel': 9}",-44,3840,32,-0.06395345,3,1,soul/groove3
3,1,42,0:153,note_on,0,3811,5.5392408625,42,38,"{'type': 'note_on', 'time': 0, 'note': 42, 'velocity': 38, 'channel': 9}",-29,3840,32,-0.0421511375,3,1,soul/groove3
3,2,42,0:157,note_on,0,3925,5.7049384375,42,39,"{'type': 'note_on', 'time': 0, 'note': 42, 'velocity': 39, 'channel': 9}",-35,3960,33,-0.0508720625,3,2,soul/groove3
3,2,38,0:158,note_on,8,3933,5.7165663375,38,15,"{'type': 'note_on', 'time': 8, 'note': 38, 'velocity': 15, 'channel': 9}",-27,3960,33,-0.0392441625,3,2,soul/groove3
3,3,38,0:161,note_on,42,4044,5.87790345,38,39,"{'type': 'note_on', 'time': 42, 'note': 38, 'velocity': 39, 'channel': 9}",-36,4080,34,-0.05232555,3,3,soul/groove3
3,3,42,0:163,note_on,0,4053,5.8909848375000005,42,41,"{'type': 'note_on', 'time': 0, 'note': 42, 'velocity': 41, 'channel': 9}",-27,4080,34,-0.0392441625,3,3,soul/groove3
3,4,36,0:167,note_on,0,4170,6.061042875,36,58,"{'type': 'note_on', 'time': 0, 'note': 36, 'velocity': 58, 'channel': 9}",-30,4200,35,-0.043604625,3,4,soul/groove3
3,4,42,0:168,note_on,0,4170,6.061042875,42,37,"{'type': 'note_on', 'time': 0, 'note': 42, 'velocity': 37, 'channel': 9}",-30,4200,35,-0.043604625,3,4,soul/groove3
3,5,38,0:171,note_on,51,4291,6.2369148625,38,116,"{'type': 'note_on', 'time': 51, 'note': 40, 'velocity': 116, 'channel': 9}",-29,4320,36,-0.0421511375,3,5,soul/groove3
3,5,42,0:173,note_on,0,4304,6.2558102,42,31,"{'type': 'note_on', 'time': 0, 'note': 42, 'velocity': 31, 'channel': 9}",-16,4320,36,-0.0232558,3,5,soul/groove3
3,6,42,0:177,note_on,0,4431,6.4404031125,42,20,"{'type': 'note_on', 'time': 0, 'note': 42, 'velocity': 20, 'channel': 9}",-9,4440,37,-0.0130813875,3,6,soul/groove3
3,7,42,0:180,note_on,0,4541,6.6002867375,42,38,"{'type': 'note_on', 'time': 0, 'note': 42, 'velocity': 38, 'channel': 9}",-19,4560,38,-0.0276162625,3,7,soul/groove3
3,8,38,0:182,note_on,45,4656,6.7674378,38,31,"{'type': 'note_on', 'time': 45, 'note': 38, 'velocity': 31, 'channel': 9}",-24,4680,39,-0.034883700000000004,3,8,soul/groove3
3,8,42,0:184,note_on,0,4660,6.77325175,42,34,"{'type': 'note_on', 'time': 0, 'note': 42, 'velocity': 34, 'channel': 9}",-20,4680,39,-0.02906975,3,8,soul/groove3
3,9,42,0:188,note_on,0,4778,6.944763275,42,24,"{'type': 'note_on', 'time': 0, 'note': 42, 'velocity': 24, 'channel': 9}",-22,4800,40,-0.031976725,3,9,soul/groove3
3,10,36,0:191,note_on,0,4893,7.1119143375,36,47,"{'type': 'note_on', 'time': 0, 'note': 36, 'velocity': 47, 'channel': 9}",-27,4920,41,-0.0392441625,3,10,soul/groove3
3,10,42,0:192,note_on,0,4893,7.1119143375,42,34,"{'type': 'note_on', 'time': 0, 'note': 42, 'velocity': 34, 'channel': 9}",-27,4920,41,-0.0392441625,3,10,soul/groove3
3,10,38,0:193,note_on,16,4909,7.1351701375,38,31,"{'type': 'note_on', 'time': 16, 'note': 38, 'velocity': 31, 'channel': 9}",-11,4920,41,-0.0159883625,3,10,soul/groove3
3,11,42,0:198,note_on,0,5014,7.287786325,42,36,"{'type': 'note_on', 'time': 0, 'note': 42, 'velocity': 36, 'channel': 9}",-26,5040,42,-0.037790675,3,11,soul/groove3
3,11,36,0:199,note_on,20,5034,7.3168560750000005,36,56,"{'type': 'note_on', 'time': 20, 'note': 36, 'velocity': 56, 'channel': 9}",-6,5040,42,-0.008720925000000001,3,11,soul/groove3
3,12,42,0:203,note_on,0,5137,7.4665652875,42,36,"{'type': 'note_on', 'time': 0, 'note': 42, 'velocity': 36, 'channel': 9}",-23,5160,43,-0.0334302125,3,12,soul/groove3
3,13,38,0:205,note_on,54,5260,7.64534425,38,88,"{'type': 'note_on', 'time': 54, 'note': 37, 'velocity': 88, 'channel': 9}",-20,5280,44,-0.02906975,3,13,soul/groove3
3,13,42,0:207,note_on,0,5262,7.648251225,42,43,"{'type': 'note_on', 'time': 0, 'note': 42, 'velocity': 43, 'channel': 9}",-18,5280,44,-0.026162775,3,13,soul/groove3
3,14,42,0:211,note_on,0,5387,7.8299371625,42,23,"{'type': 'note_on', 'time': 0, 'note': 42, 'velocity': 23, 'channel': 9}",-13,5400,45,-0.0188953375,3,14,soul/groove3
3,14,36,0:212,note_on,1,5388,7.83139065,36,58,"{'type': 'note_on', 'time': 1, 'note': 36, 'velocity': 58, 'channel': 9}",-12,5400,45,-0.017441850000000002,3,14,soul/groove3
3,15,42,0:216,note_on,0,5497,7.9898207875,42,34,"{'type': 'note_on', 'time': 0, 'note': 42, 'velocity': 34, 'channel': 9}",-23,5520,46,-0.0334302125,3,15,soul/groove3
3,16,42,0:219,note_on,0,5617,8.1642392875,42,37,"{'type': 'note_on', 'time': 0, 'note': 42, 'velocity': 37, 'channel': 9}",-23,5640,47,-0.0334302125,3,16,soul/groove3
3,16,38,0:220,note_on,11,5628,8.18022765,38,34,"{'type': 'note_on', 'time': 11, 'note': 38, 'velocity': 34, 'channel': 9}",-12,5640,47,-0.017441850000000002,3,16,soul/groove3
4,1,36,0:223,note_on,36,5733,8.3328438375,36,55,"{'type': 'note_on', 'time': 36, 'note': 36, 'velocity': 55, 'channel': 9}",-27,5760,48,-0.0392441625,4,1,soul/groove3
4,1,42,0:225,note_on,0,5741,8.3444717375,42,32,"{'type': 'note_on', 'time': 0, 'note': 42, 'velocity': 32, 'channel': 9}",-19,5760,48,-0.0276162625,4,1,soul/groove3
4,2,42,0:229,note_on,0,5859,8.5159832625,42,34,"{'type': 'note_on', 'time': 0, 'note': 42, 'velocity': 34, 'channel': 9}",-21,5880,49,-0.0305232375,4,2,soul/groove3
4,2,38,0:230,note_on,8,5867,8.5276111625,38,25,"{'type': 'note_on', 'time': 8, 'note': 38, 'velocity': 25, 'channel': 9}",-13,5880,49,-0.0188953375,4,2,soul/groove3
4,3,38,0:233,note_on,40,5977,8.6874947875,38,25,"{'type': 'note_on', 'time': 40, 'note': 38, 'velocity': 25, 'channel': 9}",-23,6000,50,-0.0334302125,4,3,soul/groove3
4,3,42,0:235,note_on,0,5980,8.69185525,42,34,"{'type': 'note_on', 'time': 0, 'note': 42, 'velocity': 34, 'channel': 9}",-20,6000,50,-0.02906975,4,3,soul/groove3
4,4,36,0:238,note_on,47,6096,8.8604598,36,57,"{'type': 'note_on', 'time': 47, 'note': 36, 'velocity': 57, 'channel': 9}",-24,6120,51,-0.034883700000000004,4,4,soul/groove3
4,4,42,0:240,note_on,0,6097,8.8619132875,42,30,"{'type': 'note_on', 'time': 0, 'note': 42, 'velocity': 30, 'channel': 9}",-23,6120,51,-0.0334302125,4,4,soul/groove3
4,5,38,0:243,note_on,51,6218,9.037785275,38,98,"{'type': 'note_on', 'time': 51, 'note': 40, 'velocity': 98, 'channel': 9}",-22,6240,52,-0.031976725,4,5,soul/groove3
4,5,42,0:245,note_on,0,6224,9.0465062,42,38,"{'type': 'note_on', 'time': 0, 'note': 42, 'velocity': 38, 'channel': 9}",-16,6240,52,-0.0232558,4,5,soul/groove3
4,6,42,0:249,note_on,0,6342,9.218017725,42,28,"{'type': 'note_on', 'time': 0, 'note': 42, 'velocity': 28, 'channel': 9}",-18,6360,53,-0.026162775,4,6,soul/groove3
4,7,38,0:251,note_on,31,6443,9.3648199625,38,5,"{'type': 'note_on', 'time': 31, 'note': 38, 'velocity': 5, 'channel': 9}",-37,6480,54,-0.0537790375,4,7,soul/groove3
4,7,42,0:253,note_on,0,6461,9.3909827375,42,37,"{'type': 'note_on', 'time': 0, 'note': 42, 'velocity': 37, 'channel': 9}",-19,6480,54,-0.0276162625,4,7,soul/groove3
4,8,38,0:257,note_on,0,6589,9.5770291375,38,32,"{'type': 'note_on', 'time': 0, 'note': 38, 'velocity': 32, 'channel': 9}",-11,6600,55,-0.0159883625,4,8,soul/groove3
4,8,42,0:258,note_on,0,6589,9.5770291375,42,34,"{'type': 'note_on', 'time': 0, 'note': 42, 'velocity': 34, 'channel': 9}",-11,6600,55,-0.0159883625,4,8,soul/groove3
4,9,42,0:262,note_on,0,6704,9.7441802,42,26,"{'type': 'note_on', 'time': 0, 'note': 42, 'velocity': 26, 'channel': 9}",-16,6720,56,-0.0232558,4,9,soul/groove3
4,10,36,0:264,note_on,31,6804,9.88952895,36,25,"{'type': 'note_on', 'time': 31, 'note': 36, 'velocity': 25, 'channel': 9}",-36,6840,57,-0.05232555,4,10,soul/groove3
4,10,42,0:266,note_on,0,6817,9.9084242875,42,36,"{'type': 'note_on', 'time': 0, 'note': 42, 'velocity': 36, 'channel': 9}",-23,6840,57,-0.0334302125,4,10,soul/groove3
4,10,38,0:267,note_on,8,6825,9.9200521875,38,36,"{'type': 'note_on', 'time': 8, 'note': 38, 'velocity': 36, 'channel': 9}",-15,6840,57,-0.0218023125,4,10,soul/groove3
4,11,36,0:271,note_on,41,6936,10.0813893,36,57,"{'type': 'note_on', 'time': 41, 'note': 36, 'velocity': 57, 'channel': 9}",-24,6960,58,-0.034883700000000004,4,11,soul/groove3
4,11,42,0:273,note_on,0,6946,10.095924175,42,25,"{'type': 'note_on', 'time': 0, 'note': 42, 'velocity': 25, 'channel': 9}",-14,6960,58,-0.020348825,4,11,soul/groove3
4,12,42,0:277,note_on,0,7057,10.2572612875,42,35,"{'type': 'note_on', 'time': 0, 'note': 42, 'velocity': 35, 'channel': 9}",-23,7080,59,-0.0334302125,4,12,soul/groove3
4,13,38,0:279,note_on,52,7178,10.433133275,38,109,"{'type': 'note_on', 'time': 52, 'note': 40, 'velocity': 109, 'channel': 9}",-22,7200,60,-0.031976725,4,13,soul/groove3
4,13,42,0:281,note_on,0,7189,10.4491216375,42,37,"{'type': 'note_on', 'time': 0, 'note': 42, 'velocity': 37, 'channel': 9}",-11,7200,60,-0.0159883625,4,13,soul/groove3
4,14,42,0:285,note_on,0,7308,10.62208665,42,21,"{'type': 'note_on', 'time': 0, 'note': 42, 'velocity': 21, 'channel': 9}",-12,7320,61,-0.017441850000000002,4,14,soul/groove3
4,14,36,0:286,note_on,7,7315,10.6322610625,36,60,"{'type': 'note_on', 'time': 7, 'note': 36, 'velocity': 60, 'channel': 9}",-5,7320,61,-0.0072674375,4,14,soul/groove3
4,15,38,0:289,note_on,28,7412,10.77324935,38,5,"{'type': 'note_on', 'time': 28, 'note': 38, 'velocity': 5, 'channel': 9}",-28,7440,62,-0.04069765,4,15,soul/groove3
4,15,42,0:291,note_on,0,7427,10.7950516625,42,36,"{'type': 'note_on', 'time': 0, 'note': 42, 'velocity': 36, 'channel': 9}",-13,7440,62,-0.0188953375,4,15,soul/groove3
4,16,42,0:295,note_on,0,7547,10.9694701625,42,35,"{'type': 'note_on', 'time': 0, 'note': 42, 'velocity': 35, 'channel': 9}",-13,7560,63,-0.0188953375,4,16,soul/groove3
4,16,38,0:296,note_on,21,7568,10.9999934,38,8,"{'type': 'note_on', 'time': 21, 'note': 38, 'velocity': 8, 'channel': 9}",8,7560,63,0.0116279,4,16,soul/groove3
5,1,36,0:299,note_on,24,7661,11.1351677375,36,53,"{'type': 'note_on', 'time': 24, 'note': 36, 'velocity': 53, 'channel': 9}",-19,7680,64,-0.0276162625,5,1,soul/groove3
5,1,42,0:301,note_on,0,7667,11.1438886625,42,27,"{'type': 'note_on', 'time': 0, 'note': 42, 'velocity': 27, 'channel': 9}",-13,7680,64,-0.0188953375,5,1,soul/groove3
5,2,42,0:305,note_on,0,7786,11.316853675,42,34,"{'type': 'note_on', 'time': 0, 'note': 42, 'velocity': 34, 'channel': 9}",-14,7800,65,-0.020348825,5,2,soul/groove3
5,2,38,0:306,note_on,12,7798,11.334295525,38,19,"{'type': 'note_on', 'time': 12, 'note': 38, 'velocity': 19, 'channel': 9}",-2,7800,65,-0.002906975,5,2,soul/groove3
5,3,42,0:310,note_on,0,7907,11.4927256625,42,38,"{'type': 'note_on', 'time': 0, 'note': 42, 'velocity': 38, 'channel': 9}",-13,7920,66,-0.0188953375,5,3,soul/groove3
5,3,38,0:311,note_on,11,7918,11.508714025,38,30,"{'type': 'note_on', 'time': 11, 'note': 38, 'velocity': 30, 'channel': 9}",-2,7920,66,-0.002906975,5,3,soul/groove3
5,4,42,0:315,note_on,0,8029,11.6700511375,42,26,"{'type': 'note_on', 'time': 0, 'note': 42, 'velocity': 26, 'channel': 9}",-11,8040,67,-0.0159883625,5,4,soul/groove3
5,4,36,0:316,note_on,14,8043,11.6903999625,36,57,"{'type': 'note_on', 'time': 14, 'note': 36, 'velocity': 57, 'channel': 9}",3,8040,67,0.0043604625000000004,5,4,soul/groove3
5,5,38,0:319,note_on,46,8158,11.857551025,38,101,"{'type': 'note_on', 'time': 46, 'note': 40, 'velocity': 101, 'channel': 9}",-2,8160,68,-0.002906975,5,5,soul/groove3
5,5,42,0:321,note_on,0,8163,11.8648184625,42,33,"{'type': 'note_on', 'time': 0, 'note': 42, 'velocity': 33, 'channel': 9}",3,8160,68,0.0043604625000000004,5,5,soul/groove3
5,6,42,0:325,note_on,0,8282,12.037783475,42,31,"{'type': 'note_on', 'time': 0, 'note': 42, 'velocity': 31, 'channel': 9}",2,8280,69,0.002906975,5,6,soul/groove3
5,7,38,0:327,note_on,30,8381,12.1816787375,38,7,"{'type': 'note_on', 'time': 30, 'note': 38, 'velocity': 7, 'channel': 9}",-19,8400,70,-0.0276162625,5,7,soul/groove3
5,7,42,0:329,note_on,0,8396,12.20348105,42,40,"{'type': 'note_on', 'time': 0, 'note': 42, 'velocity': 40, 'channel': 9}",-4,8400,70,-0.00581395,5,7,soul/groove3
5,8,42,0:333,note_on,0,8520,12.3837135,42,40,"{'type': 'note_on', 'time': 0, 'note': 42, 'velocity': 40, 'channel': 9}",0,8520,71,0.0,5,8,soul/groove3
5,8,38,0:334,note_on,2,8522,12.386620475,38,33,"{'type': 'note_on', 'time': 2, 'note': 38, 'velocity': 33, 'channel': 9}",2,8520,71,0.002906975,5,8,soul/groove3
5,9,42,0:338,note_on,0,8636,12.55231805,42,31,"{'type': 'note_on', 'time': 0, 'note': 42, 'velocity': 31, 'channel': 9}",-4,8640,72,-0.00581395,5,9,soul/groove3
5,10,42,0:341,note_on,0,8751,12.7194691125,42,33,"{'type': 'note_on', 'time': 0, 'note': 42, 'velocity': 33, 'channel': 9}",-9,8760,73,-0.0130813875,5,10,soul/groove3
5,10,38,0:342,note_on,1,8752,12.7209226,38,28,"{'type': 'note_on', 'time': 1, 'note': 38, 'velocity': 28, 'channel': 9}",-8,8760,73,-0.0116279,5,10,soul/groove3
5,10,36,0:343,note_on,9,8761,12.7340039875,36,45,"{'type': 'note_on', 'time': 9, 'note': 36, 'velocity': 45, 'channel': 9}",1,8760,73,0.0014534875,5,10,soul/groove3
5,11,42,0:348,note_on,0,8871,12.8938876125,42,27,"{'type': 'note_on', 'time': 0, 'note': 42, 'velocity': 27, 'channel': 9}",-9,8880,74,-0.0130813875,5,11,soul/groove3
5,11,36,0:349,note_on,18,8889,12.9200503875,36,57,"{'type': 'note_on', 'time': 18, 'note': 36, 'velocity': 57, 'channel': 9}",9,8880,74,0.0130813875,5,11,soul/groove3
5,12,42,0:353,note_on,0,8995,13.0741200625,42,32,"{'type': 'note_on', 'time': 0, 'note': 42, 'velocity': 32, 'channel': 9}",-5,9000,75,-0.0072674375,5,12,soul/groove3
5,13,38,0:355,note_on,34,9099,13.225282762500001,38,110,"{'type': 'note_on', 'time': 34, 'note': 40, 'velocity': 110, 'channel': 9}",-21,9120,76,-0.0305232375,5,13,soul/groove3
5,13,42,0:357,note_on,0,9110,13.241271125,42,45,"{'type': 'note_on', 'time': 0, 'note': 42, 'velocity': 45, 'channel': 9}",-10,9120,76,-0.014534875,5,13,soul/groove3
5,14,42,0:361,note_on,0,9231,13.4171431125,42,31,"{'type': 'note_on', 'time': 0, 'note': 42, 'velocity': 31, 'channel': 9}",-9,9240,77,-0.0130813875,5,14,soul/groove3
5,14,36,0:362,note_on,8,9239,13.4287710125,36,59,"{'type': 'note_on', 'time': 8, 'note': 36, 'velocity': 59, 'channel': 9}",-1,9240,77,-0.0014534875,5,14,soul/groove3
5,15,42,0:366,note_on,0,9355,13.5973755625,42,41,"{'type': 'note_on', 'time': 0, 'note': 42, 'velocity': 41, 'channel': 9}",-5,9360,78,-0.0072674375,5,15,soul/groove3
5,16,38,0:368,note_on,42,9467,13.760166162500001,38,29,"{'type': 'note_on', 'time': 42, 'note': 38, 'velocity': 29, 'channel': 9}",-13,9480,79,-0.0188953375,5,16,soul/groove3
5,16,42,0:370,note_on,0,9476,13.77324755,42,29,"{'type': 'note_on', 'time': 0, 'note': 42, 'velocity': 29, 'channel': 9}",-4,9480,79,-0.00581395,5,16,soul/groove3
6,1,36,0:373,note_on,39,9585,13.9316776875,36,57,"{'type': 'note_on', 'time': 39, 'note': 36, 'velocity': 57, 'channel': 9}",-15,9600,80,-0.0218023125,6,1,soul/groove3
6,1,42,0:375,note_on,0,9590,13.938945125,42,29,"{'type': 'note_on', 'time': 0, 'note': 42, 'velocity': 29, 'channel': 9}",-10,9600,80,-0.014534875,6,1,soul/groove3
6,2,42,0:379,note_on,0,9719,14.1264450125,42,29,"{'type': 'note_on', 'time': 0, 'note': 42, 'velocity': 29, 'channel': 9}",-1,9720,81,-0.0014534875,6,2,soul/groove3
6,2,38,0:380,note_on,10,9729,14.1409798875,38,25,"{'type': 'note_on', 'time': 10, 'note': 38, 'velocity': 25, 'channel': 9}",9,9720,81,0.0130813875,6,2,soul/groove3
6,3,42,0:384,note_on,0,9838,14.299410025,42,33,"{'type': 'note_on', 'time': 0, 'note': 42, 'velocity': 33, 'channel': 9}",-2,9840,82,-0.002906975,6,3,soul/groove3
6,3,38,0:385,note_on,10,9848,14.3139449,38,25,"{'type': 'note_on', 'time': 10, 'note': 38, 'velocity': 25, 'channel': 9}",8,9840,82,0.0116279,6,3,soul/groove3
6,4,42,0:389,note_on,0,9952,14.4651076,42,27,"{'type': 'note_on', 'time': 0, 'note': 42, 'velocity': 27, 'channel': 9}",-8,9960,83,-0.0116279,6,4,soul/groove3
6,4,36,0:390,note_on,1,9953,14.4665610875,36,55,"{'type': 'note_on', 'time': 1, 'note': 36, 'velocity': 55, 'channel': 9}",-7,9960,83,-0.0101744125,6,4,soul/groove3
6,5,42,0:395,note_on,0,10086,14.659874925,42,40,"{'type': 'note_on', 'time': 0, 'note': 42, 'velocity': 40, 'channel': 9}",6,10080,84,0.008720925000000001,6,5,soul/groove3
6,6,42,0:400,note_on,0,10206,14.834293425,42,25,"{'type': 'note_on', 'time': 0, 'note': 42, 'velocity': 25, 'channel': 9}",6,10200,85,0.008720925000000001,6,6,soul/groove3
6,7,38,0:403,note_on,38,10314,14.991270075,38,5,"{'type': 'note_on', 'time': 38, 'note': 38, 'velocity': 5, 'channel': 9}",-6,10320,86,-0.008720925000000001,6,7,soul/groove3
6,7,42,0:405,note_on,0,10324,15.00580495,42,18,"{'type': 'note_on', 'time': 0, 'note': 42, 'velocity': 18, 'channel': 9}",4,10320,86,0.00581395,6,7,soul/groove3
6,8,38,0:408,note_on,44,10437,15.1700490375,38,26,"{'type': 'note_on', 'time': 44, 'note': 38, 'velocity': 26, 'channel': 9}",-3,10440,87,-0.0043604625000000004,6,8,soul/groove3
6,8,42,0:410,note_on,0,10438,15.171502525,42,43,"{'type': 'note_on', 'time': 0, 'note': 42, 'velocity': 43, 'channel': 9}",-2,10440,87,-0.002906975,6,8,soul/groove3
6,9,42,0:414,note_on,0,10559,15.3473745125,42,32,"{'type': 'note_on', 'time': 0, 'note': 42, 'velocity': 32, 'channel': 9}",-1,10560,88,-0.0014534875,6,9,soul/groove3
6,10,38,0:417,note_on,0,10674,15.514525575,38,18,"{'type': 'note_on', 'time': 0, 'note': 38, 'velocity': 18, 'channel': 9}",-6,10680,89,-0.008720925000000001,6,10,soul/groove3
6,10,42,0:418,note_on,0,10674,15.514525575,42,31,"{'type': 'note_on', 'time': 0, 'note': 42, 'velocity': 31, 'channel': 9}",-6,10680,89,-0.008720925000000001,6,10,soul/groove3
6,10,36,0:419,note_on,20,10694,15.543595325,36,39,"{'type': 'note_on', 'time': 20, 'note': 36, 'velocity': 39, 'channel': 9}",14,10680,89,0.020348825,6,10,soul/groove3
6,11,42,0:424,note_on,0,10792,15.6860371,42,29,"{'type': 'note_on', 'time': 0, 'note': 42, 'velocity': 29, 'channel': 9}",-8,10800,90,-0.0116279,6,11,soul/groove3
6,11,36,0:425,note_on,23,10815,15.7194673125,36,57,"{'type': 'note_on', 'time': 23, 'note': 36, 'velocity': 57, 'channel': 9}",15,10800,90,0.0218023125,6,11,soul/groove3
6,12,42,0:429,note_on,0,10912,15.8604556,42,36,"{'type': 'note_on', 'time': 0, 'note': 42, 'velocity': 36, 'channel': 9}",-8,10920,91,-0.0116279,6,12,soul/groove3
6,13,38,0:431,note_on,50,11032,16.0348741,38,87,"{'type': 'note_on', 'time': 50, 'note': 37, 'velocity': 87, 'channel': 9}",-8,11040,92,-0.0116279,6,13,soul/groove3
6,13,42,0:433,note_on,0,11038,16.043595025,42,43,"{'type': 'note_on', 'time': 0, 'note': 42, 'velocity': 43, 'channel': 9}",-2,11040,92,-0.002906975,6,13,soul/groove3
6,14,42,0:437,note_on,0,11157,16.2165600375,42,34,"{'type': 'note_on', 'time': 0, 'note': 42, 'velocity': 34, 'channel': 9}",-3,11160,93,-0.0043604625000000004,6,14,soul/groove3
6,14,36,0:438,note_on,2,11159,16.2194670125,36,62,"{'type': 'note_on', 'time': 2, 'note': 36, 'velocity': 62, 'channel': 9}",-1,11160,93,-0.0014534875,6,14,soul/groove3
6,15,42,0:442,note_on,0,11273,16.3851645875,42,38,"{'type': 'note_on', 'time': 0, 'note': 42, 'velocity': 38, 'channel': 9}",-7,11280,94,-0.0101744125,6,15,soul/groove3
6,16,42,0:445,note_on,0,11388,16.55231565,42,35,"{'type': 'note_on', 'time': 0, 'note': 42, 'velocity': 35, 'channel': 9}",-12,11400,95,-0.017441850000000002,6,16,soul/groove3
6,16,38,0:446,note_on,2,11390,16.555222625,38,35,"{'type': 'note_on', 'time': 2, 'note': 38, 'velocity': 35, 'channel': 9}",-10,11400,95,-0.014534875,6,16,soul/groove3
7,1,36,0:449,note_on,41,11500,16.71510625,36,58,"{'type': 'note_on', 'time': 41, 'note': 36, 'velocity': 58, 'channel': 9}",-20,11520,96,-0.02906975,7,1,soul/groove3
7,1,42,0:451,note_on,0,11508,16.72673415,42,29,"{'type': 'note_on', 'time': 0, 'note': 42, 'velocity': 29, 'channel': 9}",-12,11520,96,-0.017441850000000002,7,1,soul/groove3
7,2,42,0:455,note_on,0,11632,16.9069666,42,35,"{'type': 'note_on', 'time': 0, 'note': 42, 'velocity': 35, 'channel': 9}",-8,11640,97,-0.0116279,7,2,soul/groove3
7,2,38,0:456,note_on,5,11637,16.9142340375,38,24,"{'type': 'note_on', 'time': 5, 'note': 38, 'velocity': 24, 'channel': 9}",-3,11640,97,-0.0043604625000000004,7,2,soul/groove3
7,3,38,0:459,note_on,41,11747,17.0741176625,38,27,"{'type': 'note_on', 'time': 41, 'note': 38, 'velocity': 27, 'channel': 9}",-13,11760,98,-0.0188953375,7,3,soul/groove3
7,3,42,0:461,note_on,0,11752,17.0813851,42,48,"{'type': 'note_on', 'time': 0, 'note': 42, 'velocity': 48, 'channel': 9}",-8,11760,98,-0.0116279,7,3,soul/groove3
7,4,36,0:464,note_on,33,11855,17.2310943125,36,55,"{'type': 'note_on', 'time': 33, 'note': 36, 'velocity': 55, 'channel': 9}",-25,11880,99,-0.0363371875,7,4,soul/groove3
7,4,42,0:466,note_on,0,11868,17.24998965,42,33,"{'type': 'note_on', 'time': 0, 'note': 42, 'velocity': 33, 'channel': 9}",-12,11880,99,-0.017441850000000002,7,4,soul/groove3
7,5,38,0:469,note_on,49,11987,17.4229546625,38,90,"{'type': 'note_on', 'time': 49, 'note': 38, 'velocity': 90, 'channel': 9}",-13,12000,100,-0.0188953375,7,5,soul/groove3
7,5,42,0:471,note_on,0,11994,17.433129075,42,43,"{'type': 'note_on', 'time': 0, 'note': 42, 'velocity': 43, 'channel': 9}",-6,12000,100,-0.008720925000000001,7,5,soul/groove3
7,6,42,0:475,note_on,0,12108,17.59882665,42,34,"{'type': 'note_on', 'time': 0, 'note': 42, 'velocity': 34, 'channel': 9}",-12,12120,101,-0.017441850000000002,7,6,soul/groove3
7,7,42,0:478,note_on,0,12224,17.7674312,42,41,"{'type': 'note_on', 'time': 0, 'note': 42, 'velocity': 41, 'channel': 9}",-16,12240,102,-0.0232558,7,7,soul/groove3
7,8,38,0:480,note_on,53,12347,17.9462101625,38,28,"{'type': 'note_on', 'time': 53, 'note': 38, 'velocity': 28, 'channel': 9}",-13,12360,103,-0.0188953375,7,8,soul/groove3
7,8,42,0:482,note_on,0,12351,17.9520241125,42,46,"{'type': 'note_on', 'time': 0, 'note': 42, 'velocity': 46, 'channel': 9}",-9,12360,103,-0.0130813875,7,8,soul/groove3
7,9,42,0:486,note_on,0,12467,18.1206286625,42,34,"{'type': 'note_on', 'time': 0, 'note': 42, 'velocity': 34, 'channel': 9}",-13,12480,104,-0.0188953375,7,9,soul/groove3
7,10,36,0:488,note_on,46,12583,18.2892332125,36,43,"{'type': 'note_on', 'time': 46, 'note': 36, 'velocity': 43, 'channel': 9}",-17,12600,105,-0.0247092875,7,10,soul/groove3
7,10,42,0:490,note_on,0,12587,18.2950471625,42,29,"{'type': 'note_on', 'time': 0, 'note': 42, 'velocity': 29, 'channel': 9}",-13,12600,105,-0.0188953375,7,10,soul/groove3
7,10,38,0:491,note_on,3,12590,18.299407625,38,32,"{'type': 'note_on', 'time': 3, 'note': 38, 'velocity': 32, 'channel': 9}",-10,12600,105,-0.014534875,7,10,soul/groove3
7,11,36,0:495,note_on,48,12707,18.4694656625,36,59,"{'type': 'note_on', 'time': 48, 'note': 36, 'velocity': 59, 'channel': 9}",-13,12720,106,-0.0188953375,7,11,soul/groove3
7,11,42,0:497,note_on,0,12708,18.47091915,42,35,"{'type': 'note_on', 'time': 0, 'note': 42, 'velocity': 35, 'channel': 9}",-12,12720,106,-0.017441850000000002,7,11,soul/groove3
7,12,42,0:501,note_on,0,12829,18.6467911375,42,28,"{'type': 'note_on', 'time': 0, 'note': 42, 'velocity': 28, 'channel': 9}",-11,12840,107,-0.0159883625,7,12,soul/groove3
7,13,38,0:503,note_on,46,12945,18.8153956875,38,92,"{'type': 'note_on', 'time': 46, 'note': 40, 'velocity': 92, 'channel': 9}",-15,12960,108,-0.0218023125,7,13,soul/groove3
7,13,42,0:505,note_on,0,12949,18.8212096375,42,52,"{'type': 'note_on', 'time': 0, 'note': 42, 'velocity': 52, 'channel': 9}",-11,12960,108,-0.0159883625,7,13,soul/groove3
7,14,36,0:508,note_on,52,13070,18.997081625,36,57,"{'type': 'note_on', 'time': 52, 'note': 36, 'velocity': 57, 'channel': 9}",-10,13080,109,-0.014534875,7,14,soul/groove3
7,14,42,0:510,note_on,0,13072,18.999988600000002,42,35,"{'type': 'note_on', 'time': 0, 'note': 42, 'velocity': 35, 'channel': 9}",-8,13080,109,-0.0116279,7,14,soul/groove3
7,15,38,0:513,note_on,28,13170,19.142430375,38,5,"{'type': 'note_on', 'time': 28, 'note': 38, 'velocity': 5, 'channel': 9}",-30,13200,110,-0.043604625,7,15,soul/groove3
7,15,42,0:515,note_on,0,13189,19.1700466375,42,37,"{'type': 'note_on', 'time': 0, 'note': 42, 'velocity': 37, 'channel': 9}",-11,13200,110,-0.0159883625,7,15,soul/groove3
7,16,38,0:518,note_on,40,13299,19.3299302625,38,37,"{'type': 'note_on', 'time': 40, 'note': 38, 'velocity': 37, 'channel': 9}",-21,13320,111,-0.0305232375,7,16,soul/groove3
7,16,42,0:520,note_on,0,13305,19.338651187500002,42,41,"{'type': 'note_on', 'time': 0, 'note': 42, 'velocity': 41, 'channel': 9}",-15,13320,111,-0.0218023125,7,16,soul/groove3
8,1,36,0:523,note_on,28,13403,19.4810929625,36,55,"{'type': 'note_on', 'time': 28, 'note': 36, 'velocity': 55, 'channel': 9}",-37,13440,112,-0.0537790375,8,1,soul/groove3
8,1,42,0:525,note_on,0,13425,19.5130696875,42,31,"{'type': 'note_on', 'time': 0, 'note': 42, 'velocity': 31, 'channel': 9}",-15,13440,112,-0.0218023125,8,1,soul/groove3
8,2,42,0:529,note_on,0,13541,19.6816742375,42,38,"{'type': 'note_on', 'time': 0, 'note': 42, 'velocity': 38, 'channel': 9}",-19,13560,113,-0.0276162625,8,2,soul/groove3
8,2,38,0:530,note_on,10,13551,19.6962091125,38,27,"{'type': 'note_on', 'time': 10, 'note': 38, 'velocity': 27, 'channel': 9}",-9,13560,113,-0.0130813875,8,2,soul/groove3
8,3,42,0:535,note_on,0,13659,19.8531857625,42,40,"{'type': 'note_on', 'time': 0, 'note': 42, 'velocity': 40, 'channel': 9}",-21,13680,114,-0.0305232375,8,3,soul/groove3
8,3,38,0:534,note_on,0,13659,19.8531857625,38,34,"{'type': 'note_on', 'time': 0, 'note': 38, 'velocity': 34, 'channel': 9}",-21,13680,114,-0.0305232375,8,3,soul/groove3
8,4,36,0:538,note_on,57,13784,20.0348717,36,55,"{'type': 'note_on', 'time': 57, 'note': 36, 'velocity': 55, 'channel': 9}",-16,13800,115,-0.0232558,8,4,soul/groove3
8,4,42,0:540,note_on,0,13787,20.0392321625,42,15,"{'type': 'note_on', 'time': 0, 'note': 42, 'velocity': 15, 'channel': 9}",-13,13800,115,-0.0188953375,8,4,soul/groove3
8,5,38,0:543,note_on,45,13902,20.206383225,38,94,"{'type': 'note_on', 'time': 45, 'note': 40, 'velocity': 94, 'channel': 9}",-18,13920,116,-0.026162775,8,5,soul/groove3
8,5,42,0:545,note_on,0,13911,20.2194646125,42,41,"{'type': 'note_on', 'time': 0, 'note': 42, 'velocity': 41, 'channel': 9}",-9,13920,116,-0.0130813875,8,5,soul/groove3
8,6,42,0:549,note_on,0,14022,20.380801725,42,32,"{'type': 'note_on', 'time': 0, 'note': 42, 'velocity': 32, 'channel': 9}",-18,14040,117,-0.026162775,8,6,soul/groove3
8,7,42,0:552,note_on,0,14137,20.5479527875,42,46,"{'type': 'note_on', 'time': 0, 'note': 42, 'velocity': 46, 'channel': 9}",-23,14160,118,-0.0334302125,8,7,soul/groove3
8,8,42,0:555,note_on,0,14264,20.7325457,42,46,"{'type': 'note_on', 'time': 0, 'note': 42, 'velocity': 46, 'channel': 9}",-16,14280,119,-0.0232558,8,8,soul/groove3
8,8,38,0:556,note_on,5,14269,20.7398131375,38,23,"{'type': 'note_on', 'time': 5, 'note': 38, 'velocity': 23, 'channel': 9}",-11,14280,119,-0.0159883625,8,8,soul/groove3
8,9,42,0:560,note_on,0,14385,20.908417687500002,42,27,"{'type': 'note_on', 'time': 0, 'note': 42, 'velocity': 27, 'channel': 9}",-15,14400,120,-0.0218023125,8,9,soul/groove3
8,10,36,0:562,note_on,37,14491,21.0624873625,36,46,"{'type': 'note_on', 'time': 37, 'note': 36, 'velocity': 46, 'channel': 9}",-29,14520,121,-0.0421511375,8,10,soul/groove3
8,10,38,0:563,note_on,8,14499,21.0741152625,38,34,"{'type': 'note_on', 'time': 8, 'note': 38, 'velocity': 34, 'channel': 9}",-21,14520,121,-0.0305232375,8,10,soul/groove3
8,10,42,0:565,note_on,0,14506,21.084289675,42,37,"{'type': 'note_on', 'time': 0, 'note': 42, 'velocity': 37, 'channel': 9}",-14,14520,121,-0.020348825,8,10,soul/groove3
8,11,36,0:569,note_on,34,14610,21.235452375,36,57,"{'type': 'note_on', 'time': 34, 'note': 36, 'velocity': 57, 'channel': 9}",-30,14640,122,-0.043604625,8,11,soul/groove3
8,11,42,0:571,note_on,0,14620,21.24998725,42,39,"{'type': 'note_on', 'time': 0, 'note': 42, 'velocity': 39, 'channel': 9}",-20,14640,122,-0.02906975,8,11,soul/groove3
8,12,42,0:575,note_on,0,14737,21.4200452875,42,33,"{'type': 'note_on', 'time': 0, 'note': 42, 'velocity': 33, 'channel': 9}",-23,14760,123,-0.0334302125,8,12,soul/groove3
8,13,38,0:577,note_on,35,14842,21.572661475,38,84,"{'type': 'note_on', 'time': 35, 'note': 37, 'velocity': 84, 'channel': 9}",-38,14880,124,-0.055232525,8,13,soul/groove3
8,13,42,0:579,note_on,0,14847,21.5799289125,42,40,"{'type': 'note_on', 'time': 0, 'note': 42, 'velocity': 40, 'channel': 9}",-33,14880,124,-0.0479650875,8,13,soul/groove3
8,14,36,0:582,note_on,50,14967,21.7543474125,36,59,"{'type': 'note_on', 'time': 50, 'note': 36, 'velocity': 59, 'channel': 9}",-33,15000,125,-0.0479650875,8,14,soul/groove3
8,14,42,0:584,note_on,0,14973,21.763068337500002,42,28,"{'type': 'note_on', 'time': 0, 'note': 42, 'velocity': 28, 'channel': 9}",-27,15000,125,-0.0392441625,8,14,soul/groove3
8,15,42,0:588,note_on,0,15091,21.9345798625,42,44,"{'type': 'note_on', 'time': 0, 'note': 42, 'velocity': 44, 'channel': 9}",-29,15120,126,-0.0421511375,8,15,soul/groove3
8,16,38,0:590,note_on,31,15192,22.0813821,38,35,"{'type': 'note_on', 'time': 31, 'note': 38, 'velocity': 35, 'channel': 9}",-48,15240,127,-0.06976740000000001,8,16,soul/groove3
8,16,42,0:592,note_on,0,15217,22.1177192875,42,37,"{'type': 'note_on', 'time': 0, 'note': 42, 'velocity': 37, 'channel': 9}",-23,15240,127,-0.0334302125,8,16,soul/groove3
9,1,38,0:596,note_on,0,15339,22.2950447625,38,30,"{'type': 'note_on', 'time': 0, 'note': 38, 'velocity': 30, 'channel': 9}",-21,15360,128,-0.0305232375,9,1,soul/groove3
9,1,42,0:597,note_on,0,15339,22.2950447625,42,34,"{'type': 'note_on', 'time': 0, 'note': 42, 'velocity': 34, 'channel': 9}",-21,15360,128,-0.0305232375,9,1,soul/groove3
9,1,36,0:598,note_on,9,15348,22.30812615,36,57,"{'type': 'note_on', 'time': 9, 'note': 36, 'velocity': 57, 'channel': 9}",-12,15360,128,-0.017441850000000002,9,1,soul/groove3
9,2,42,0:603,note_on,0,15458,22.468009775,42,35,"{'type': 'note_on', 'time': 0, 'note': 42, 'velocity': 35, 'channel': 9}",-22,15480,129,-0.031976725,9,2,soul/groove3
9,2,38,0:604,note_on,21,15479,22.4985330125,38,15,"{'type': 'note_on', 'time': 21, 'note': 38, 'velocity': 15, 'channel': 9}",-1,15480,129,-0.0014534875,9,2,soul/groove3
9,3,38,0:607,note_on,20,15568,22.6278934,38,36,"{'type': 'note_on', 'time': 20, 'note': 38, 'velocity': 36, 'channel': 9}",-32,15600,130,-0.0465116,9,3,soul/groove3
9,3,42,0:609,note_on,0,15573,22.6351608375,42,43,"{'type': 'note_on', 'time': 0, 'note': 42, 'velocity': 43, 'channel': 9}",-27,15600,130,-0.0392441625,9,3,soul/groove3
9,4,42,0:613,note_on,0,15694,22.811032825,42,30,"{'type': 'note_on', 'time': 0, 'note': 42, 'velocity': 30, 'channel': 9}",-26,15720,131,-0.037790675,9,4,soul/groove3
9,4,36,0:614,note_on,6,15700,22.81975375,36,59,"{'type': 'note_on', 'time': 6, 'note': 36, 'velocity': 59, 'channel': 9}",-20,15720,131,-0.02906975,9,4,soul/groove3
9,5,38,0:617,note_on,55,15824,22.9999862,38,93,"{'type': 'note_on', 'time': 55, 'note': 40, 'velocity': 93, 'channel': 9}",-16,15840,132,-0.0232558,9,5,soul/groove3
9,5,42,0:619,note_on,0,15827,23.0043466625,42,47,"{'type': 'note_on', 'time': 0, 'note': 42, 'velocity': 47, 'channel': 9}",-13,15840,132,-0.0188953375,9,5,soul/groove3
9,6,38,0:622,note_on,20,15917,23.1351605375,38,5,"{'type': 'note_on', 'time': 20, 'note': 38, 'velocity': 5, 'channel': 9}",-43,15960,133,-0.0624999625,9,6,soul/groove3
9,6,42,0:624,note_on,0,15945,23.1758581875,42,29,"{'type': 'note_on', 'time': 0, 'note': 42, 'velocity': 29, 'channel': 9}",-15,15960,133,-0.0218023125,9,6,soul/groove3
9,7,42,0:628,note_on,0,16062,23.345916225,42,34,"{'type': 'note_on', 'time': 0, 'note': 42, 'velocity': 34, 'channel': 9}",-18,16080,134,-0.026162775,9,7,soul/groove3
9,8,42,0:631,note_on,0,16186,23.526148675,42,46,"{'type': 'note_on', 'time': 0, 'note': 42, 'velocity': 46, 'channel': 9}",-14,16200,135,-0.020348825,9,8,soul/groove3
9,8,38,0:632,note_on,2,16188,23.52905565,38,27,"{'type': 'note_on', 'time': 2, 'note': 38, 'velocity': 27, 'channel': 9}",-12,16200,135,-0.017441850000000002,9,8,soul/groove3
9,9,42,0:636,note_on,0,16303,23.6962067125,42,36,"{'type': 'note_on', 'time': 0, 'note': 42, 'velocity': 36, 'channel': 9}",-17,16320,136,-0.0247092875,9,9,soul/groove3
9,9,38,0:638,note_on,5,16378,23.805218275,38,11,"{'type': 'note_on', 'time': 5, 'note': 38, 'velocity': 11, 'channel': 9}",58,16320,136,0.084302275,9,9,soul/groove3
9,10,42,0:640,note_on,0,16412,23.85463685,42,42,"{'type': 'note_on', 'time': 0, 'note': 42, 'velocity': 42, 'channel': 9}",-28,16440,137,-0.04069765,9,10,soul/groove3
9,10,36,0:641,note_on,7,16419,23.8648112625,36,42,"{'type': 'note_on', 'time': 7, 'note': 36, 'velocity': 42, 'channel': 9}",-21,16440,137,-0.0305232375,9,10,soul/groove3
9,11,42,0:646,note_on,0,16537,24.0363227875,42,36,"{'type': 'note_on', 'time': 0, 'note': 42, 'velocity': 36, 'channel': 9}",-23,16560,138,-0.0334302125,9,11,soul/groove3
9,11,36,0:647,note_on,15,16552,24.0581251,36,53,"{'type': 'note_on', 'time': 15, 'note': 36, 'velocity': 53, 'channel': 9}",-8,16560,138,-0.0116279,9,11,soul/groove3
9,12,42,0:651,note_on,0,16651,24.2020203625,42,36,"{'type': 'note_on', 'time': 0, 'note': 42, 'velocity': 36, 'channel': 9}",-29,16680,139,-0.0421511375,9,12,soul/groove3
9,13,42,0:654,note_on,0,16773,24.3793458375,42,52,"{'type': 'note_on', 'time': 0, 'note': 42, 'velocity': 52, 'channel': 9}",-27,16800,140,-0.0392441625,9,13,soul/groove3
9,13,38,0:655,note_on,3,16776,24.3837063,38,90,"{'type': 'note_on', 'time': 3, 'note': 37, 'velocity': 90, 'channel': 9}",-24,16800,140,-0.034883700000000004,9,13,soul/groove3
9,14,36,0:658,note_on,48,16893,24.5537643375,36,59,"{'type': 'note_on', 'time': 48, 'note': 36, 'velocity': 59, 'channel': 9}",-27,16920,141,-0.0392441625,9,14,soul/groove3
9,14,42,0:660,note_on,0,16903,24.5682992125,42,31,"{'type': 'note_on', 'time': 0, 'note': 42, 'velocity': 31, 'channel': 9}",-17,16920,141,-0.0247092875,9,14,soul/groove3
9,15,42,0:664,note_on,0,17020,24.73835725,42,41,"{'type': 'note_on', 'time': 0, 'note': 42, 'velocity': 41, 'channel': 9}",-20,17040,142,-0.02906975,9,15,soul/groove3
9,16,42,0:667,note_on,0,17143,24.9171362125,42,40,"{'type': 'note_on', 'time': 0, 'note': 42, 'velocity': 40, 'channel': 9}",-17,17160,143,-0.0247092875,9,16,soul/groove3
9,16,38,0:668,note_on,3,17146,24.921496675,38,29,"{'type': 'note_on', 'time': 3, 'note': 38, 'velocity': 29, 'channel': 9}",-14,17160,143,-0.020348825,9,16,soul/groove3
10,1,36,0:671,note_on,32,17248,25.0697524,36,50,"{'type': 'note_on', 'time': 32, 'note': 36, 'velocity': 50, 'channel': 9}",-32,17280,144,-0.0465116,10,1,soul/groove3
10,1,42,0:673,note_on,0,17266,25.095915175000002,42,40,"{'type': 'note_on', 'time': 0, 'note': 42, 'velocity': 40, 'channel': 9}",-14,17280,144,-0.020348825,10,1,soul/groove3
10,2,42,0:677,note_on,0,17382,25.264519725,42,39,"{'type': 'note_on', 'time': 0, 'note': 42, 'velocity': 39, 'channel': 9}",-18,17400,145,-0.026162775,10,2,soul/groove3
10,2,38,0:678,note_on,18,17400,25.2906825,38,12,"{'type': 'note_on', 'time': 18, 'note': 38, 'velocity': 12, 'channel': 9}",0,17400,145,0.0,10,2,soul/groove3
10,3,38,0:682,note_on,0,17498,25.433124275,38,23,"{'type': 'note_on', 'time': 0, 'note': 38, 'velocity': 23, 'channel': 9}",-22,17520,146,-0.031976725,10,3,soul/groove3
10,3,42,0:683,note_on,0,17498,25.433124275,42,34,"{'type': 'note_on', 'time': 0, 'note': 42, 'velocity': 34, 'channel': 9}",-22,17520,146,-0.031976725,10,3,soul/groove3
10,4,36,0:687,note_on,0,17621,25.6119032375,36,55,"{'type': 'note_on', 'time': 0, 'note': 36, 'velocity': 55, 'channel': 9}",-19,17640,147,-0.0276162625,10,4,soul/groove3
10,4,42,0:688,note_on,0,17621,25.6119032375,42,38,"{'type': 'note_on', 'time': 0, 'note': 42, 'velocity': 38, 'channel': 9}",-19,17640,147,-0.0276162625,10,4,soul/groove3
10,5,38,0:691,note_on,56,17746,25.793589175,38,98,"{'type': 'note_on', 'time': 56, 'note': 40, 'velocity': 98, 'channel': 9}",-14,17760,148,-0.020348825,10,5,soul/groove3
10,5,42,0:693,note_on,0,17749,25.7979496375,42,49,"{'type': 'note_on', 'time': 0, 'note': 42, 'velocity': 49, 'channel': 9}",-11,17760,148,-0.0159883625,10,5,soul/groove3
10,6,42,0:697,note_on,0,17867,25.9694611625,42,35,"{'type': 'note_on', 'time': 0, 'note': 42, 'velocity': 35, 'channel': 9}",-13,17880,149,-0.0188953375,10,6,soul/groove3
10,7,42,0:700,note_on,0,17981,26.1351587375,42,36,"{'type': 'note_on', 'time': 0, 'note': 42, 'velocity': 36, 'channel': 9}",-19,18000,150,-0.0276162625,10,7,soul/groove3
10,8,42,0:703,note_on,0,18106,26.316844675,42,46,"{'type': 'note_on', 'time': 0, 'note': 42, 'velocity': 46, 'channel': 9}",-14,18120,151,-0.020348825,10,8,soul/groove3
10,8,38,0:704,note_on,8,18114,26.328472575,38,32,"{'type': 'note_on', 'time': 8, 'note': 38, 'velocity': 32, 'channel': 9}",-6,18120,151,-0.008720925000000001,10,8,soul/groove3
10,9,42,0:708,note_on,0,18224,26.4883562,42,35,"{'type': 'note_on', 'time': 0, 'note': 42, 'velocity': 35, 'channel': 9}",-16,18240,152,-0.0232558,10,9,soul/groove3
10,10,36,0:710,note_on,34,18328,26.6395189,36,40,"{'type': 'note_on', 'time': 34, 'note': 36, 'velocity': 40, 'channel': 9}",-32,18360,153,-0.0465116,10,10,soul/groove3
10,10,42,0:712,note_on,0,18340,26.65696075,42,31,"{'type': 'note_on', 'time': 0, 'note': 42, 'velocity': 31, 'channel': 9}",-20,18360,153,-0.02906975,10,10,soul/groove3
10,10,38,0:713,note_on,1,18341,26.6584142375,38,30,"{'type': 'note_on', 'time': 1, 'note': 38, 'velocity': 30, 'channel': 9}",-19,18360,153,-0.0276162625,10,10,soul/groove3
10,11,36,0:717,note_on,47,18456,26.8255653,36,55,"{'type': 'note_on', 'time': 47, 'note': 36, 'velocity': 55, 'channel': 9}",-24,18480,154,-0.034883700000000004,10,11,soul/groove3
10,11,42,0:719,note_on,0,18460,26.83137925,42,40,"{'type': 'note_on', 'time': 0, 'note': 42, 'velocity': 40, 'channel': 9}",-20,18480,154,-0.02906975,10,11,soul/groove3
10,12,42,0:723,note_on,0,18578,27.002890775,42,41,"{'type': 'note_on', 'time': 0, 'note': 42, 'velocity': 41, 'channel': 9}",-22,18600,155,-0.031976725,10,12,soul/groove3
10,13,42,0:727,note_on,0,18705,27.1874836875,42,46,"{'type': 'note_on', 'time': 0, 'note': 42, 'velocity': 46, 'channel': 9}",-15,18720,156,-0.0218023125,10,13,soul/groove3
10,13,38,0:726,note_on,0,18705,27.1874836875,38,96,"{'type': 'note_on', 'time': 0, 'note': 40, 'velocity': 96, 'channel': 9}",-15,18720,156,-0.0218023125,10,13,soul/groove3
10,14,36,0:730,note_on,54,18829,27.3677161375,36,59,"{'type': 'note_on', 'time': 54, 'note': 36, 'velocity': 59, 'channel': 9}",-11,18840,157,-0.0159883625,10,14,soul/groove3
10,14,42,0:732,note_on,0,18831,27.3706231125,42,29,"{'type': 'note_on', 'time': 0, 'note': 42, 'velocity': 29, 'channel': 9}",-9,18840,157,-0.0130813875,10,14,soul/groove3
10,15,42,0:736,note_on,0,18948,27.54068115,42,36,"{'type': 'note_on', 'time': 0, 'note': 42, 'velocity': 36, 'channel': 9}",-12,18960,158,-0.017441850000000002,10,15,soul/groove3
10,16,38,0:739,note_on,0,19067,27.7136461625,38,38,"{'type': 'note_on', 'time': 0, 'note': 38, 'velocity': 38, 'channel': 9}",-13,19080,159,-0.0188953375,10,16,soul/groove3
10,16,42,0:740,note_on,0,19067,27.7136461625,42,43,"{'type': 'note_on', 'time': 0, 'note': 42, 'velocity': 43, 'channel': 9}",-13,19080,159,-0.0188953375,10,16,soul/groove3
11,1,36,0:743,note_on,41,19178,27.874983275,36,58,"{'type': 'note_on', 'time': 41, 'note': 36, 'velocity': 58, 'channel': 9}",-22,19200,160,-0.031976725,11,1,soul/groove3
11,1,42,0:745,note_on,0,19189,27.8909716375,42,35,"{'type': 'note_on', 'time': 0, 'note': 42, 'velocity': 35, 'channel': 9}",-11,19200,160,-0.0159883625,11,1,soul/groove3
11,2,38,0:749,note_on,0,19314,28.072657575,38,27,"{'type': 'note_on', 'time': 0, 'note': 38, 'velocity': 27, 'channel': 9}",-6,19320,161,-0.008720925000000001,11,2,soul/groove3
11,2,42,0:750,note_on,0,19314,28.072657575,42,30,"{'type': 'note_on', 'time': 0, 'note': 42, 'velocity': 30, 'channel': 9}",-6,19320,161,-0.008720925000000001,11,2,soul/groove3
11,3,38,0:753,note_on,38,19421,28.2281807375,38,28,"{'type': 'note_on', 'time': 38, 'note': 38, 'velocity': 28, 'channel': 9}",-19,19440,162,-0.0276162625,11,3,soul/groove3
11,3,42,0:755,note_on,0,19436,28.24998305,42,38,"{'type': 'note_on', 'time': 0, 'note': 42, 'velocity': 38, 'channel': 9}",-4,19440,162,-0.00581395,11,3,soul/groove3
11,4,36,0:758,note_on,41,19547,28.4113201625,36,57,"{'type': 'note_on', 'time': 41, 'note': 36, 'velocity': 57, 'channel': 9}",-13,19560,163,-0.0188953375,11,4,soul/groove3
11,4,42,0:760,note_on,0,19556,28.42440155,42,29,"{'type': 'note_on', 'time': 0, 'note': 42, 'velocity': 29, 'channel': 9}",-4,19560,163,-0.00581395,11,4,soul/groove3
11,5,38,0:763,note_on,40,19666,28.584285175,38,120,"{'type': 'note_on', 'time': 40, 'note': 38, 'velocity': 120, 'channel': 9}",-14,19680,164,-0.020348825,11,5,soul/groove3
11,5,42,0:765,note_on,0,19675,28.5973665625,42,50,"{'type': 'note_on', 'time': 0, 'note': 42, 'velocity': 50, 'channel': 9}",-5,19680,164,-0.0072674375,11,5,soul/groove3
11,6,42,0:769,note_on,0,19802,28.781959475,42,30,"{'type': 'note_on', 'time': 0, 'note': 42, 'velocity': 30, 'channel': 9}",2,19800,165,0.002906975,11,6,soul/groove3
11,7,42,0:772,note_on,0,19918,28.950564025,42,35,"{'type': 'note_on', 'time': 0, 'note': 42, 'velocity': 35, 'channel': 9}",-2,19920,166,-0.002906975,11,7,soul/groove3
11,8,38,0:774,note_on,61,20048,29.1395174,38,27,"{'type': 'note_on', 'time': 61, 'note': 38, 'velocity': 27, 'channel': 9}",8,20040,167,0.0116279,11,8,soul/groove3
11,8,42,0:776,note_on,0,20049,29.1409708875,42,41,"{'type': 'note_on', 'time': 0, 'note': 42, 'velocity': 41, 'channel': 9}",9,20040,167,0.0130813875,11,8,soul/groove3
11,9,42,0:780,note_on,0,20162,29.305214975,42,37,"{'type': 'note_on', 'time': 0, 'note': 42, 'velocity': 37, 'channel': 9}",2,20160,168,0.002906975,11,9,soul/groove3
11,10,36,0:782,note_on,39,20271,29.4636451125,36,45,"{'type': 'note_on', 'time': 39, 'note': 36, 'velocity': 45, 'channel': 9}",-9,20280,169,-0.0130813875,11,10,soul/groove3
11,10,42,0:784,note_on,0,20275,29.4694590625,42,41,"{'type': 'note_on', 'time': 0, 'note': 42, 'velocity': 41, 'channel': 9}",-5,20280,169,-0.0072674375,11,10,soul/groove3
11,10,38,0:785,note_on,2,20277,29.4723660375,38,37,"{'type': 'note_on', 'time': 2, 'note': 38, 'velocity': 37, 'channel': 9}",-3,20280,169,-0.0043604625000000004,11,10,soul/groove3
11,11,42,0:790,note_on,0,20396,29.64533105,42,30,"{'type': 'note_on', 'time': 0, 'note': 42, 'velocity': 30, 'channel': 9}",-4,20400,170,-0.00581395,11,11,soul/groove3
11,11,36,0:791,note_on,9,20405,29.6584124375,36,57,"{'type': 'note_on', 'time': 9, 'note': 36, 'velocity': 57, 'channel': 9}",5,20400,170,0.0072674375,11,11,soul/groove3
11,12,42,0:795,note_on,0,20529,29.8386448875,42,12,"{'type': 'note_on', 'time': 0, 'note': 42, 'velocity': 12, 'channel': 9}",9,20520,171,0.0130813875,11,12,soul/groove3
11,13,38,0:797,note_on,28,20626,29.979633175,38,121,"{'type': 'note_on', 'time': 28, 'note': 38, 'velocity': 121, 'channel': 9}",-14,20640,172,-0.020348825,11,13,soul/groove3
11,13,42,0:799,note_on,0,20652,30.01742385,42,56,"{'type': 'note_on', 'time': 0, 'note': 42, 'velocity': 56, 'channel': 9}",12,20640,172,0.017441850000000002,11,13,soul/groove3
11,14,42,0:803,note_on,0,20759,30.1729470125,42,45,"{'type': 'note_on', 'time': 0, 'note': 42, 'velocity': 45, 'channel': 9}",-1,20760,173,-0.0014534875,11,14,soul/groove3
11,14,36,0:804,note_on,14,20773,30.1932958375,36,57,"{'type': 'note_on', 'time': 14, 'note': 36, 'velocity': 57, 'channel': 9}",13,20760,173,0.0188953375,11,14,soul/groove3
11,15,42,0:808,note_on,0,20872,30.337191100000002,42,41,"{'type': 'note_on', 'time': 0, 'note': 42, 'velocity': 41, 'channel': 9}",-8,20880,174,-0.0116279,11,15,soul/groove3
11,16,38,0:810,note_on,46,20988,30.50579565,38,30,"{'type': 'note_on', 'time': 46, 'note': 38, 'velocity': 30, 'channel': 9}",-12,21000,175,-0.017441850000000002,11,16,soul/groove3
11,16,42,0:812,note_on,0,20991,30.5101561125,42,45,"{'type': 'note_on', 'time': 0, 'note': 42, 'velocity': 45, 'channel': 9}",-9,21000,175,-0.0130813875,11,16,soul/groove3
12,1,36,0:815,note_on,48,21109,30.6816676375,36,47,"{'type': 'note_on', 'time': 48, 'note': 36, 'velocity': 47, 'channel': 9}",-11,21120,176,-0.0159883625,12,1,soul/groove3
12,1,42,0:817,note_on,0,21114,30.688935075,42,38,"{'type': 'note_on', 'time': 0, 'note': 42, 'velocity': 38, 'channel': 9}",-6,21120,176,-0.008720925000000001,12,1,soul/groove3
12,2,38,0:820,note_on,46,21229,30.8560861375,38,31,"{'type': 'note_on', 'time': 46, 'note': 38, 'velocity': 31, 'channel': 9}",-11,21240,177,-0.0159883625,12,2,soul/groove3
12,2,42,0:822,note_on,0,21232,30.8604466,42,38,"{'type': 'note_on', 'time': 0, 'note': 42, 'velocity': 38, 'channel': 9}",-8,21240,177,-0.0116279,12,2,soul/groove3
12,3,38,0:825,note_on,41,21343,31.0217837125,38,24,"{'type': 'note_on', 'time': 41, 'note': 38, 'velocity': 24, 'channel': 9}",-17,21360,178,-0.0247092875,12,3,soul/groove3
12,3,42,0:827,note_on,0,21349,31.0305046375,42,38,"{'type': 'note_on', 'time': 0, 'note': 42, 'velocity': 38, 'channel': 9}",-11,21360,178,-0.0159883625,12,3,soul/groove3
12,4,42,0:831,note_on,0,21464,31.1976557,42,33,"{'type': 'note_on', 'time': 0, 'note': 42, 'velocity': 33, 'channel': 9}",-16,21480,179,-0.0232558,12,4,soul/groove3
12,4,36,0:832,note_on,2,21466,31.200562675,36,49,"{'type': 'note_on', 'time': 2, 'note': 36, 'velocity': 49, 'channel': 9}",-14,21480,179,-0.020348825,12,4,soul/groove3
12,5,42,0:836,note_on,0,21587,31.3764346625,42,45,"{'type': 'note_on', 'time': 0, 'note': 42, 'velocity': 45, 'channel': 9}",-13,21600,180,-0.0188953375,12,5,soul/groove3
12,5,38,0:837,note_on,8,21595,31.3880625625,38,107,"{'type': 'note_on', 'time': 8, 'note': 40, 'velocity': 107, 'channel': 9}",-5,21600,180,-0.0072674375,12,5,soul/groove3
12,6,42,0:841,note_on,0,21703,31.5450392125,42,38,"{'type': 'note_on', 'time': 0, 'note': 42, 'velocity': 38, 'channel': 9}",-17,21720,181,-0.0247092875,12,6,soul/groove3
12,7,42,0:844,note_on,0,21827,31.7252716625,42,44,"{'type': 'note_on', 'time': 0, 'note': 42, 'velocity': 44, 'channel': 9}",-13,21840,182,-0.0188953375,12,7,soul/groove3
12,8,42,0:847,note_on,0,21952,31.9069576,42,50,"{'type': 'note_on', 'time': 0, 'note': 42, 'velocity': 50, 'channel': 9}",-8,21960,183,-0.0116279,12,8,soul/groove3
12,8,38,0:848,note_on,6,21958,31.915678525,38,41,"{'type': 'note_on', 'time': 6, 'note': 38, 'velocity': 41, 'channel': 9}",-2,21960,183,-0.002906975,12,8,soul/groove3
12,9,42,0:852,note_on,0,22063,32.0682947125,42,39,"{'type': 'note_on', 'time': 0, 'note': 42, 'velocity': 39, 'channel': 9}",-17,22080,184,-0.0247092875,12,9,soul/groove3
12,10,38,0:854,note_on,33,22166,32.218003925,38,27,"{'type': 'note_on', 'time': 33, 'note': 38, 'velocity': 27, 'channel': 9}",-34,22200,185,-0.049418575,12,10,soul/groove3
12,10,42,0:856,note_on,0,22180,32.23835275,42,43,"{'type': 'note_on', 'time': 0, 'note': 42, 'velocity': 43, 'channel': 9}",-20,22200,185,-0.02906975,12,10,soul/groove3
12,11,36,0:859,note_on,39,22289,32.3967828875,36,57,"{'type': 'note_on', 'time': 39, 'note': 36, 'velocity': 57, 'channel': 9}",-31,22320,186,-0.0450581125,12,11,soul/groove3
12,11,46,0:860,note_on,8,22297,32.4084107875,46,68,"{'type': 'note_on', 'time': 8, 'note': 26, 'velocity': 68, 'channel': 9}",-23,22320,186,-0.0334302125,12,11,soul/groove3
12,13,38,0:868,note_on,3,22542,32.764515225,38,90,"{'type': 'note_on', 'time': 3, 'note': 37, 'velocity': 90, 'channel': 9}",-18,22560,188,-0.026162775,12,13,soul/groove3
12,14,36,0:871,note_on,63,22674,32.956375575,36,57,"{'type': 'note_on', 'time': 63, 'note': 36, 'velocity': 57, 'channel': 9}",-6,22680,189,-0.008720925000000001,12,14,soul/groove3
12,14,42,0:873,note_on,0,22693,32.9839918375,42,30,"{'type': 'note_on', 'time': 0, 'note': 42, 'velocity': 30, 'channel': 9}",13,22680,189,0.0188953375,12,14,soul/groove3
12,15,42,0:877,note_on,0,22797,33.1351545375,42,43,"{'type': 'note_on', 'time': 0, 'note': 42, 'velocity': 43, 'channel': 9}",-3,22800,190,-0.0043604625000000004,12,15,soul/groove3
12,16,38,0:879,note_on,46,22913,33.3037590875,38,43,"{'type': 'note_on', 'time': 46, 'note': 38, 'velocity': 43, 'channel': 9}",-7,22920,191,-0.0101744125,12,16,soul/groove3
12,16,42,0:881,note_on,0,22918,33.311026525,42,43,"{'type': 'note_on', 'time': 0, 'note': 42, 'velocity': 43, 'channel': 9}",-2,22920,191,-0.002906975,12,16,soul/groove3
13,1,36,0:884,note_on,45,23033,33.4781775875,36,59,"{'type': 'note_on', 'time': 45, 'note': 36, 'velocity': 59, 'channel': 9}",-7,23040,192,-0.0101744125,13,1,soul/groove3
13,1,42,0:887,note_on,0,23043,33.4927124625,42,24,"{'type': 'note_on', 'time': 0, 'note': 42, 'velocity': 24, 'channel': 9}",3,23040,192,0.0043604625000000004,13,1,soul/groove3
13,2,42,0:894,note_on,0,23149,33.6467821375,42,31,"{'type': 'note_on', 'time': 0, 'note': 42, 'velocity': 31, 'channel': 9}",-11,23160,193,-0.0159883625,13,2,soul/groove3
13,3,38,0:896,note_on,31,23249,33.7921308875,38,13,"{'type': 'note_on', 'time': 31, 'note': 38, 'velocity': 13, 'channel': 9}",-31,23280,194,-0.0450581125,13,3,soul/groove3
13,3,42,0:898,note_on,0,23268,33.81974715,42,66,"{'type': 'note_on', 'time': 0, 'note': 22, 'velocity': 66, 'channel': 9}",-12,23280,194,-0.017441850000000002,13,3,soul/groove3
13,4,42,0:902,note_on,0,23387,33.9927121625,42,31,"{'type': 'note_on', 'time': 0, 'note': 42, 'velocity': 31, 'channel': 9}",-13,23400,195,-0.0188953375,13,4,soul/groove3
13,4,36,0:903,note_on,5,23392,33.9999796,36,52,"{'type': 'note_on', 'time': 5, 'note': 36, 'velocity': 52, 'channel': 9}",-8,23400,195,-0.0116279,13,4,soul/groove3
13,5,38,0:906,note_on,36,23498,34.154049275,38,104,"{'type': 'note_on', 'time': 36, 'note': 40, 'velocity': 104, 'channel': 9}",-22,23520,196,-0.031976725,13,5,soul/groove3
13,5,42,0:908,note_on,0,23504,34.1627702,42,49,"{'type': 'note_on', 'time': 0, 'note': 42, 'velocity': 49, 'channel': 9}",-16,23520,196,-0.0232558,13,5,soul/groove3
13,7,42,0:912,note_on,0,23735,34.4985258125,42,43,"{'type': 'note_on', 'time': 0, 'note': 42, 'velocity': 43, 'channel': 9}",-25,23760,198,-0.0363371875,13,7,soul/groove3
13,8,42,0:915,note_on,0,23854,34.671490825,42,27,"{'type': 'note_on', 'time': 0, 'note': 42, 'velocity': 27, 'channel': 9}",-26,23880,199,-0.037790675,13,8,soul/groove3
13,8,38,0:916,note_on,5,23859,34.6787582625,38,30,"{'type': 'note_on', 'time': 5, 'note': 38, 'velocity': 30, 'channel': 9}",-21,23880,199,-0.0305232375,13,8,soul/groove3
13,9,42,0:920,note_on,0,23969,34.8386418875,42,54,"{'type': 'note_on', 'time': 0, 'note': 42, 'velocity': 54, 'channel': 9}",-31,24000,200,-0.0450581125,13,9,soul/groove3
13,10,38,0:922,note_on,46,24085,35.0072464375,38,26,"{'type': 'note_on', 'time': 46, 'note': 38, 'velocity': 26, 'channel': 9}",-35,24120,201,-0.0508720625,13,10,soul/groove3
13,10,42,0:924,note_on,0,24097,35.0246882875,42,18,"{'type': 'note_on', 'time': 0, 'note': 42, 'velocity': 18, 'channel': 9}",-23,24120,201,-0.0334302125,13,10,soul/groove3
13,10,36,0:925,note_on,9,24106,35.037769675,36,44,"{'type': 'note_on', 'time': 9, 'note': 36, 'velocity': 44, 'channel': 9}",-14,24120,201,-0.020348825,13,10,soul/groove3
13,11,36,0:929,note_on,36,24211,35.1903858625,36,57,"{'type': 'note_on', 'time': 36, 'note': 36, 'velocity': 57, 'channel': 9}",-29,24240,202,-0.0421511375,13,11,soul/groove3
13,11,42,0:931,note_on,0,24217,35.1991067875,42,24,"{'type': 'note_on', 'time': 0, 'note': 42, 'velocity': 24, 'channel': 9}",-23,24240,202,-0.0334302125,13,11,soul/groove3
13,12,42,0:935,note_on,0,24339,35.3764322625,42,22,"{'type': 'note_on', 'time': 0, 'note': 42, 'velocity': 22, 'channel': 9}",-21,24360,203,-0.0305232375,13,12,soul/groove3
13,13,38,0:937,note_on,49,24457,35.5479437875,38,85,"{'type': 'note_on', 'time': 49, 'note': 38, 'velocity': 85, 'channel': 9}",-23,24480,204,-0.0334302125,13,13,soul/groove3
13,13,42,0:939,note_on,0,24458,35.549397275,42,40,"{'type': 'note_on', 'time': 0, 'note': 42, 'velocity': 40, 'channel': 9}",-22,24480,204,-0.031976725,13,13,soul/groove3
13,14,36,0:942,note_on,55,24582,35.729629725,36,60,"{'type': 'note_on', 'time': 55, 'note': 36, 'velocity': 60, 'channel': 9}",-18,24600,205,-0.026162775,13,14,soul/groove3
13,14,42,0:944,note_on,0,24585,35.7339901875,42,27,"{'type': 'note_on', 'time': 0, 'note': 42, 'velocity': 27, 'channel': 9}",-15,24600,205,-0.0218023125,13,14,soul/groove3
13,15,42,0:948,note_on,0,24706,35.909862175,42,45,"{'type': 'note_on', 'time': 0, 'note': 42, 'velocity': 45, 'channel': 9}",-14,24720,206,-0.020348825,13,15,soul/groove3
13,16,38,0:950,note_on,46,24822,36.078466725,38,23,"{'type': 'note_on', 'time': 46, 'note': 38, 'velocity': 23, 'channel': 9}",-18,24840,207,-0.026162775,13,16,soul/groove3
13,16,42,0:952,note_on,0,24826,36.084280675,42,27,"{'type': 'note_on', 'time': 0, 'note': 42, 'velocity': 27, 'channel': 9}",-14,24840,207,-0.020348825,13,16,soul/groove3
14,1,36,0:955,note_on,39,24934,36.241257325,36,57,"{'type': 'note_on', 'time': 39, 'note': 36, 'velocity': 57, 'channel': 9}",-26,24960,208,-0.037790675,14,1,soul/groove3
14,1,42,0:957,note_on,0,24949,36.2630596375,42,12,"{'type': 'note_on', 'time': 0, 'note': 42, 'velocity': 12, 'channel': 9}",-11,24960,208,-0.0159883625,14,1,soul/groove3
14,2,38,0:960,note_on,52,25071,36.4403851125,38,25,"{'type': 'note_on', 'time': 52, 'note': 38, 'velocity': 25, 'channel': 9}",-9,25080,209,-0.0130813875,14,2,soul/groove3
14,2,42,0:962,note_on,0,25072,36.4418386,42,35,"{'type': 'note_on', 'time': 0, 'note': 42, 'velocity': 35, 'channel': 9}",-8,25080,209,-0.0116279,14,2,soul/groove3
14,3,38,0:965,note_on,41,25183,36.6031757125,38,29,"{'type': 'note_on', 'time': 41, 'note': 38, 'velocity': 29, 'channel': 9}",-17,25200,210,-0.0247092875,14,3,soul/groove3
14,3,42,0:967,note_on,0,25189,36.6118966375,42,36,"{'type': 'note_on', 'time': 0, 'note': 42, 'velocity': 36, 'channel': 9}",-11,25200,210,-0.0159883625,14,3,soul/groove3
14,4,42,0:971,note_on,0,25303,36.7775942125,42,28,"{'type': 'note_on', 'time': 0, 'note': 42, 'velocity': 28, 'channel': 9}",-17,25320,211,-0.0247092875,14,4,soul/groove3
14,4,36,0:972,note_on,11,25314,36.793582575,36,59,"{'type': 'note_on', 'time': 11, 'note': 36, 'velocity': 59, 'channel': 9}",-6,25320,211,-0.008720925000000001,14,4,soul/groove3
14,5,38,0:975,note_on,29,25413,36.9374778375,38,96,"{'type': 'note_on', 'time': 29, 'note': 40, 'velocity': 96, 'channel': 9}",-27,25440,212,-0.0392441625,14,5,soul/groove3
14,5,42,0:977,note_on,0,25425,36.9549196875,42,43,"{'type': 'note_on', 'time': 0, 'note': 42, 'velocity': 43, 'channel': 9}",-15,25440,212,-0.0218023125,14,5,soul/groove3
14,6,42,0:981,note_on,0,25544,37.1278847,42,18,"{'type': 'note_on', 'time': 0, 'note': 42, 'velocity': 18, 'channel': 9}",-16,25560,213,-0.0232558,14,6,soul/groove3
14,7,42,0:984,note_on,0,25659,37.2950357625,42,48,"{'type': 'note_on', 'time': 0, 'note': 42, 'velocity': 48, 'channel': 9}",-21,25680,214,-0.0305232375,14,7,soul/groove3
14,8,42,0:987,note_on,0,25789,37.483989137500004,42,34,"{'type': 'note_on', 'time': 0, 'note': 42, 'velocity': 34, 'channel': 9}",-11,25800,215,-0.0159883625,14,8,soul/groove3
14,8,38,0:988,note_on,6,25795,37.4927100625,38,23,"{'type': 'note_on', 'time': 6, 'note': 38, 'velocity': 23, 'channel': 9}",-5,25800,215,-0.0072674375,14,8,soul/groove3
14,9,42,0:992,note_on,0,25913,37.6642215875,42,21,"{'type': 'note_on', 'time': 0, 'note': 42, 'velocity': 21, 'channel': 9}",-7,25920,216,-0.0101744125,14,9,soul/groove3
14,10,38,0:994,note_on,37,26019,37.8182912625,38,26,"{'type': 'note_on', 'time': 37, 'note': 38, 'velocity': 26, 'channel': 9}",-21,26040,217,-0.0305232375,14,10,soul/groove3
14,10,36,0:995,note_on,10,26029,37.8328261375,36,48,"{'type': 'note_on', 'time': 10, 'note': 36, 'velocity': 48, 'channel': 9}",-11,26040,217,-0.0159883625,14,10,soul/groove3
14,10,42,0:997,note_on,0,26033,37.8386400875,42,30,"{'type': 'note_on', 'time': 0, 'note': 42, 'velocity': 30, 'channel': 9}",-7,26040,217,-0.0101744125,14,10,soul/groove3
14,11,36,0:1001,note_on,35,26138,37.991256275,36,58,"{'type': 'note_on', 'time': 35, 'note': 36, 'velocity': 58, 'channel': 9}",-22,26160,218,-0.031976725,14,11,soul/groove3
14,11,42,0:1003,note_on,0,26154,38.014512075,42,38,"{'type': 'note_on', 'time': 0, 'note': 42, 'velocity': 38, 'channel': 9}",-6,26160,218,-0.008720925000000001,14,11,soul/groove3
14,12,42,0:1007,note_on,0,26264,38.1743957,42,33,"{'type': 'note_on', 'time': 0, 'note': 42, 'velocity': 33, 'channel': 9}",-16,26280,219,-0.0232558,14,12,soul/groove3
14,13,42,0:1011,note_on,0,26383,38.3473607125,42,38,"{'type': 'note_on', 'time': 0, 'note': 42, 'velocity': 38, 'channel': 9}",-17,26400,220,-0.0247092875,14,13,soul/groove3
14,14,42,0:1017,note_on,0,26509,38.5305001375,42,17,"{'type': 'note_on', 'time': 0, 'note': 42, 'velocity': 17, 'channel': 9}",-11,26520,221,-0.0159883625,14,14,soul/groove3
14,14,36,0:1018,note_on,13,26522,38.549395475,36,75,"{'type': 'note_on', 'time': 13, 'note': 36, 'velocity': 75, 'channel': 9}",2,26520,221,0.002906975,14,14,soul/groove3
14,15,42,0:1022,note_on,0,26631,38.7078256125,42,36,"{'type': 'note_on', 'time': 0, 'note': 42, 'velocity': 36, 'channel': 9}",-9,26640,222,-0.0130813875,14,15,soul/groove3
14,16,42,0:1025,note_on,0,26755,38.8880580625,42,36,"{'type': 'note_on', 'time': 0, 'note': 42, 'velocity': 36, 'channel': 9}",-5,26760,223,-0.0072674375,14,16,soul/groove3
14,16,38,0:1026,note_on,2,26757,38.8909650375,38,34,"{'type': 'note_on', 'time': 2, 'note': 38, 'velocity': 34, 'channel': 9}",-3,26760,223,-0.0043604625000000004,14,16,soul/groove3
15,1,36,0:1029,note_on,39,26866,39.049395175,36,58,"{'type': 'note_on', 'time': 39, 'note': 36, 'velocity': 58, 'channel': 9}",-14,26880,224,-0.020348825,15,1,soul/groove3
15,1,42,0:1031,note_on,0,26878,39.066837025,42,30,"{'type': 'note_on', 'time': 0, 'note': 42, 'velocity': 30, 'channel': 9}",-2,26880,224,-0.002906975,15,1,soul/groove3
15,2,38,0:1034,note_on,48,26996,39.23834855,38,34,"{'type': 'note_on', 'time': 48, 'note': 38, 'velocity': 34, 'channel': 9}",-4,27000,225,-0.00581395,15,2,soul/groove3
15,2,42,0:1036,note_on,0,27002,39.247069475,42,35,"{'type': 'note_on', 'time': 0, 'note': 42, 'velocity': 35, 'channel': 9}",2,27000,225,0.002906975,15,2,soul/groove3
15,3,42,0:1040,note_on,0,27119,39.4171275125,42,32,"{'type': 'note_on', 'time': 0, 'note': 42, 'velocity': 32, 'channel': 9}",-1,27120,226,-0.0014534875,15,3,soul/groove3
15,3,38,0:1041,note_on,3,27122,39.421487975,38,24,"{'type': 'note_on', 'time': 3, 'note': 38, 'velocity': 24, 'channel': 9}",2,27120,226,0.002906975,15,3,soul/groove3
15,4,36,0:1044,note_on,45,27236,39.58718555,36,60,"{'type': 'note_on', 'time': 45, 'note': 36, 'velocity': 60, 'channel': 9}",-4,27240,227,-0.00581395,15,4,soul/groove3
15,4,42,0:1046,note_on,0,27237,39.5886390375,42,17,"{'type': 'note_on', 'time': 0, 'note': 42, 'velocity': 17, 'channel': 9}",-3,27240,227,-0.0043604625000000004,15,4,soul/groove3
15,5,38,0:1049,note_on,40,27347,39.7485226625,38,83,"{'type': 'note_on', 'time': 40, 'note': 37, 'velocity': 83, 'channel': 9}",-13,27360,228,-0.0188953375,15,5,soul/groove3
15,5,42,0:1051,note_on,0,27360,39.767418,42,48,"{'type': 'note_on', 'time': 0, 'note': 42, 'velocity': 48, 'channel': 9}",0,27360,228,0.0,15,5,soul/groove3
15,6,42,0:1055,note_on,0,27476,39.93602255,42,18,"{'type': 'note_on', 'time': 0, 'note': 42, 'velocity': 18, 'channel': 9}",-4,27480,229,-0.00581395,15,6,soul/groove3
15,7,42,0:1058,note_on,0,27585,40.0944526875,42,51,"{'type': 'note_on', 'time': 0, 'note': 42, 'velocity': 51, 'channel': 9}",-15,27600,230,-0.0218023125,15,7,soul/groove3
15,8,38,0:1060,note_on,57,27712,40.2790456,38,33,"{'type': 'note_on', 'time': 57, 'note': 38, 'velocity': 33, 'channel': 9}",-8,27720,231,-0.0116279,15,8,soul/groove3
15,8,42,0:1062,note_on,0,27717,40.2863130375,42,40,"{'type': 'note_on', 'time': 0, 'note': 42, 'velocity': 40, 'channel': 9}",-3,27720,231,-0.0043604625000000004,15,8,soul/groove3
15,9,42,0:1066,note_on,0,27825,40.4432896875,42,33,"{'type': 'note_on', 'time': 0, 'note': 42, 'velocity': 33, 'channel': 9}",-15,27840,232,-0.0218023125,15,9,soul/groove3
15,10,38,0:1068,note_on,44,27938,40.607533775,38,23,"{'type': 'note_on', 'time': 44, 'note': 38, 'velocity': 23, 'channel': 9}",-22,27960,233,-0.031976725,15,10,soul/groove3
15,10,42,0:1070,note_on,0,27939,40.6089872625,42,35,"{'type': 'note_on', 'time': 0, 'note': 42, 'velocity': 35, 'channel': 9}",-21,27960,233,-0.0305232375,15,10,soul/groove3
15,10,36,0:1071,note_on,10,27949,40.6235221375,36,40,"{'type': 'note_on', 'time': 10, 'note': 36, 'velocity': 40, 'channel': 9}",-11,27960,233,-0.0159883625,15,10,soul/groove3
15,11,42,0:1076,note_on,0,28056,40.7790453,42,36,"{'type': 'note_on', 'time': 0, 'note': 42, 'velocity': 36, 'channel': 9}",-24,28080,234,-0.034883700000000004,15,11,soul/groove3
15,11,36,0:1077,note_on,8,28064,40.7906732,36,60,"{'type': 'note_on', 'time': 8, 'note': 36, 'velocity': 60, 'channel': 9}",-16,28080,234,-0.0232558,15,11,soul/groove3
15,12,42,0:1081,note_on,0,28177,40.9549172875,42,22,"{'type': 'note_on', 'time': 0, 'note': 42, 'velocity': 22, 'channel': 9}",-23,28200,235,-0.0334302125,15,12,soul/groove3
15,13,38,0:1083,note_on,53,28300,41.13369625,38,79,"{'type': 'note_on', 'time': 53, 'note': 38, 'velocity': 79, 'channel': 9}",-20,28320,236,-0.02906975,15,13,soul/groove3
15,13,42,0:1085,note_on,0,28301,41.1351497375,42,36,"{'type': 'note_on', 'time': 0, 'note': 42, 'velocity': 36, 'channel': 9}",-19,28320,236,-0.0276162625,15,13,soul/groove3
15,14,42,0:1089,note_on,0,28427,41.3182891625,42,28,"{'type': 'note_on', 'time': 0, 'note': 42, 'velocity': 28, 'channel': 9}",-13,28440,237,-0.0188953375,15,14,soul/groove3
15,14,36,0:1090,note_on,10,28437,41.332824037500004,36,69,"{'type': 'note_on', 'time': 10, 'note': 36, 'velocity': 69, 'channel': 9}",-3,28440,237,-0.0043604625000000004,15,14,soul/groove3
15,15,42,0:1094,note_on,0,28550,41.497068125,42,27,"{'type': 'note_on', 'time': 0, 'note': 42, 'velocity': 27, 'channel': 9}",-10,28560,238,-0.014534875,15,15,soul/groove3
15,16,42,0:1097,note_on,0,28666,41.665672675,42,27,"{'type': 'note_on', 'time': 0, 'note': 42, 'velocity': 27, 'channel': 9}",-14,28680,239,-0.020348825,15,16,soul/groove3
15,16,38,0:1098,note_on,18,28684,41.69183545,38,26,"{'type': 'note_on', 'time': 18, 'note': 38, 'velocity': 26, 'channel': 9}",4,28680,239,0.00581395,15,16,soul/groove3
16,1,36,0:1101,note_on,31,28784,41.8371842,36,58,"{'type': 'note_on', 'time': 31, 'note': 36, 'velocity': 58, 'channel': 9}",-16,28800,240,-0.0232558,16,1,soul/groove3
16,1,42,0:1103,note_on,0,28795,41.8531725625,42,16,"{'type': 'note_on', 'time': 0, 'note': 42, 'velocity': 16, 'channel': 9}",-5,28800,240,-0.0072674375,16,1,soul/groove3
16,2,38,0:1107,note_on,0,28923,42.0392189625,38,30,"{'type': 'note_on', 'time': 0, 'note': 38, 'velocity': 30, 'channel': 9}",3,28920,241,0.0043604625000000004,16,2,soul/groove3
16,2,42,0:1108,note_on,0,28923,42.0392189625,42,17,"{'type': 'note_on', 'time': 0, 'note': 42, 'velocity': 17, 'channel': 9}",3,28920,241,0.0043604625000000004,16,2,soul/groove3
16,3,38,0:1111,note_on,46,29039,42.2078235125,38,24,"{'type': 'note_on', 'time': 46, 'note': 38, 'velocity': 24, 'channel': 9}",-1,29040,242,-0.0014534875,16,3,soul/groove3
16,3,42,0:1113,note_on,0,29040,42.209277,42,36,"{'type': 'note_on', 'time': 0, 'note': 42, 'velocity': 36, 'channel': 9}",0,29040,242,0.0,16,3,soul/groove3
16,4,36,0:1116,note_on,49,29158,42.380788525,36,58,"{'type': 'note_on', 'time': 49, 'note': 36, 'velocity': 58, 'channel': 9}",-2,29160,243,-0.002906975,16,4,soul/groove3
16,4,42,0:1118,note_on,0,29161,42.3851489875,42,17,"{'type': 'note_on', 'time': 0, 'note': 42, 'velocity': 17, 'channel': 9}",1,29160,243,0.0014534875,16,4,soul/groove3
16,5,38,0:1121,note_on,36,29267,42.5392186625,38,104,"{'type': 'note_on', 'time': 36, 'note': 40, 'velocity': 104, 'channel': 9}",-13,29280,244,-0.0188953375,16,5,soul/groove3
16,5,42,0:1123,note_on,0,29282,42.561020975,42,43,"{'type': 'note_on', 'time': 0, 'note': 42, 'velocity': 43, 'channel': 9}",2,29280,244,0.002906975,16,5,soul/groove3
16,7,42,0:1127,note_on,0,29515,42.8996835625,42,42,"{'type': 'note_on', 'time': 0, 'note': 42, 'velocity': 42, 'channel': 9}",-5,29520,246,-0.0072674375,16,7,soul/groove3
16,8,38,0:1129,note_on,43,29628,43.063927650000004,38,23,"{'type': 'note_on', 'time': 43, 'note': 38, 'velocity': 23, 'channel': 9}",-12,29640,247,-0.017441850000000002,16,8,soul/groove3
16,8,42,0:1131,note_on,0,29640,43.0813695,42,32,"{'type': 'note_on', 'time': 0, 'note': 42, 'velocity': 32, 'channel': 9}",0,29640,247,0.0,16,8,soul/groove3
16,9,42,0:1135,note_on,0,29753,43.2456135875,42,31,"{'type': 'note_on', 'time': 0, 'note': 42, 'velocity': 31, 'channel': 9}",-7,29760,248,-0.0101744125,16,9,soul/groove3
16,10,36,0:1137,note_on,40,29863,43.4054972125,36,45,"{'type': 'note_on', 'time': 40, 'note': 36, 'velocity': 45, 'channel': 9}",-17,29880,249,-0.0247092875,16,10,soul/groove3
16,10,38,0:1139,note_on,0,29870,43.415671625,38,27,"{'type': 'note_on', 'time': 0, 'note': 38, 'velocity': 27, 'channel': 9}",-10,29880,249,-0.014534875,16,10,soul/groove3
16,10,42,0:1140,note_on,0,29870,43.415671625,42,28,"{'type': 'note_on', 'time': 0, 'note': 42, 'velocity': 28, 'channel': 9}",-10,29880,249,-0.014534875,16,10,soul/groove3
16,11,36,0:1144,note_on,39,29979,43.5741017625,36,68,"{'type': 'note_on', 'time': 39, 'note': 36, 'velocity': 68, 'channel': 9}",-21,30000,250,-0.0305232375,16,11,soul/groove3
16,11,46,0:1146,note_on,9,29992,43.5929971,46,52,"{'type': 'note_on', 'time': 9, 'note': 46, 'velocity': 52, 'channel': 9}",-8,30000,250,-0.0116279,16,11,soul/groove3
16,12,46,0:1152,note_on,0,30126,43.787764425,46,28,"{'type': 'note_on', 'time': 0, 'note': 46, 'velocity': 28, 'channel': 9}",6,30120,251,0.008720925000000001,16,12,soul/groove3
16,13,38,0:1156,note_on,18,30216,43.9185783,38,92,"{'type': 'note_on', 'time': 18, 'note': 40, 'velocity': 92, 'channel': 9}",-24,30240,252,-0.034883700000000004,16,13,soul/groove3
16,13,42,0:1158,note_on,0,30232,43.9418341,42,43,"{'type': 'note_on', 'time': 0, 'note': 42, 'velocity': 43, 'channel': 9}",-8,30240,252,-0.0116279,16,13,soul/groove3
16,14,36,0:1163,note_on,0,30350,44.113345625,36,56,"{'type': 'note_on', 'time': 0, 'note': 36, 'velocity': 56, 'channel': 9}",-10,30360,253,-0.014534875,16,14,soul/groove3
16,14,42,0:1164,note_on,0,30350,44.113345625,42,28,"{'type': 'note_on', 'time': 0, 'note': 42, 'velocity': 28, 'channel': 9}",-10,30360,253,-0.014534875,16,14,soul/groove3
16,15,42,0:1168,note_on,0,30473,44.2921245875,42,31,"{'type': 'note_on', 'time': 0, 'note': 42, 'velocity': 31, 'channel': 9}",-7,30480,254,-0.0101744125,16,15,soul/groove3
16,16,38,0:1170,note_on,42,30585,44.4549151875,38,24,"{'type': 'note_on', 'time': 42, 'note': 38, 'velocity': 24, 'channel': 9}",-15,30600,255,-0.0218023125,16,16,soul/groove3
16,16,42,0:1172,note_on,0,30588,44.45927565,42,24,"{'type': 'note_on', 'time': 0, 'note': 42, 'velocity': 24, 'channel': 9}",-12,30600,255,-0.017441850000000002,16,16,soul/groove3
17,1,36,0:1175,note_on,38,30696,44.6162523,36,56,"{'type': 'note_on', 'time': 38, 'note': 36, 'velocity': 56, 'channel': 9}",-24,30720,256,-0.034883700000000004,17,1,soul/groove3
