bar_number,bar_beat_number,note,track_msg_num,msg_type,delta_ticks,total_ticks,total_seconds,note,velocity,raw_data,beat_offset,beat_center,file_beat_number,beat_offset_ms,bar_number,bar_beat_number,style
1,1,36,0:6,note_on,0,0,0.0,36,67,"{'type': 'note_on', 'time': 0, 'note': 36, 'velocity': 67, 'channel': 9}",0,0,0,0.0,1,1,funk/groove1
1,1,42,0:8,note_on,0,0,0.0,42,40,"{'type': 'note_on', 'time': 0, 'note': 42, 'velocity': 40, 'channel': 9}",0,0,0,0.0,1,1,funk/groove1
1,3,36,0:11,note_on,102,210,0.1902175625,36,64,"{'type': 'note_on', 'time': 102, 'note': 36, 'velocity': 64, 'channel': 9}",-30,240,2,-0.0271739375,1,3,funk/groove1
1,3,42,0:13,note_on,0,228,0.20652192499999997,42,37,"{'type': 'note_on', 'time': 0, 'note': 42, 'velocity': 37, 'channel': 9}",-12,240,2,-0.010869575,1,3,funk/groove1
1,5,42,0:17,note_on,0,468,0.42391342499999995,42,83,"{'type': 'note_on', 'time': 0, 'note': 42, 'velocity': 83, 'channel': 9}",-12,480,4,-0.010869575,1,5,funk/groove1
1,5,38,0:18,note_on,1,469,0.42481922291666663,38,127,"{'type': 'note_on', 'time': 1, 'note': 38, 'velocity': 127, 'channel': 9}",-11,480,4,-0.009963777083333332,1,5,funk/groove1
1,7,42,0:22,note_on,0,720,0.6521745,42,31,"{'type': 'note_on', 'time': 0, 'note': 42, 'velocity': 31, 'channel': 9}",0,720,6,0.0,1,7,funk/groove1
1,8,38,0:24,note_on,16,848,0.7681166333333332,38,97,"{'type': 'note_on', 'time': 16, 'note': 38, 'velocity': 97, 'channel': 9}",8,840,7,0.007246383333333333,1,8,funk/groove1
1,9,42,0:26,note_on,0,955,0.8650370104166666,42,56,"{'type': 'note_on', 'time': 0, 'note': 42, 'velocity': 56, 'channel': 9}",-5,960,8,-0.004528989583333333,1,9,funk/groove1
1,10,38,0:29,note_on,10,1077,0.9755443562499999,38,52,"{'type': 'note_on', 'time': 10, 'note': 38, 'velocity': 52, 'channel': 9}",-3,1080,9,-0.00271739375,1,10,funk/groove1
1,11,36,0:31,note_on,6,1194,1.0815227125,36,52,"{'type': 'note_on', 'time': 6, 'note': 36, 'velocity': 52, 'channel': 9}",-6,1200,10,-0.0054347875,1,11,funk/groove1
1,11,42,0:33,note_on,0,1199,1.0860517020833331,42,40,"{'type': 'note_on', 'time': 0, 'note': 42, 'velocity': 40, 'channel': 9}",-1,1200,10,-0.0009057979166666666,1,11,funk/groove1
1,12,36,0:34,note_on,102,1301,1.1784430895833333,36,47,"{'type': 'note_on', 'time': 102, 'note': 36, 'velocity': 47, 'channel': 9}",-19,1320,11,-0.017210160416666665,1,12,funk/groove1
1,13,38,0:38,note_on,125,1436,1.3007258083333333,38,127,"{'type': 'note_on', 'time': 125, 'note': 38, 'velocity': 127, 'channel': 9}",-4,1440,12,-0.0036231916666666663,1,13,funk/groove1
1,13,42,0:40,note_on,0,1443,1.3070663937499998,42,92,"{'type': 'note_on', 'time': 0, 'note': 42, 'velocity': 92, 'channel': 9}",3,1440,12,0.00271739375,1,13,funk/groove1
1,15,42,0:44,note_on,0,1714,1.5525376291666666,42,20,"{'type': 'note_on', 'time': 0, 'note': 42, 'velocity': 20, 'channel': 9}",34,1680,14,0.030797129166666663,1,15,funk/groove1
1,16,38,0:46,note_on,4,1829,1.656704389583333,38,51,"{'type': 'note_on', 'time': 4, 'note': 38, 'velocity': 51, 'channel': 9}",29,1800,15,0.026268139583333332,1,16,funk/groove1
2,1,36,0:47,note_on,110,1939,1.7563421604166665,36,64,"{'type': 'note_on', 'time': 110, 'note': 36, 'velocity': 64, 'channel': 9}",19,1920,16,0.017210160416666665,2,1,funk/groove1
2,1,42,0:50,note_on,0,1942,1.7590595541666665,42,96,"{'type': 'note_on', 'time': 0, 'note': 42, 'velocity': 96, 'channel': 9}",22,1920,16,0.019927554166666663,2,1,funk/groove1
2,3,42,0:54,note_on,0,2183,1.9773568520833331,42,62,"{'type': 'note_on', 'time': 0, 'note': 42, 'velocity': 62, 'channel': 9}",23,2160,18,0.020833352083333333,2,3,funk/groove1
2,3,36,0:55,note_on,2,2185,1.9791684479166665,36,64,"{'type': 'note_on', 'time': 2, 'note': 36, 'velocity': 64, 'channel': 9}",25,2160,18,0.022644947916666665,2,3,funk/groove1
2,5,38,0:58,note_on,131,2428,2.1992773416666664,38,127,"{'type': 'note_on', 'time': 131, 'note': 38, 'velocity': 127, 'channel': 9}",28,2400,20,0.025362341666666663,2,5,funk/groove1
2,5,42,0:60,note_on,0,2430,2.2010889375,42,91,"{'type': 'note_on', 'time': 0, 'note': 42, 'velocity': 91, 'channel': 9}",30,2400,20,0.0271739375,2,5,funk/groove1
2,7,38,0:63,note_on,55,2597,2.352357189583333,38,30,"{'type': 'note_on', 'time': 55, 'note': 38, 'velocity': 30, 'channel': 9}",-43,2640,22,-0.03894931041666666,2,7,funk/groove1
2,7,42,0:65,note_on,0,2662,2.4112340541666666,42,38,"{'type': 'note_on', 'time': 0, 'note': 42, 'velocity': 38, 'channel': 9}",22,2640,22,0.019927554166666663,2,7,funk/groove1
2,8,38,0:67,note_on,61,2769,2.50815443125,38,62,"{'type': 'note_on', 'time': 61, 'note': 38, 'velocity': 62, 'channel': 9}",9,2760,23,0.00815218125,2,8,funk/groove1
2,9,42,0:71,note_on,0,2887,2.6150385854166665,42,48,"{'type': 'note_on', 'time': 0, 'note': 42, 'velocity': 48, 'channel': 9}",7,2880,24,0.006340585416666666,2,9,funk/groove1
2,10,38,0:72,note_on,104,2991,2.7092415687499996,38,46,"{'type': 'note_on', 'time': 104, 'note': 38, 'velocity': 46, 'channel': 9}",-9,3000,25,-0.00815218125,2,10,funk/groove1
2,11,42,0:76,note_on,0,3113,2.819748914583333,42,47,"{'type': 'note_on', 'time': 0, 'note': 42, 'velocity': 47, 'channel': 9}",-7,3120,26,-0.006340585416666666,2,11,funk/groove1
2,11,36,0:77,note_on,9,3122,2.827901095833333,36,48,"{'type': 'note_on', 'time': 9, 'note': 36, 'velocity': 48, 'channel': 9}",2,3120,26,0.0018115958333333332,2,11,funk/groove1
2,12,36,0:80,note_on,1,3235,2.9302562604166664,36,43,"{'type': 'note_on', 'time': 1, 'note': 36, 'velocity': 43, 'channel': 9}",-5,3240,27,-0.004528989583333333,2,12,funk/groove1
2,13,38,0:82,note_on,9,3355,3.0389520104166663,38,127,"{'type': 'note_on', 'time': 9, 'note': 38, 'velocity': 127, 'channel': 9}",-5,3360,28,-0.004528989583333333,2,13,funk/groove1
2,13,42,0:84,note_on,0,3357,3.0407636062499996,42,119,"{'type': 'note_on', 'time': 0, 'note': 22, 'velocity': 119, 'channel': 9}",-3,3360,28,-0.00271739375,2,13,funk/groove1
2,15,42,0:88,note_on,0,3618,3.2771768624999997,42,13,"{'type': 'note_on', 'time': 0, 'note': 42, 'velocity': 13, 'channel': 9}",18,3600,30,0.0163043625,2,15,funk/groove1
2,16,38,0:90,note_on,17,3747,3.39402479375,38,50,"{'type': 'note_on', 'time': 17, 'note': 38, 'velocity': 50, 'channel': 9}",27,3720,31,0.024456543749999997,2,16,funk/groove1
3,1,42,0:92,note_on,1,3855,3.4918509687499997,42,67,"{'type': 'note_on', 'time': 1, 'note': 42, 'velocity': 67, 'channel': 9}",15,3840,32,0.01358696875,3,1,funk/groove1
3,1,36,0:94,note_on,1,3859,3.4954741604166664,36,62,"{'type': 'note_on', 'time': 1, 'note': 36, 'velocity': 62, 'channel': 9}",19,3840,32,0.017210160416666665,3,1,funk/groove1
3,3,38,0:97,note_on,69,4039,3.658517785416666,38,11,"{'type': 'note_on', 'time': 69, 'note': 38, 'velocity': 11, 'channel': 9}",-41,4080,34,-0.03713771458333333,3,3,funk/groove1
3,3,42,0:99,note_on,0,4089,3.70380768125,42,50,"{'type': 'note_on', 'time': 0, 'note': 42, 'velocity': 50, 'channel': 9}",9,4080,34,0.00815218125,3,3,funk/groove1
3,3,36,0:100,note_on,3,4092,3.7065250749999996,36,67,"{'type': 'note_on', 'time': 3, 'note': 36, 'velocity': 67, 'channel': 9}",12,4080,34,0.010869575,3,3,funk/groove1
3,5,38,0:104,note_on,118,4321,3.913952797916666,38,122,"{'type': 'note_on', 'time': 118, 'note': 38, 'velocity': 122, 'channel': 9}",1,4320,36,0.0009057979166666666,3,5,funk/groove1
3,5,42,0:106,note_on,0,4332,3.923916575,42,117,"{'type': 'note_on', 'time': 0, 'note': 22, 'velocity': 117, 'channel': 9}",12,4320,36,0.010869575,3,5,funk/groove1
3,6,38,0:109,note_on,28,4472,4.050728283333333,38,39,"{'type': 'note_on', 'time': 28, 'note': 38, 'velocity': 39, 'channel': 9}",32,4440,37,0.02898553333333333,3,6,funk/groove1
3,7,42,0:111,note_on,0,4565,4.134967489583333,42,39,"{'type': 'note_on', 'time': 0, 'note': 42, 'velocity': 39, 'channel': 9}",5,4560,38,0.004528989583333333,3,7,funk/groove1
3,8,38,0:114,note_on,1,4678,4.237322654166666,38,73,"{'type': 'note_on', 'time': 1, 'note': 38, 'velocity': 73, 'channel': 9}",-2,4680,39,-0.0018115958333333332,3,8,funk/groove1
3,9,42,0:116,note_on,0,4789,4.3378662229166665,42,57,"{'type': 'note_on', 'time': 0, 'note': 42, 'velocity': 57, 'channel': 9}",-11,4800,40,-0.009963777083333332,3,9,funk/groove1
3,10,38,0:119,note_on,3,4904,4.442032983333333,38,54,"{'type': 'note_on', 'time': 3, 'note': 38, 'velocity': 54, 'channel': 9}",-16,4920,41,-0.014492766666666665,3,10,funk/groove1
3,11,36,0:121,note_on,17,5032,4.557975116666666,36,67,"{'type': 'note_on', 'time': 17, 'note': 36, 'velocity': 67, 'channel': 9}",-8,5040,42,-0.007246383333333333,3,11,funk/groove1
3,11,42,0:123,note_on,0,5035,4.560692510416666,42,91,"{'type': 'note_on', 'time': 0, 'note': 42, 'velocity': 91, 'channel': 9}",-5,5040,42,-0.004528989583333333,3,11,funk/groove1
3,13,42,0:127,note_on,0,5276,4.778989808333333,42,28,"{'type': 'note_on', 'time': 0, 'note': 42, 'velocity': 28, 'channel': 9}",-4,5280,44,-0.0036231916666666663,3,13,funk/groove1
3,15,38,0:129,note_on,137,5525,5.004533489583332,38,124,"{'type': 'note_on', 'time': 137, 'note': 38, 'velocity': 124, 'channel': 9}",5,5520,46,0.004528989583333333,3,15,funk/groove1
3,15,42,0:131,note_on,1,5527,5.006345085416666,42,114,"{'type': 'note_on', 'time': 1, 'note': 22, 'velocity': 114, 'channel': 9}",7,5520,46,0.006340585416666666,3,15,funk/groove1
3,16,38,0:134,note_on,44,5682,5.1467437625,38,24,"{'type': 'note_on', 'time': 44, 'note': 38, 'velocity': 24, 'channel': 9}",42,5640,47,0.038043512499999994,3,16,funk/groove1
4,1,42,0:136,note_on,0,5758,5.215584404166666,42,36,"{'type': 'note_on', 'time': 0, 'note': 42, 'velocity': 36, 'channel': 9}",-2,5760,48,-0.0018115958333333332,4,1,funk/groove1
4,2,38,0:138,note_on,71,5864,5.311598983333333,38,45,"{'type': 'note_on', 'time': 71, 'note': 38, 'velocity': 45, 'channel': 9}",-16,5880,49,-0.014492766666666665,4,2,funk/groove1
4,3,36,0:140,note_on,98,5968,5.405801966666666,36,49,"{'type': 'note_on', 'time': 98, 'note': 36, 'velocity': 49, 'channel': 9}",-32,6000,50,-0.02898553333333333,4,3,funk/groove1
4,3,42,0:143,note_on,0,5980,5.416671541666666,42,57,"{'type': 'note_on', 'time': 0, 'note': 42, 'velocity': 57, 'channel': 9}",-20,6000,50,-0.01811595833333333,4,3,funk/groove1
4,4,36,0:146,note_on,5,6097,5.522649897916666,36,45,"{'type': 'note_on', 'time': 5, 'note': 36, 'velocity': 45, 'channel': 9}",-23,6120,51,-0.020833352083333333,4,4,funk/groove1
4,5,42,0:149,note_on,0,6225,5.638592031249999,42,125,"{'type': 'note_on', 'time': 0, 'note': 22, 'velocity': 125, 'channel': 9}",-15,6240,52,-0.01358696875,4,5,funk/groove1
4,5,38,0:150,note_on,4,6229,5.642215222916666,38,127,"{'type': 'note_on', 'time': 4, 'note': 38, 'velocity': 127, 'channel': 9}",-11,6240,52,-0.009963777083333332,4,5,funk/groove1
4,7,42,0:158,note_on,0,6473,5.863229914583333,42,36,"{'type': 'note_on', 'time': 0, 'note': 42, 'velocity': 36, 'channel': 9}",-7,6480,54,-0.006340585416666666,4,7,funk/groove1
4,8,38,0:160,note_on,8,6593,5.971925664583333,38,82,"{'type': 'note_on', 'time': 8, 'note': 38, 'velocity': 82, 'channel': 9}",-7,6600,55,-0.006340585416666666,4,8,funk/groove1
4,9,42,0:163,note_on,0,6705,6.0733750312499994,42,64,"{'type': 'note_on', 'time': 0, 'note': 42, 'velocity': 64, 'channel': 9}",-15,6720,56,-0.01358696875,4,9,funk/groove1
4,10,38,0:165,note_on,12,6830,6.1865997708333325,38,51,"{'type': 'note_on', 'time': 12, 'note': 38, 'velocity': 51, 'channel': 9}",-10,6840,57,-0.009057979166666666,4,10,funk/groove1
4,11,42,0:168,note_on,0,6945,6.290766531249999,42,65,"{'type': 'note_on', 'time': 0, 'note': 42, 'velocity': 65, 'channel': 9}",-15,6960,58,-0.01358696875,4,11,funk/groove1
4,11,36,0:169,note_on,2,6947,6.292578127083333,36,66,"{'type': 'note_on', 'time': 2, 'note': 36, 'velocity': 66, 'channel': 9}",-13,6960,58,-0.011775372916666665,4,11,funk/groove1
4,13,42,0:173,note_on,0,7185,6.50815803125,42,31,"{'type': 'note_on', 'time': 0, 'note': 42, 'velocity': 31, 'channel': 9}",-15,7200,60,-0.01358696875,4,13,funk/groove1
4,15,38,0:175,note_on,143,7440,6.739136499999999,38,127,"{'type': 'note_on', 'time': 143, 'note': 40, 'velocity': 127, 'channel': 9}",0,7440,62,0.0,4,15,funk/groove1
4,15,42,0:177,note_on,0,7449,6.74728868125,42,55,"{'type': 'note_on', 'time': 0, 'note': 42, 'velocity': 55, 'channel': 9}",9,7440,62,0.00815218125,4,15,funk/groove1
5,1,42,0:181,note_on,0,7687,6.962868585416666,42,124,"{'type': 'note_on', 'time': 0, 'note': 42, 'velocity': 124, 'channel': 9}",7,7680,64,0.006340585416666666,5,1,funk/groove1
5,1,36,0:182,note_on,4,7691,6.966491777083332,36,71,"{'type': 'note_on', 'time': 4, 'note': 36, 'velocity': 71, 'channel': 9}",11,7680,64,0.009963777083333332,5,1,funk/groove1
5,3,42,0:186,note_on,0,7923,7.17663689375,42,57,"{'type': 'note_on', 'time': 0, 'note': 42, 'velocity': 57, 'channel': 9}",3,7920,66,0.00271739375,5,3,funk/groove1
5,3,36,0:187,note_on,1,7924,7.177542691666666,36,73,"{'type': 'note_on', 'time': 1, 'note': 36, 'velocity': 73, 'channel': 9}",4,7920,66,0.0036231916666666663,5,3,funk/groove1
5,5,42,0:191,note_on,0,8173,7.403086372916666,42,113,"{'type': 'note_on', 'time': 0, 'note': 42, 'velocity': 113, 'channel': 9}",13,8160,68,0.011775372916666665,5,5,funk/groove1
5,5,38,0:192,note_on,4,8177,7.406709564583332,38,127,"{'type': 'note_on', 'time': 4, 'note': 38, 'velocity': 127, 'channel': 9}",17,8160,68,0.015398564583333331,5,5,funk/groove1
5,7,38,0:195,note_on,52,8340,7.554354624999999,38,39,"{'type': 'note_on', 'time': 52, 'note': 38, 'velocity': 39, 'channel': 9}",-60,8400,70,-0.054347875,5,7,funk/groove1
5,7,42,0:197,note_on,0,8414,7.621383670833333,42,47,"{'type': 'note_on', 'time': 0, 'note': 42, 'velocity': 47, 'channel': 9}",14,8400,70,0.012681170833333331,5,7,funk/groove1
5,8,38,0:199,note_on,69,8520,7.71739825,38,92,"{'type': 'note_on', 'time': 69, 'note': 38, 'velocity': 92, 'channel': 9}",0,8520,71,0.0,5,8,funk/groove1
5,9,42,0:203,note_on,0,8638,7.824282404166666,42,61,"{'type': 'note_on', 'time': 0, 'note': 42, 'velocity': 61, 'channel': 9}",-2,8640,72,-0.0018115958333333332,5,9,funk/groove1
5,10,38,0:205,note_on,9,8758,7.9329781541666655,38,51,"{'type': 'note_on', 'time': 9, 'note': 38, 'velocity': 51, 'channel': 9}",-2,8760,73,-0.0018115958333333332,5,10,funk/groove1
5,11,42,0:207,note_on,0,8868,8.032615925,42,55,"{'type': 'note_on', 'time': 0, 'note': 42, 'velocity': 55, 'channel': 9}",-12,8880,74,-0.010869575,5,11,funk/groove1
5,11,36,0:209,note_on,4,8872,8.036239116666666,36,54,"{'type': 'note_on', 'time': 4, 'note': 36, 'velocity': 54, 'channel': 9}",-8,8880,74,-0.007246383333333333,5,11,funk/groove1
5,12,36,0:212,note_on,8,8992,8.144934866666667,36,47,"{'type': 'note_on', 'time': 8, 'note': 36, 'velocity': 47, 'channel': 9}",-8,9000,75,-0.007246383333333333,5,12,funk/groove1
5,13,42,0:215,note_on,0,9126,8.2663117875,42,98,"{'type': 'note_on', 'time': 0, 'note': 22, 'velocity': 98, 'channel': 9}",6,9120,76,0.0054347875,5,13,funk/groove1
5,13,38,0:216,note_on,4,9130,8.269934979166665,38,127,"{'type': 'note_on', 'time': 4, 'note': 38, 'velocity': 127, 'channel': 9}",10,9120,76,0.009057979166666666,5,13,funk/groove1
5,14,38,0:219,note_on,42,9283,8.408522060416665,38,39,"{'type': 'note_on', 'time': 42, 'note': 38, 'velocity': 39, 'channel': 9}",43,9240,77,0.03894931041666666,5,14,funk/groove1
5,15,38,0:220,note_on,30,9313,8.435695997916666,38,35,"{'type': 'note_on', 'time': 30, 'note': 38, 'velocity': 35, 'channel': 9}",-47,9360,78,-0.04257250208333333,5,15,funk/groove1
5,15,42,0:223,note_on,0,9384,8.500007649999999,42,36,"{'type': 'note_on', 'time': 0, 'note': 42, 'velocity': 36, 'channel': 9}",24,9360,78,0.02173915,5,15,funk/groove1
5,16,38,0:226,note_on,18,9514,8.617761379166666,38,60,"{'type': 'note_on', 'time': 18, 'note': 38, 'velocity': 60, 'channel': 9}",34,9480,79,0.030797129166666663,5,16,funk/groove1
6,1,36,0:227,note_on,108,9622,8.715587554166666,36,69,"{'type': 'note_on', 'time': 108, 'note': 36, 'velocity': 69, 'channel': 9}",22,9600,80,0.019927554166666663,6,1,funk/groove1
6,1,42,0:230,note_on,0,9630,8.722833937499999,42,90,"{'type': 'note_on', 'time': 0, 'note': 22, 'velocity': 90, 'channel': 9}",30,9600,80,0.0271739375,6,1,funk/groove1
6,3,36,0:233,note_on,116,9858,8.9293558625,36,67,"{'type': 'note_on', 'time': 116, 'note': 36, 'velocity': 67, 'channel': 9}",18,9840,82,0.0163043625,6,3,funk/groove1
6,3,42,0:235,note_on,0,9859,8.930261660416665,42,46,"{'type': 'note_on', 'time': 0, 'note': 42, 'velocity': 46, 'channel': 9}",19,9840,82,0.017210160416666665,6,3,funk/groove1
6,5,38,0:238,note_on,132,10101,9.14946475625,38,119,"{'type': 'note_on', 'time': 132, 'note': 40, 'velocity': 119, 'channel': 9}",21,10080,84,0.019021756249999997,6,5,funk/groove1
6,5,42,0:240,note_on,0,10104,9.15218215,42,114,"{'type': 'note_on', 'time': 0, 'note': 22, 'velocity': 114, 'channel': 9}",24,10080,84,0.02173915,6,5,funk/groove1
6,7,38,0:243,note_on,48,10264,9.297109816666666,38,38,"{'type': 'note_on', 'time': 48, 'note': 38, 'velocity': 38, 'channel': 9}",-56,10320,86,-0.050724683333333326,6,7,funk/groove1
6,7,42,0:245,note_on,0,10336,9.362327266666666,42,41,"{'type': 'note_on', 'time': 0, 'note': 42, 'velocity': 41, 'channel': 9}",16,10320,86,0.014492766666666665,6,7,funk/groove1
6,8,38,0:248,note_on,5,10452,9.467399825,38,77,"{'type': 'note_on', 'time': 5, 'note': 38, 'velocity': 77, 'channel': 9}",12,10440,87,0.010869575,6,8,funk/groove1
6,9,42,0:251,note_on,1,10568,9.572472383333333,42,50,"{'type': 'note_on', 'time': 1, 'note': 42, 'velocity': 50, 'channel': 9}",8,10560,88,0.007246383333333333,6,9,funk/groove1
6,10,38,0:253,note_on,2,10681,9.674827547916665,38,51,"{'type': 'note_on', 'time': 2, 'note': 38, 'velocity': 51, 'channel': 9}",1,10680,89,0.0009057979166666666,6,10,funk/groove1
6,11,42,0:256,note_on,0,10803,9.785334893749999,42,48,"{'type': 'note_on', 'time': 0, 'note': 42, 'velocity': 48, 'channel': 9}",3,10800,90,0.00271739375,6,11,funk/groove1
6,11,36,0:257,note_on,2,10805,9.787146489583332,36,51,"{'type': 'note_on', 'time': 2, 'note': 36, 'velocity': 51, 'channel': 9}",5,10800,90,0.004528989583333333,6,11,funk/groove1
6,12,36,0:260,note_on,2,10916,9.887690058333332,36,46,"{'type': 'note_on', 'time': 2, 'note': 36, 'velocity': 46, 'channel': 9}",-4,10920,91,-0.0036231916666666663,6,12,funk/groove1
6,13,38,0:262,note_on,16,11043,10.002726393749999,38,127,"{'type': 'note_on', 'time': 16, 'note': 38, 'velocity': 127, 'channel': 9}",3,11040,92,0.00271739375,6,13,funk/groove1
6,13,42,0:264,note_on,0,11047,10.006349585416666,42,102,"{'type': 'note_on', 'time': 0, 'note': 22, 'velocity': 102, 'channel': 9}",7,11040,92,0.006340585416666666,6,13,funk/groove1
6,14,38,0:267,note_on,33,11191,10.136784485416666,38,45,"{'type': 'note_on', 'time': 33, 'note': 38, 'velocity': 45, 'channel': 9}",31,11160,93,0.028079735416666664,6,14,funk/groove1
6,15,42,0:269,note_on,0,11297,10.232799064583332,42,34,"{'type': 'note_on', 'time': 0, 'note': 42, 'velocity': 34, 'channel': 9}",17,11280,94,0.015398564583333331,6,15,funk/groove1
6,16,38,0:272,note_on,1,11410,10.335154229166665,38,67,"{'type': 'note_on', 'time': 1, 'note': 38, 'velocity': 67, 'channel': 9}",10,11400,95,0.009057979166666666,6,16,funk/groove1
7,1,36,0:274,note_on,6,11528,10.442038383333331,36,69,"{'type': 'note_on', 'time': 6, 'note': 36, 'velocity': 69, 'channel': 9}",8,11520,96,0.007246383333333333,7,1,funk/groove1
7,1,42,0:276,note_on,0,11530,10.443849979166666,42,57,"{'type': 'note_on', 'time': 0, 'note': 42, 'velocity': 57, 'channel': 9}",10,11520,96,0.009057979166666666,7,1,funk/groove1
7,3,36,0:279,note_on,114,11756,10.648560308333332,36,70,"{'type': 'note_on', 'time': 114, 'note': 36, 'velocity': 70, 'channel': 9}",-4,11760,98,-0.0036231916666666663,7,3,funk/groove1
7,3,42,0:281,note_on,0,11766,10.657618287499998,42,44,"{'type': 'note_on', 'time': 0, 'note': 42, 'velocity': 44, 'channel': 9}",6,11760,98,0.0054347875,7,3,funk/groove1
7,5,38,0:284,note_on,113,11991,10.861422818749999,38,120,"{'type': 'note_on', 'time': 113, 'note': 40, 'velocity': 120, 'channel': 9}",-9,12000,100,-0.00815218125,7,5,funk/groove1
7,5,42,0:286,note_on,0,12003,10.87229239375,42,91,"{'type': 'note_on', 'time': 0, 'note': 42, 'velocity': 91, 'channel': 9}",3,12000,100,0.00271739375,7,5,funk/groove1
7,7,42,0:293,note_on,0,12240,11.086966499999999,42,37,"{'type': 'note_on', 'time': 0, 'note': 42, 'velocity': 37, 'channel': 9}",0,12240,102,0.0,7,7,funk/groove1
7,8,38,0:296,note_on,6,12358,11.193850654166665,38,81,"{'type': 'note_on', 'time': 6, 'note': 38, 'velocity': 81, 'channel': 9}",-2,12360,103,-0.0018115958333333332,7,8,funk/groove1
7,9,42,0:298,note_on,0,12470,11.295300020833333,42,49,"{'type': 'note_on', 'time': 0, 'note': 42, 'velocity': 49, 'channel': 9}",-10,12480,104,-0.009057979166666666,7,9,funk/groove1
7,10,38,0:300,note_on,111,12581,11.395843589583333,38,48,"{'type': 'note_on', 'time': 111, 'note': 38, 'velocity': 48, 'channel': 9}",-19,12600,105,-0.017210160416666665,7,10,funk/groove1
7,11,36,0:303,note_on,13,12706,11.509068329166665,36,74,"{'type': 'note_on', 'time': 13, 'note': 36, 'velocity': 74, 'channel': 9}",-14,12720,106,-0.012681170833333331,7,11,funk/groove1
7,11,42,0:305,note_on,0,12713,11.515408914583332,42,100,"{'type': 'note_on', 'time': 0, 'note': 22, 'velocity': 100, 'channel': 9}",-7,12720,106,-0.006340585416666666,7,11,funk/groove1
7,13,42,0:309,note_on,0,12955,11.734612010416665,42,19,"{'type': 'note_on', 'time': 0, 'note': 42, 'velocity': 19, 'channel': 9}",-5,12960,108,-0.004528989583333333,7,13,funk/groove1
7,15,38,0:311,note_on,140,13206,11.961967287499998,38,116,"{'type': 'note_on', 'time': 140, 'note': 40, 'velocity': 116, 'channel': 9}",6,13200,110,0.0054347875,7,15,funk/groove1
7,15,42,0:313,note_on,0,13210,11.965590479166666,42,84,"{'type': 'note_on', 'time': 0, 'note': 42, 'velocity': 84, 'channel': 9}",10,13200,110,0.009057979166666666,7,15,funk/groove1
7,16,38,0:316,note_on,33,13355,12.096931177083333,38,32,"{'type': 'note_on', 'time': 33, 'note': 38, 'velocity': 32, 'channel': 9}",35,13320,111,0.03170292708333333,7,16,funk/groove1
8,1,42,0:318,note_on,0,13445,12.178452989583333,42,37,"{'type': 'note_on', 'time': 0, 'note': 42, 'velocity': 37, 'channel': 9}",5,13440,112,0.004528989583333333,8,1,funk/groove1
8,1,36,0:319,note_on,8,13453,12.185699372916666,36,65,"{'type': 'note_on', 'time': 8, 'note': 36, 'velocity': 65, 'channel': 9}",13,13440,112,0.011775372916666665,8,1,funk/groove1
8,2,38,0:321,note_on,85,13552,12.275373366666665,38,56,"{'type': 'note_on', 'time': 85, 'note': 38, 'velocity': 56, 'channel': 9}",-8,13560,113,-0.007246383333333333,8,2,funk/groove1
8,3,36,0:325,note_on,17,13681,12.392221297916665,36,49,"{'type': 'note_on', 'time': 17, 'note': 36, 'velocity': 49, 'channel': 9}",1,13680,114,0.0009057979166666666,8,3,funk/groove1
8,3,42,0:327,note_on,0,13682,12.393127095833332,42,70,"{'type': 'note_on', 'time': 0, 'note': 42, 'velocity': 70, 'channel': 9}",2,13680,114,0.0018115958333333332,8,3,funk/groove1
8,5,42,0:331,note_on,0,13927,12.615047585416665,42,127,"{'type': 'note_on', 'time': 0, 'note': 22, 'velocity': 127, 'channel': 9}",7,13920,116,0.006340585416666666,8,5,funk/groove1
8,5,38,0:332,note_on,0,13927,12.615047585416665,38,127,"{'type': 'note_on', 'time': 0, 'note': 40, 'velocity': 127, 'channel': 9}",7,13920,116,0.006340585416666666,8,5,funk/groove1
8,7,42,0:340,note_on,0,14182,12.846026054166666,42,37,"{'type': 'note_on', 'time': 0, 'note': 42, 'velocity': 37, 'channel': 9}",22,14160,118,0.019927554166666663,8,7,funk/groove1
8,8,38,0:341,note_on,104,14286,12.940229037499998,38,87,"{'type': 'note_on', 'time': 104, 'note': 38, 'velocity': 87, 'channel': 9}",6,14280,119,0.0054347875,8,8,funk/groove1
8,9,42,0:345,note_on,1,14406,13.048924787499999,42,55,"{'type': 'note_on', 'time': 1, 'note': 42, 'velocity': 55, 'channel': 9}",6,14400,120,0.0054347875,8,9,funk/groove1
8,10,38,0:346,note_on,112,14518,13.150374154166665,38,58,"{'type': 'note_on', 'time': 112, 'note': 38, 'velocity': 58, 'channel': 9}",-2,14520,121,-0.0018115958333333332,8,10,funk/groove1
8,11,36,0:349,note_on,11,14640,13.260881499999998,36,67,"{'type': 'note_on', 'time': 11, 'note': 36, 'velocity': 67, 'channel': 9}",0,14640,122,0.0,8,11,funk/groove1
8,11,42,0:351,note_on,0,14645,13.265410489583331,42,75,"{'type': 'note_on', 'time': 0, 'note': 42, 'velocity': 75, 'channel': 9}",5,14640,122,0.004528989583333333,8,11,funk/groove1
8,13,42,0:355,note_on,0,14886,13.483707787499998,42,42,"{'type': 'note_on', 'time': 0, 'note': 42, 'velocity': 42, 'channel': 9}",6,14880,124,0.0054347875,8,13,funk/groove1
8,15,38,0:357,note_on,124,15122,13.697476095833332,38,127,"{'type': 'note_on', 'time': 124, 'note': 38, 'velocity': 127, 'channel': 9}",2,15120,126,0.0018115958333333332,8,15,funk/groove1
8,15,42,0:359,note_on,0,15135,13.709251468749999,42,54,"{'type': 'note_on', 'time': 0, 'note': 42, 'velocity': 54, 'channel': 9}",15,15120,126,0.01358696875,8,15,funk/groove1
9,1,36,0:362,note_on,115,15363,13.91577339375,36,73,"{'type': 'note_on', 'time': 115, 'note': 36, 'velocity': 73, 'channel': 9}",3,15360,128,0.00271739375,9,1,funk/groove1
9,1,42,0:364,note_on,0,15367,13.919396585416665,42,125,"{'type': 'note_on', 'time': 0, 'note': 42, 'velocity': 125, 'channel': 9}",7,15360,128,0.006340585416666666,9,1,funk/groove1
9,3,36,0:367,note_on,114,15593,14.124106914583331,36,72,"{'type': 'note_on', 'time': 114, 'note': 36, 'velocity': 72, 'channel': 9}",-7,15600,130,-0.006340585416666666,9,3,funk/groove1
9,3,42,0:369,note_on,0,15600,14.130447499999999,42,58,"{'type': 'note_on', 'time': 0, 'note': 42, 'velocity': 58, 'channel': 9}",0,15600,130,0.0,9,3,funk/groove1
9,5,38,0:372,note_on,129,15841,14.348744797916666,38,127,"{'type': 'note_on', 'time': 129, 'note': 40, 'velocity': 127, 'channel': 9}",1,15840,132,0.0009057979166666666,9,5,funk/groove1
9,5,42,0:374,note_on,0,15843,14.350556393749999,42,125,"{'type': 'note_on', 'time': 0, 'note': 22, 'velocity': 125, 'channel': 9}",3,15840,132,0.00271739375,9,5,funk/groove1
9,6,38,0:377,note_on,43,15998,14.490955070833332,38,41,"{'type': 'note_on', 'time': 43, 'note': 38, 'velocity': 41, 'channel': 9}",38,15960,133,0.03442032083333333,9,6,funk/groove1
9,7,38,0:378,note_on,23,16021,14.511788422916664,38,33,"{'type': 'note_on', 'time': 23, 'note': 38, 'velocity': 33, 'channel': 9}",-59,16080,134,-0.05344207708333333,9,7,funk/groove1
9,7,42,0:381,note_on,0,16091,14.575194277083332,42,41,"{'type': 'note_on', 'time': 0, 'note': 42, 'velocity': 41, 'channel': 9}",11,16080,134,0.009963777083333332,9,7,funk/groove1
9,8,38,0:383,note_on,93,16202,14.675737845833332,38,94,"{'type': 'note_on', 'time': 93, 'note': 38, 'velocity': 94, 'channel': 9}",2,16200,135,0.0018115958333333332,9,8,funk/groove1
9,9,42,0:386,note_on,0,16314,14.7771872125,42,65,"{'type': 'note_on', 'time': 0, 'note': 42, 'velocity': 65, 'channel': 9}",-6,16320,136,-0.0054347875,9,9,funk/groove1
9,10,38,0:389,note_on,5,16432,14.884071366666666,38,53,"{'type': 'note_on', 'time': 5, 'note': 38, 'velocity': 53, 'channel': 9}",-8,16440,137,-0.007246383333333333,9,10,funk/groove1
9,11,36,0:391,note_on,11,16555,14.995484510416665,36,54,"{'type': 'note_on', 'time': 11, 'note': 36, 'velocity': 54, 'channel': 9}",-5,16560,138,-0.004528989583333333,9,11,funk/groove1
9,11,42,0:393,note_on,0,16560,15.000013499999998,42,55,"{'type': 'note_on', 'time': 0, 'note': 42, 'velocity': 55, 'channel': 9}",0,16560,138,0.0,9,11,funk/groove1
9,12,36,0:395,note_on,5,16671,15.100557068749998,36,49,"{'type': 'note_on', 'time': 5, 'note': 36, 'velocity': 49, 'channel': 9}",-9,16680,139,-0.00815218125,9,12,funk/groove1
9,13,38,0:398,note_on,17,16799,15.216499202083332,38,127,"{'type': 'note_on', 'time': 17, 'note': 40, 'velocity': 127, 'channel': 9}",-1,16800,140,-0.0009057979166666666,9,13,funk/groove1
9,13,42,0:400,note_on,0,16803,15.220122393749998,42,116,"{'type': 'note_on', 'time': 0, 'note': 22, 'velocity': 116, 'channel': 9}",3,16800,140,0.00271739375,9,13,funk/groove1
9,14,38,0:403,note_on,19,16934,15.338781920833332,38,43,"{'type': 'note_on', 'time': 19, 'note': 38, 'velocity': 43, 'channel': 9}",14,16920,141,0.012681170833333331,9,14,funk/groove1
9,15,42,0:406,note_on,0,17057,15.450195064583331,42,40,"{'type': 'note_on', 'time': 0, 'note': 42, 'velocity': 40, 'channel': 9}",17,17040,142,0.015398564583333331,9,15,funk/groove1
9,16,38,0:407,note_on,112,17169,15.551644431249999,38,71,"{'type': 'note_on', 'time': 112, 'note': 38, 'velocity': 71, 'channel': 9}",9,17160,143,0.00815218125,9,16,funk/groove1
10,1,36,0:410,note_on,7,17287,15.658528585416665,36,72,"{'type': 'note_on', 'time': 7, 'note': 36, 'velocity': 72, 'channel': 9}",7,17280,144,0.006340585416666666,10,1,funk/groove1
10,1,42,0:412,note_on,0,17294,15.664869170833331,42,87,"{'type': 'note_on', 'time': 0, 'note': 42, 'velocity': 87, 'channel': 9}",14,17280,144,0.012681170833333331,10,1,funk/groove1
10,3,36,0:415,note_on,112,17518,15.867767904166666,36,70,"{'type': 'note_on', 'time': 112, 'note': 36, 'velocity': 70, 'channel': 9}",-2,17520,146,-0.0018115958333333332,10,3,funk/groove1
10,3,42,0:417,note_on,0,17532,15.880449074999998,42,54,"{'type': 'note_on', 'time': 0, 'note': 42, 'velocity': 54, 'channel': 9}",12,17520,146,0.010869575,10,3,funk/groove1
10,5,38,0:420,note_on,117,17761,16.087876797916664,38,127,"{'type': 'note_on', 'time': 117, 'note': 38, 'velocity': 127, 'channel': 9}",1,17760,148,0.0009057979166666666,10,5,funk/groove1
10,5,42,0:422,note_on,0,17772,16.097840575,42,117,"{'type': 'note_on', 'time': 0, 'note': 22, 'velocity': 117, 'channel': 9}",12,17760,148,0.010869575,10,5,funk/groove1
10,6,38,0:425,note_on,14,17898,16.2119711125,38,32,"{'type': 'note_on', 'time': 14, 'note': 38, 'velocity': 32, 'channel': 9}",18,17880,149,0.0163043625,10,6,funk/groove1
10,7,42,0:427,note_on,0,18001,16.305268297916665,42,55,"{'type': 'note_on', 'time': 0, 'note': 42, 'velocity': 55, 'channel': 9}",1,18000,150,0.0009057979166666666,10,7,funk/groove1
10,8,38,0:429,note_on,100,18109,16.403094472916663,38,98,"{'type': 'note_on', 'time': 100, 'note': 38, 'velocity': 98, 'channel': 9}",-11,18120,151,-0.009963777083333332,10,8,funk/groove1
10,9,42,0:433,note_on,0,18237,16.519036606249998,42,61,"{'type': 'note_on', 'time': 0, 'note': 42, 'velocity': 61, 'channel': 9}",-3,18240,152,-0.00271739375,10,9,funk/groove1
10,10,38,0:435,note_on,10,18360,16.630449749999997,38,47,"{'type': 'note_on', 'time': 10, 'note': 38, 'velocity': 47, 'channel': 9}",0,18360,153,0.0,10,10,funk/groove1
10,11,42,0:438,note_on,0,18476,16.73552230833333,42,57,"{'type': 'note_on', 'time': 0, 'note': 42, 'velocity': 57, 'channel': 9}",-4,18480,154,-0.0036231916666666663,10,11,funk/groove1
10,11,36,0:439,note_on,6,18482,16.74095709583333,36,47,"{'type': 'note_on', 'time': 6, 'note': 36, 'velocity': 47, 'channel': 9}",2,18480,154,0.0018115958333333332,10,11,funk/groove1
10,12,36,0:442,note_on,6,18600,16.84784125,36,49,"{'type': 'note_on', 'time': 6, 'note': 36, 'velocity': 49, 'channel': 9}",0,18600,155,0.0,10,12,funk/groove1
10,13,38,0:444,note_on,8,18719,16.95563120208333,38,127,"{'type': 'note_on', 'time': 8, 'note': 40, 'velocity': 127, 'channel': 9}",-1,18720,156,-0.0009057979166666666,10,13,funk/groove1
10,13,42,0:446,note_on,0,18724,16.960160191666667,42,79,"{'type': 'note_on', 'time': 0, 'note': 22, 'velocity': 79, 'channel': 9}",4,18720,156,0.0036231916666666663,10,13,funk/groove1
10,15,42,0:454,note_on,0,18982,17.193856054166666,42,31,"{'type': 'note_on', 'time': 0, 'note': 42, 'velocity': 31, 'channel': 9}",22,18960,158,0.019927554166666663,10,15,funk/groove1
10,16,38,0:455,note_on,101,19083,17.285341643749998,38,75,"{'type': 'note_on', 'time': 101, 'note': 38, 'velocity': 75, 'channel': 9}",3,19080,159,0.00271739375,10,16,funk/groove1
11,1,36,0:457,note_on,98,19192,17.384073616666665,36,67,"{'type': 'note_on', 'time': 98, 'note': 36, 'velocity': 67, 'channel': 9}",-8,19200,160,-0.007246383333333333,11,1,funk/groove1
11,1,42,0:460,note_on,0,19205,17.39584898958333,42,87,"{'type': 'note_on', 'time': 0, 'note': 22, 'velocity': 87, 'channel': 9}",5,19200,160,0.004528989583333333,11,1,funk/groove1
11,3,36,0:463,note_on,110,19427,17.59693612708333,36,63,"{'type': 'note_on', 'time': 110, 'note': 36, 'velocity': 63, 'channel': 9}",-13,19440,162,-0.011775372916666665,11,3,funk/groove1
11,3,42,0:465,note_on,1,19444,17.612334691666664,42,48,"{'type': 'note_on', 'time': 1, 'note': 42, 'velocity': 48, 'channel': 9}",4,19440,162,0.0036231916666666663,11,3,funk/groove1
11,5,38,0:468,note_on,129,19685,17.83063198958333,38,127,"{'type': 'note_on', 'time': 129, 'note': 38, 'velocity': 127, 'channel': 9}",5,19680,164,0.004528989583333333,11,5,funk/groove1
11,5,42,0:470,note_on,0,19688,17.83334938333333,42,79,"{'type': 'note_on', 'time': 0, 'note': 22, 'velocity': 79, 'channel': 9}",8,19680,164,0.007246383333333333,11,5,funk/groove1
11,7,42,0:477,note_on,1,19926,18.0489292875,42,40,"{'type': 'note_on', 'time': 1, 'note': 42, 'velocity': 40, 'channel': 9}",6,19920,166,0.0054347875,11,7,funk/groove1
11,8,38,0:479,note_on,98,20033,18.14584966458333,38,74,"{'type': 'note_on', 'time': 98, 'note': 38, 'velocity': 74, 'channel': 9}",-7,20040,167,-0.006340585416666666,11,8,funk/groove1
11,9,42,0:483,note_on,0,20152,18.253639616666664,42,57,"{'type': 'note_on', 'time': 0, 'note': 42, 'velocity': 57, 'channel': 9}",-8,20160,168,-0.007246383333333333,11,9,funk/groove1
11,10,38,0:485,note_on,8,20272,18.362335366666663,38,56,"{'type': 'note_on', 'time': 8, 'note': 38, 'velocity': 56, 'channel': 9}",-8,20280,169,-0.007246383333333333,11,10,funk/groove1
11,11,36,0:487,note_on,12,20395,18.473748510416666,36,80,"{'type': 'note_on', 'time': 12, 'note': 36, 'velocity': 80, 'channel': 9}",-5,20400,170,-0.004528989583333333,11,11,funk/groove1
11,11,42,0:489,note_on,0,20405,18.482806489583332,42,92,"{'type': 'note_on', 'time': 0, 'note': 42, 'velocity': 92, 'channel': 9}",5,20400,170,0.004528989583333333,11,11,funk/groove1
11,13,42,0:493,note_on,0,20635,18.691140010416664,42,34,"{'type': 'note_on', 'time': 0, 'note': 42, 'velocity': 34, 'channel': 9}",-5,20640,172,-0.004528989583333333,11,13,funk/groove1
11,15,38,0:495,note_on,136,20884,18.916683691666666,38,116,"{'type': 'note_on', 'time': 136, 'note': 40, 'velocity': 116, 'channel': 9}",4,20880,174,0.0036231916666666663,11,15,funk/groove1
11,15,42,0:497,note_on,0,20892,18.923930074999998,42,113,"{'type': 'note_on', 'time': 0, 'note': 42, 'velocity': 113, 'channel': 9}",12,20880,174,0.010869575,11,15,funk/groove1
11,16,38,0:500,note_on,25,21029,19.048024389583333,38,33,"{'type': 'note_on', 'time': 25, 'note': 38, 'velocity': 33, 'channel': 9}",29,21000,175,0.026268139583333332,11,16,funk/groove1
12,1,38,0:501,note_on,32,21061,19.077009922916666,38,34,"{'type': 'note_on', 'time': 32, 'note': 38, 'velocity': 34, 'channel': 9}",-59,21120,176,-0.05344207708333333,12,1,funk/groove1
12,1,42,0:504,note_on,0,21125,19.134980989583333,42,40,"{'type': 'note_on', 'time': 0, 'note': 42, 'velocity': 40, 'channel': 9}",5,21120,176,0.004528989583333333,12,1,funk/groove1
12,2,38,0:506,note_on,95,21235,19.234618760416666,38,74,"{'type': 'note_on', 'time': 95, 'note': 38, 'velocity': 74, 'channel': 9}",-5,21240,177,-0.004528989583333333,12,2,funk/groove1
12,3,36,0:509,note_on,3,21349,19.337879722916664,36,53,"{'type': 'note_on', 'time': 3, 'note': 36, 'velocity': 53, 'channel': 9}",-11,21360,178,-0.009963777083333332,12,3,funk/groove1
12,3,42,0:511,note_on,1,21361,19.348749297916665,42,62,"{'type': 'note_on', 'time': 1, 'note': 42, 'velocity': 62, 'channel': 9}",1,21360,178,0.0009057979166666666,12,3,funk/groove1
12,4,36,0:514,note_on,10,21482,19.45835084583333,36,52,"{'type': 'note_on', 'time': 10, 'note': 36, 'velocity': 52, 'channel': 9}",2,21480,179,0.0018115958333333332,12,4,funk/groove1
12,5,42,0:517,note_on,0,21609,19.57338718125,42,94,"{'type': 'note_on', 'time': 0, 'note': 22, 'velocity': 94, 'channel': 9}",9,21600,180,0.00815218125,12,5,funk/groove1
12,5,38,0:518,note_on,3,21612,19.576104575,38,119,"{'type': 'note_on', 'time': 3, 'note': 40, 'velocity': 119, 'channel': 9}",12,21600,180,0.010869575,12,5,funk/groove1
12,6,38,0:521,note_on,20,21744,19.6956699,38,46,"{'type': 'note_on', 'time': 20, 'note': 38, 'velocity': 46, 'channel': 9}",24,21720,181,0.02173915,12,6,funk/groove1
12,7,42,0:524,note_on,0,21865,19.805271447916663,42,43,"{'type': 'note_on', 'time': 0, 'note': 42, 'velocity': 43, 'channel': 9}",25,21840,182,0.022644947916666665,12,7,funk/groove1
12,8,38,0:526,note_on,2,21978,19.9076266125,38,96,"{'type': 'note_on', 'time': 2, 'note': 40, 'velocity': 96, 'channel': 9}",18,21960,183,0.0163043625,12,8,funk/groove1
12,9,42,0:529,note_on,0,22099,20.017228160416664,42,55,"{'type': 'note_on', 'time': 0, 'note': 42, 'velocity': 55, 'channel': 9}",19,22080,184,0.017210160416666665,12,9,funk/groove1
12,10,38,0:531,note_on,5,22215,20.122300718749997,38,64,"{'type': 'note_on', 'time': 5, 'note': 38, 'velocity': 64, 'channel': 9}",15,22200,185,0.01358696875,12,10,funk/groove1
12,11,36,0:533,note_on,14,22340,20.23552545833333,36,75,"{'type': 'note_on', 'time': 14, 'note': 36, 'velocity': 75, 'channel': 9}",20,22320,186,0.01811595833333333,12,11,funk/groove1
12,11,42,0:535,note_on,0,22346,20.24096024583333,42,72,"{'type': 'note_on', 'time': 0, 'note': 42, 'velocity': 72, 'channel': 9}",26,22320,186,0.02355074583333333,12,11,funk/groove1
12,13,42,0:539,note_on,0,22601,20.47193871458333,42,19,"{'type': 'note_on', 'time': 0, 'note': 42, 'velocity': 19, 'channel': 9}",41,22560,188,0.03713771458333333,12,13,funk/groove1
12,15,38,0:541,note_on,114,22827,20.676649043749997,38,127,"{'type': 'note_on', 'time': 114, 'note': 38, 'velocity': 127, 'channel': 9}",27,22800,190,0.024456543749999997,12,15,funk/groove1
12,15,42,0:543,note_on,0,22833,20.682083831249997,42,102,"{'type': 'note_on', 'time': 0, 'note': 42, 'velocity': 102, 'channel': 9}",33,22800,190,0.029891331249999997,12,15,funk/groove1
13,1,36,0:546,note_on,119,23064,20.891323149999998,36,72,"{'type': 'note_on', 'time': 119, 'note': 36, 'velocity': 72, 'channel': 9}",24,23040,192,0.02173915,13,1,funk/groove1
13,1,42,0:548,note_on,0,23075,20.90128692708333,42,127,"{'type': 'note_on', 'time': 0, 'note': 42, 'velocity': 127, 'channel': 9}",35,23040,192,0.03170292708333333,13,1,funk/groove1
13,3,36,0:551,note_on,101,23287,21.093316085416664,36,67,"{'type': 'note_on', 'time': 101, 'note': 36, 'velocity': 67, 'channel': 9}",7,23280,194,0.006340585416666666,13,3,funk/groove1
13,3,42,0:553,note_on,0,23301,21.10599725625,42,59,"{'type': 'note_on', 'time': 0, 'note': 42, 'velocity': 59, 'channel': 9}",21,23280,194,0.019021756249999997,13,3,funk/groove1
13,5,42,0:557,note_on,1,23548,21.329729341666663,42,127,"{'type': 'note_on', 'time': 1, 'note': 22, 'velocity': 127, 'channel': 9}",28,23520,196,0.025362341666666663,13,5,funk/groove1
13,5,38,0:558,note_on,1,23549,21.330635139583332,38,127,"{'type': 'note_on', 'time': 1, 'note': 40, 'velocity': 127, 'channel': 9}",29,23520,196,0.026268139583333332,13,5,funk/groove1
13,7,42,0:565,note_on,1,23792,21.55074403333333,42,33,"{'type': 'note_on', 'time': 1, 'note': 42, 'velocity': 33, 'channel': 9}",32,23760,198,0.02898553333333333,13,7,funk/groove1
13,8,38,0:567,note_on,80,23893,21.642229622916666,38,102,"{'type': 'note_on', 'time': 80, 'note': 38, 'velocity': 102, 'channel': 9}",13,23880,199,0.011775372916666665,13,8,funk/groove1
13,9,42,0:571,note_on,0,24010,21.748207979166665,42,77,"{'type': 'note_on', 'time': 0, 'note': 42, 'velocity': 77, 'channel': 9}",10,24000,200,0.009057979166666666,13,9,funk/groove1
13,10,38,0:572,note_on,111,24121,21.848751547916663,38,54,"{'type': 'note_on', 'time': 111, 'note': 38, 'velocity': 54, 'channel': 9}",1,24120,201,0.0009057979166666666,13,10,funk/groove1
13,11,42,0:576,note_on,0,24239,21.95563570208333,42,62,"{'type': 'note_on', 'time': 0, 'note': 42, 'velocity': 62, 'channel': 9}",-1,24240,202,-0.0009057979166666666,13,11,funk/groove1
13,11,36,0:577,note_on,1,24240,21.956541499999997,36,50,"{'type': 'note_on', 'time': 1, 'note': 36, 'velocity': 50, 'channel': 9}",0,24240,202,0.0,13,11,funk/groove1
13,12,36,0:580,note_on,5,24356,22.06161405833333,36,47,"{'type': 'note_on', 'time': 5, 'note': 36, 'velocity': 47, 'channel': 9}",-4,24360,203,-0.0036231916666666663,13,12,funk/groove1
13,13,38,0:582,note_on,10,24477,22.171215606249998,38,127,"{'type': 'note_on', 'time': 10, 'note': 40, 'velocity': 127, 'channel': 9}",-3,24480,204,-0.00271739375,13,13,funk/groove1
13,13,42,0:584,note_on,0,24486,22.1793677875,42,98,"{'type': 'note_on', 'time': 0, 'note': 22, 'velocity': 98, 'channel': 9}",6,24480,204,0.0054347875,13,13,funk/groove1
13,15,42,0:592,note_on,1,24741,22.410346256249998,42,39,"{'type': 'note_on', 'time': 1, 'note': 42, 'velocity': 39, 'channel': 9}",21,24720,206,0.019021756249999997,13,15,funk/groove1
13,16,38,0:593,note_on,97,24838,22.498208654166664,38,82,"{'type': 'note_on', 'time': 97, 'note': 37, 'velocity': 82, 'channel': 9}",-2,24840,207,-0.0018115958333333332,13,16,funk/groove1
14,1,36,0:596,note_on,16,24965,22.613244989583333,36,68,"{'type': 'note_on', 'time': 16, 'note': 36, 'velocity': 68, 'channel': 9}",5,24960,208,0.004528989583333333,14,1,funk/groove1
14,1,42,0:598,note_on,0,24968,22.615962383333333,42,86,"{'type': 'note_on', 'time': 0, 'note': 22, 'velocity': 86, 'channel': 9}",8,24960,208,0.007246383333333333,14,1,funk/groove1
14,3,36,0:601,note_on,122,25202,22.82791909583333,36,63,"{'type': 'note_on', 'time': 122, 'note': 36, 'velocity': 63, 'channel': 9}",2,25200,210,0.0018115958333333332,14,3,funk/groove1
14,3,42,0:603,note_on,0,25208,22.83335388333333,42,51,"{'type': 'note_on', 'time': 0, 'note': 42, 'velocity': 51, 'channel': 9}",8,25200,210,0.007246383333333333,14,3,funk/groove1
14,5,38,0:606,note_on,130,25450,23.052556979166663,38,127,"{'type': 'note_on', 'time': 130, 'note': 38, 'velocity': 127, 'channel': 9}",10,25440,212,0.009057979166666666,14,5,funk/groove1
14,5,42,0:608,note_on,0,25451,23.053462777083332,42,127,"{'type': 'note_on', 'time': 0, 'note': 22, 'velocity': 127, 'channel': 9}",11,25440,212,0.009963777083333332,14,5,funk/groove1
14,6,38,0:611,note_on,39,25602,23.1902382625,38,43,"{'type': 'note_on', 'time': 39, 'note': 38, 'velocity': 43, 'channel': 9}",42,25560,213,0.038043512499999994,14,6,funk/groove1
14,7,42,0:613,note_on,1,25701,23.279912256249997,42,52,"{'type': 'note_on', 'time': 1, 'note': 42, 'velocity': 52, 'channel': 9}",21,25680,214,0.019021756249999997,14,7,funk/groove1
14,8,38,0:615,note_on,91,25803,23.372303643749998,38,91,"{'type': 'note_on', 'time': 91, 'note': 38, 'velocity': 91, 'channel': 9}",3,25800,215,0.00271739375,14,8,funk/groove1
14,9,42,0:619,note_on,0,25923,23.480999393749997,42,76,"{'type': 'note_on', 'time': 0, 'note': 42, 'velocity': 76, 'channel': 9}",3,25920,216,0.00271739375,14,9,funk/groove1
14,10,38,0:621,note_on,3,26038,23.585166154166664,38,50,"{'type': 'note_on', 'time': 3, 'note': 38, 'velocity': 50, 'channel': 9}",-2,26040,217,-0.0018115958333333332,14,10,funk/groove1
14,11,36,0:623,note_on,19,26168,23.70291988333333,36,50,"{'type': 'note_on', 'time': 19, 'note': 36, 'velocity': 50, 'channel': 9}",8,26160,218,0.007246383333333333,14,11,funk/groove1
14,11,42,0:625,note_on,0,26170,23.704731479166664,42,50,"{'type': 'note_on', 'time': 0, 'note': 42, 'velocity': 50, 'channel': 9}",10,26160,218,0.009057979166666666,14,11,funk/groove1
14,12,36,0:628,note_on,2,26284,23.807992441666663,36,49,"{'type': 'note_on', 'time': 2, 'note': 36, 'velocity': 49, 'channel': 9}",4,26280,219,0.0036231916666666663,14,12,funk/groove1
14,13,38,0:630,note_on,12,26408,23.92031138333333,38,123,"{'type': 'note_on', 'time': 12, 'note': 40, 'velocity': 123, 'channel': 9}",8,26400,220,0.007246383333333333,14,13,funk/groove1
14,13,42,0:632,note_on,1,26410,23.922122979166666,42,108,"{'type': 'note_on', 'time': 1, 'note': 22, 'velocity': 108, 'channel': 9}",10,26400,220,0.009057979166666666,14,13,funk/groove1
14,14,38,0:635,note_on,26,26548,24.047123091666663,38,41,"{'type': 'note_on', 'time': 26, 'note': 38, 'velocity': 41, 'channel': 9}",28,26520,221,0.025362341666666663,14,14,funk/groove1
14,15,42,0:638,note_on,0,26667,24.154913043749996,42,40,"{'type': 'note_on', 'time': 0, 'note': 42, 'velocity': 40, 'channel': 9}",27,26640,222,0.024456543749999997,14,15,funk/groove1
14,16,38,0:639,note_on,110,26777,24.254550814583332,38,71,"{'type': 'note_on', 'time': 110, 'note': 38, 'velocity': 71, 'channel': 9}",17,26760,223,0.015398564583333331,14,16,funk/groove1
15,1,36,0:641,note_on,109,26888,24.35509438333333,36,74,"{'type': 'note_on', 'time': 109, 'note': 36, 'velocity': 74, 'channel': 9}",8,26880,224,0.007246383333333333,15,1,funk/groove1
15,1,42,0:644,note_on,0,26896,24.362340766666666,42,103,"{'type': 'note_on', 'time': 0, 'note': 42, 'velocity': 103, 'channel': 9}",16,26880,224,0.014492766666666665,15,1,funk/groove1
15,3,36,0:647,note_on,112,27119,24.56433370208333,36,61,"{'type': 'note_on', 'time': 112, 'note': 36, 'velocity': 61, 'channel': 9}",-1,27120,226,-0.0009057979166666666,15,3,funk/groove1
15,3,42,0:649,note_on,0,27125,24.569768489583332,42,55,"{'type': 'note_on', 'time': 0, 'note': 42, 'velocity': 55, 'channel': 9}",5,27120,226,0.004528989583333333,15,3,funk/groove1
15,5,38,0:652,note_on,126,27363,24.78534839375,38,127,"{'type': 'note_on', 'time': 126, 'note': 38, 'velocity': 127, 'channel': 9}",3,27360,228,0.00271739375,15,5,funk/groove1
15,5,42,0:654,note_on,0,27366,24.7880657875,42,119,"{'type': 'note_on', 'time': 0, 'note': 22, 'velocity': 119, 'channel': 9}",6,27360,228,0.0054347875,15,5,funk/groove1
15,6,38,0:657,note_on,22,27500,24.90944270833333,38,38,"{'type': 'note_on', 'time': 22, 'note': 38, 'velocity': 38, 'channel': 9}",20,27480,229,0.01811595833333333,15,6,funk/groove1
15,7,42,0:659,note_on,0,27607,25.006363085416663,42,51,"{'type': 'note_on', 'time': 0, 'note': 42, 'velocity': 51, 'channel': 9}",7,27600,230,0.006340585416666666,15,7,funk/groove1
15,8,38,0:661,note_on,98,27709,25.098754472916664,38,66,"{'type': 'note_on', 'time': 98, 'note': 38, 'velocity': 66, 'channel': 9}",-11,27720,231,-0.009963777083333332,15,8,funk/groove1
15,9,42,0:665,note_on,0,27827,25.20563862708333,42,74,"{'type': 'note_on', 'time': 0, 'note': 42, 'velocity': 74, 'channel': 9}",-13,27840,232,-0.011775372916666665,15,9,funk/groove1
15,10,38,0:667,note_on,5,27944,25.31161698333333,38,57,"{'type': 'note_on', 'time': 5, 'note': 38, 'velocity': 57, 'channel': 9}",-16,27960,233,-0.014492766666666665,15,10,funk/groove1
15,11,36,0:669,note_on,11,28066,25.422124329166664,36,78,"{'type': 'note_on', 'time': 11, 'note': 36, 'velocity': 78, 'channel': 9}",-14,28080,234,-0.012681170833333331,15,11,funk/groove1
15,11,42,0:671,note_on,1,28075,25.430276510416665,42,109,"{'type': 'note_on', 'time': 1, 'note': 22, 'velocity': 109, 'channel': 9}",-5,28080,234,-0.004528989583333333,15,11,funk/groove1
15,13,42,0:675,note_on,1,28305,25.638610031249996,42,27,"{'type': 'note_on', 'time': 1, 'note': 42, 'velocity': 27, 'channel': 9}",-15,28320,236,-0.01358696875,15,13,funk/groove1
15,15,38,0:677,note_on,132,28548,25.858718924999998,38,127,"{'type': 'note_on', 'time': 132, 'note': 40, 'velocity': 127, 'channel': 9}",-12,28560,238,-0.010869575,15,15,funk/groove1
15,15,42,0:679,note_on,0,28558,25.867776904166664,42,114,"{'type': 'note_on', 'time': 0, 'note': 42, 'velocity': 114, 'channel': 9}",-2,28560,238,-0.0018115958333333332,15,15,funk/groove1
16,1,42,0:686,note_on,0,28790,26.07792202083333,42,41,"{'type': 'note_on', 'time': 0, 'note': 42, 'velocity': 41, 'channel': 9}",-10,28800,240,-0.009057979166666666,16,1,funk/groove1
16,2,38,0:688,note_on,83,28884,26.163067024999997,38,57,"{'type': 'note_on', 'time': 83, 'note': 38, 'velocity': 57, 'channel': 9}",-36,28920,241,-0.032608725,16,2,funk/groove1
16,3,36,0:691,note_on,8,29004,26.271762775,36,50,"{'type': 'note_on', 'time': 8, 'note': 36, 'velocity': 50, 'channel': 9}",-36,29040,242,-0.032608725,16,3,funk/groove1
16,3,42,0:693,note_on,0,29007,26.274480168749996,42,56,"{'type': 'note_on', 'time': 0, 'note': 42, 'velocity': 56, 'channel': 9}",-33,29040,242,-0.029891331249999997,16,3,funk/groove1
16,4,36,0:696,note_on,5,29124,26.380458524999998,36,46,"{'type': 'note_on', 'time': 5, 'note': 36, 'velocity': 46, 'channel': 9}",-36,29160,243,-0.032608725,16,4,funk/groove1
16,5,42,0:699,note_on,1,29262,26.5054586375,42,125,"{'type': 'note_on', 'time': 1, 'note': 22, 'velocity': 125, 'channel': 9}",-18,29280,244,-0.0163043625,16,5,funk/groove1
16,5,38,0:700,note_on,0,29262,26.5054586375,38,127,"{'type': 'note_on', 'time': 0, 'note': 40, 'velocity': 127, 'channel': 9}",-18,29280,244,-0.0163043625,16,5,funk/groove1
16,7,42,0:708,note_on,0,29515,26.734625510416663,42,45,"{'type': 'note_on', 'time': 0, 'note': 42, 'velocity': 45, 'channel': 9}",-5,29520,246,-0.004528989583333333,16,7,funk/groove1
16,8,38,0:710,note_on,5,29632,26.840603866666665,38,111,"{'type': 'note_on', 'time': 5, 'note': 38, 'velocity': 111, 'channel': 9}",-8,29640,247,-0.007246383333333333,16,8,funk/groove1
16,9,42,0:713,note_on,0,29753,26.95020541458333,42,67,"{'type': 'note_on', 'time': 0, 'note': 42, 'velocity': 67, 'channel': 9}",-7,29760,248,-0.006340585416666666,16,9,funk/groove1
16,10,38,0:715,note_on,2,29866,27.052560579166663,38,73,"{'type': 'note_on', 'time': 2, 'note': 38, 'velocity': 73, 'channel': 9}",-14,29880,249,-0.012681170833333331,16,10,funk/groove1
16,11,36,0:717,note_on,12,29990,27.16487952083333,36,76,"{'type': 'note_on', 'time': 12, 'note': 36, 'velocity': 76, 'channel': 9}",-10,30000,250,-0.009057979166666666,16,11,funk/groove1
16,11,42,0:719,note_on,0,29992,27.166691116666662,42,116,"{'type': 'note_on', 'time': 0, 'note': 42, 'velocity': 116, 'channel': 9}",-8,30000,250,-0.007246383333333333,16,11,funk/groove1
16,13,42,0:723,note_on,0,30242,27.39314059583333,42,31,"{'type': 'note_on', 'time': 0, 'note': 42, 'velocity': 31, 'channel': 9}",2,30240,252,0.0018115958333333332,16,13,funk/groove1
16,15,38,0:725,note_on,122,30476,27.60509730833333,38,127,"{'type': 'note_on', 'time': 122, 'note': 40, 'velocity': 127, 'channel': 9}",-4,30480,254,-0.0036231916666666663,16,15,funk/groove1
