bar_number,bar_beat_number,note,track_msg_num,msg_type,delta_ticks,total_ticks,total_seconds,note,velocity,raw_data,beat_offset,beat_center,file_beat_number,beat_offset_ms,bar_number,bar_beat_number,style
1,1,36,0:6,note_on,2,2,0.0028735625000000002,36,49,"{'type': 'note_on', 'time': 2, 'note': 36, 'velocity': 49, 'channel': 9}",2,0,0,0.0028735625000000002,1,1,hiphop/groove6
1,5,38,0:8,note_on,435,507,0.7284480937500001,38,100,"{'type': 'note_on', 'time': 435, 'note': 38, 'velocity': 100, 'channel': 9}",27,480,4,0.03879309375,1,5,hiphop/groove6
1,5,42,0:10,note_on,0,514,0.7385055625000001,42,111,"{'type': 'note_on', 'time': 0, 'note': 22, 'velocity': 111, 'channel': 9}",34,480,4,0.04885056250000001,1,5,hiphop/groove6
1,6,42,0:14,note_on,0,618,0.8879308125,42,46,"{'type': 'note_on', 'time': 0, 'note': 42, 'velocity': 46, 'channel': 9}",18,600,5,0.0258620625,1,6,hiphop/groove6
1,7,42,0:17,note_on,0,738,1.0603445625,42,99,"{'type': 'note_on', 'time': 0, 'note': 22, 'velocity': 99, 'channel': 9}",18,720,6,0.0258620625,1,7,hiphop/groove6
1,8,36,0:19,note_on,36,844,1.212643375,36,36,"{'type': 'note_on', 'time': 36, 'note': 36, 'velocity': 36, 'channel': 9}",4,840,7,0.0057471250000000005,1,8,hiphop/groove6
1,8,42,0:21,note_on,0,847,1.2169537187500001,42,35,"{'type': 'note_on', 'time': 0, 'note': 42, 'velocity': 35, 'channel': 9}",7,840,7,0.010057468750000001,1,8,hiphop/groove6
1,9,42,0:25,note_on,0,965,1.3864939062500001,42,122,"{'type': 'note_on', 'time': 0, 'note': 22, 'velocity': 122, 'channel': 9}",5,960,8,0.00718390625,1,9,hiphop/groove6
1,10,36,0:27,note_on,34,1070,1.5373559375,36,19,"{'type': 'note_on', 'time': 34, 'note': 36, 'velocity': 19, 'channel': 9}",-10,1080,9,-0.0143678125,1,10,hiphop/groove6
1,10,42,0:29,note_on,0,1077,1.5474134062500002,42,37,"{'type': 'note_on', 'time': 0, 'note': 42, 'velocity': 37, 'channel': 9}",-3,1080,9,-0.004310343750000001,1,10,hiphop/groove6
1,11,36,0:32,note_on,38,1186,1.7040225625,36,43,"{'type': 'note_on', 'time': 38, 'note': 36, 'velocity': 43, 'channel': 9}",-14,1200,10,-0.020114937500000003,1,11,hiphop/groove6
1,11,42,0:34,note_on,0,1198,1.7212639375,42,127,"{'type': 'note_on', 'time': 0, 'note': 22, 'velocity': 127, 'channel': 9}",-2,1200,10,-0.0028735625000000002,1,11,hiphop/groove6
1,12,42,0:38,note_on,0,1310,1.8821834375000002,42,27,"{'type': 'note_on', 'time': 0, 'note': 42, 'velocity': 27, 'channel': 9}",-10,1320,11,-0.0143678125,1,12,hiphop/groove6
1,13,38,0:40,note_on,38,1418,2.0373558125,38,83,"{'type': 'note_on', 'time': 38, 'note': 38, 'velocity': 83, 'channel': 9}",-22,1440,12,-0.031609187500000004,1,13,hiphop/groove6
1,13,42,0:42,note_on,0,1427,2.0502868437500004,42,127,"{'type': 'note_on', 'time': 0, 'note': 22, 'velocity': 127, 'channel': 9}",-13,1440,12,-0.01867815625,1,13,hiphop/groove6
1,14,36,0:46,note_on,0,1542,2.2155166875,36,46,"{'type': 'note_on', 'time': 0, 'note': 36, 'velocity': 46, 'channel': 9}",-18,1560,13,-0.0258620625,1,14,hiphop/groove6
1,14,42,0:47,note_on,0,1542,2.2155166875,42,42,"{'type': 'note_on', 'time': 0, 'note': 42, 'velocity': 42, 'channel': 9}",-18,1560,13,-0.0258620625,1,14,hiphop/groove6
1,15,42,0:51,note_on,0,1660,2.385056875,42,127,"{'type': 'note_on', 'time': 0, 'note': 22, 'velocity': 127, 'channel': 9}",-20,1680,14,-0.028735625,1,15,hiphop/groove6
1,16,36,0:53,note_on,33,1763,2.53304534375,36,28,"{'type': 'note_on', 'time': 33, 'note': 36, 'velocity': 28, 'channel': 9}",-37,1800,15,-0.05316090625000001,1,16,hiphop/groove6
1,16,42,0:55,note_on,0,1770,2.5431028125000004,42,25,"{'type': 'note_on', 'time': 0, 'note': 42, 'velocity': 25, 'channel': 9}",-30,1800,15,-0.0431034375,1,16,hiphop/groove6
2,1,36,0:58,note_on,44,1884,2.7068958750000003,36,44,"{'type': 'note_on', 'time': 44, 'note': 36, 'velocity': 44, 'channel': 9}",-36,1920,16,-0.051724125,2,1,hiphop/groove6
2,1,42,0:60,note_on,0,1893,2.7198269062500002,42,127,"{'type': 'note_on', 'time': 0, 'note': 22, 'velocity': 127, 'channel': 9}",-27,1920,16,-0.03879309375,2,1,hiphop/groove6
2,2,42,0:64,note_on,0,2007,2.88361996875,42,31,"{'type': 'note_on', 'time': 0, 'note': 42, 'velocity': 31, 'channel': 9}",-33,2040,17,-0.04741378125,2,2,hiphop/groove6
2,3,42,0:67,note_on,0,2129,3.05890728125,42,127,"{'type': 'note_on', 'time': 0, 'note': 22, 'velocity': 127, 'channel': 9}",-31,2160,18,-0.044540218750000006,2,3,hiphop/groove6
2,4,42,0:70,note_on,0,2248,3.2298842500000005,42,39,"{'type': 'note_on', 'time': 0, 'note': 42, 'velocity': 39, 'channel': 9}",-32,2280,19,-0.045977000000000004,2,4,hiphop/groove6
2,4,36,0:71,note_on,6,2254,3.2385049375,36,36,"{'type': 'note_on', 'time': 6, 'note': 36, 'velocity': 36, 'channel': 9}",-26,2280,19,-0.0373563125,2,4,hiphop/groove6
2,5,42,0:75,note_on,0,2384,3.4252865000000003,42,127,"{'type': 'note_on', 'time': 0, 'note': 22, 'velocity': 127, 'channel': 9}",-16,2400,20,-0.022988500000000002,2,5,hiphop/groove6
2,5,38,0:76,note_on,4,2388,3.4310336250000004,38,94,"{'type': 'note_on', 'time': 4, 'note': 40, 'velocity': 94, 'channel': 9}",-12,2400,20,-0.017241375000000003,2,5,hiphop/groove6
2,6,42,0:80,note_on,0,2504,3.5977002500000004,42,47,"{'type': 'note_on', 'time': 0, 'note': 42, 'velocity': 47, 'channel': 9}",-16,2520,21,-0.022988500000000002,2,6,hiphop/groove6
2,7,42,0:83,note_on,0,2630,3.7787346875000005,42,127,"{'type': 'note_on', 'time': 0, 'note': 22, 'velocity': 127, 'channel': 9}",-10,2640,22,-0.0143678125,2,7,hiphop/groove6
2,8,36,0:86,note_on,0,2750,3.9511484375000006,36,38,"{'type': 'note_on', 'time': 0, 'note': 36, 'velocity': 38, 'channel': 9}",-10,2760,23,-0.0143678125,2,8,hiphop/groove6
2,8,42,0:87,note_on,0,2750,3.9511484375000006,42,51,"{'type': 'note_on', 'time': 0, 'note': 42, 'velocity': 51, 'channel': 9}",-10,2760,23,-0.0143678125,2,8,hiphop/groove6
2,9,42,0:91,note_on,0,2874,4.1293093125,42,127,"{'type': 'note_on', 'time': 0, 'note': 22, 'velocity': 127, 'channel': 9}",-6,2880,24,-0.008620687500000002,2,9,hiphop/groove6
2,10,36,0:93,note_on,40,2985,4.288792031250001,36,20,"{'type': 'note_on', 'time': 40, 'note': 36, 'velocity': 20, 'channel': 9}",-15,3000,25,-0.02155171875,2,10,hiphop/groove6
2,10,42,0:95,note_on,0,2987,4.29166559375,42,47,"{'type': 'note_on', 'time': 0, 'note': 42, 'velocity': 47, 'channel': 9}",-13,3000,25,-0.01867815625,2,10,hiphop/groove6
2,11,36,0:98,note_on,36,3093,4.44396440625,36,46,"{'type': 'note_on', 'time': 36, 'note': 36, 'velocity': 46, 'channel': 9}",-27,3120,26,-0.03879309375,2,11,hiphop/groove6
2,11,42,0:100,note_on,0,3107,4.464079343750001,42,127,"{'type': 'note_on', 'time': 0, 'note': 22, 'velocity': 127, 'channel': 9}",-13,3120,26,-0.01867815625,2,11,hiphop/groove6
2,13,36,0:103,note_on,160,3338,4.7959758125,36,48,"{'type': 'note_on', 'time': 160, 'note': 36, 'velocity': 48, 'channel': 9}",-22,3360,28,-0.031609187500000004,2,13,hiphop/groove6
2,15,36,0:105,note_on,172,3580,5.143676875000001,36,48,"{'type': 'note_on', 'time': 172, 'note': 36, 'velocity': 48, 'channel': 9}",-20,3600,30,-0.028735625,2,15,hiphop/groove6
3,1,36,0:107,note_on,174,3824,5.494251500000001,36,56,"{'type': 'note_on', 'time': 174, 'note': 36, 'velocity': 56, 'channel': 9}",-16,3840,32,-0.022988500000000002,3,1,hiphop/groove6
3,5,38,0:109,note_on,431,4326,6.215515687500001,38,97,"{'type': 'note_on', 'time': 431, 'note': 40, 'velocity': 97, 'channel': 9}",6,4320,36,0.008620687500000002,3,5,hiphop/groove6
3,5,42,0:111,note_on,0,4327,6.216952468750001,42,127,"{'type': 'note_on', 'time': 0, 'note': 22, 'velocity': 127, 'channel': 9}",7,4320,36,0.010057468750000001,3,5,hiphop/groove6
3,6,42,0:115,note_on,0,4441,6.3807455312500005,42,45,"{'type': 'note_on', 'time': 0, 'note': 42, 'velocity': 45, 'channel': 9}",1,4440,37,0.0014367812500000001,3,6,hiphop/groove6
3,7,42,0:118,note_on,0,4555,6.5445385937500005,42,127,"{'type': 'note_on', 'time': 0, 'note': 22, 'velocity': 127, 'channel': 9}",-5,4560,38,-0.00718390625,3,7,hiphop/groove6
3,8,36,0:120,note_on,36,4662,6.698274187500001,36,43,"{'type': 'note_on', 'time': 36, 'note': 36, 'velocity': 43, 'channel': 9}",-18,4680,39,-0.0258620625,3,8,hiphop/groove6
3,8,42,0:122,note_on,0,4667,6.705458093750001,42,55,"{'type': 'note_on', 'time': 0, 'note': 42, 'velocity': 55, 'channel': 9}",-13,4680,39,-0.01867815625,3,8,hiphop/groove6
3,9,42,0:126,note_on,0,4786,6.876435062500001,42,127,"{'type': 'note_on', 'time': 0, 'note': 22, 'velocity': 127, 'channel': 9}",-14,4800,40,-0.020114937500000003,3,9,hiphop/groove6
3,10,36,0:128,note_on,43,4900,7.0402281250000005,36,29,"{'type': 'note_on', 'time': 43, 'note': 36, 'velocity': 29, 'channel': 9}",-20,4920,41,-0.028735625,3,10,hiphop/groove6
3,10,42,0:130,note_on,0,4902,7.043101687500001,42,54,"{'type': 'note_on', 'time': 0, 'note': 42, 'velocity': 54, 'channel': 9}",-18,4920,41,-0.0258620625,3,10,hiphop/groove6
3,11,36,0:133,note_on,45,5017,7.208331531250001,36,45,"{'type': 'note_on', 'time': 45, 'note': 36, 'velocity': 45, 'channel': 9}",-23,5040,42,-0.03304596875,3,11,hiphop/groove6
3,11,42,0:135,note_on,0,5028,7.224136125,42,127,"{'type': 'note_on', 'time': 0, 'note': 22, 'velocity': 127, 'channel': 9}",-12,5040,42,-0.017241375000000003,3,11,hiphop/groove6
3,12,42,0:139,note_on,0,5141,7.38649240625,42,51,"{'type': 'note_on', 'time': 0, 'note': 42, 'velocity': 51, 'channel': 9}",-19,5160,43,-0.027298843750000003,3,12,hiphop/groove6
3,13,38,0:141,note_on,44,5256,7.551722250000001,38,79,"{'type': 'note_on', 'time': 44, 'note': 37, 'velocity': 79, 'channel': 9}",-24,5280,44,-0.034482750000000006,3,13,hiphop/groove6
3,13,42,0:143,note_on,0,5265,7.564653281250001,42,127,"{'type': 'note_on', 'time': 0, 'note': 22, 'velocity': 127, 'channel': 9}",-15,5280,44,-0.02155171875,3,13,hiphop/groove6
3,14,36,0:146,note_on,38,5374,7.721262437500001,36,45,"{'type': 'note_on', 'time': 38, 'note': 36, 'velocity': 45, 'channel': 9}",-26,5400,45,-0.0373563125,3,14,hiphop/groove6
3,14,42,0:148,note_on,0,5381,7.73131990625,42,58,"{'type': 'note_on', 'time': 0, 'note': 42, 'velocity': 58, 'channel': 9}",-19,5400,45,-0.027298843750000003,3,14,hiphop/groove6
3,15,42,0:152,note_on,0,5500,7.902296875000001,42,127,"{'type': 'note_on', 'time': 0, 'note': 22, 'velocity': 127, 'channel': 9}",-20,5520,46,-0.028735625,3,15,hiphop/groove6
3,16,36,0:154,note_on,42,5613,8.064653156250001,36,27,"{'type': 'note_on', 'time': 42, 'note': 36, 'velocity': 27, 'channel': 9}",-27,5640,47,-0.03879309375,3,16,hiphop/groove6
3,16,42,0:156,note_on,0,5614,8.066089937500001,42,60,"{'type': 'note_on', 'time': 0, 'note': 42, 'velocity': 60, 'channel': 9}",-26,5640,47,-0.0373563125,3,16,hiphop/groove6
4,1,36,0:159,note_on,44,5729,8.23131978125,36,48,"{'type': 'note_on', 'time': 44, 'note': 36, 'velocity': 48, 'channel': 9}",-31,5760,48,-0.044540218750000006,4,1,hiphop/groove6
4,1,42,0:161,note_on,0,5737,8.242814031250001,42,127,"{'type': 'note_on', 'time': 0, 'note': 22, 'velocity': 127, 'channel': 9}",-23,5760,48,-0.03304596875,4,1,hiphop/groove6
4,2,42,0:165,note_on,0,5852,8.408043875,42,58,"{'type': 'note_on', 'time': 0, 'note': 22, 'velocity': 58, 'channel': 9}",-28,5880,49,-0.040229875000000005,4,2,hiphop/groove6
4,3,42,0:168,note_on,0,5973,8.58189440625,42,117,"{'type': 'note_on', 'time': 0, 'note': 22, 'velocity': 117, 'channel': 9}",-27,6000,50,-0.03879309375,4,3,hiphop/groove6
4,4,42,0:171,note_on,0,6094,8.755744937500001,42,45,"{'type': 'note_on', 'time': 0, 'note': 42, 'velocity': 45, 'channel': 9}",-26,6120,51,-0.0373563125,4,4,hiphop/groove6
4,5,38,0:173,note_on,63,6227,8.94683684375,38,76,"{'type': 'note_on', 'time': 63, 'note': 38, 'velocity': 76, 'channel': 9}",-13,6240,52,-0.01867815625,4,5,hiphop/groove6
4,5,42,0:175,note_on,0,6229,8.94971040625,42,127,"{'type': 'note_on', 'time': 0, 'note': 22, 'velocity': 127, 'channel': 9}",-11,6240,52,-0.015804593750000002,4,5,hiphop/groove6
4,6,42,0:179,note_on,0,6341,9.11062990625,42,50,"{'type': 'note_on', 'time': 0, 'note': 42, 'velocity': 50, 'channel': 9}",-19,6360,53,-0.027298843750000003,4,6,hiphop/groove6
4,7,42,0:182,note_on,0,6464,9.287354,42,127,"{'type': 'note_on', 'time': 0, 'note': 22, 'velocity': 127, 'channel': 9}",-16,6480,54,-0.022988500000000002,4,7,hiphop/groove6
4,8,42,0:185,note_on,0,6580,9.454020625,42,60,"{'type': 'note_on', 'time': 0, 'note': 42, 'velocity': 60, 'channel': 9}",-20,6600,55,-0.028735625,4,8,hiphop/groove6
4,8,36,0:186,note_on,5,6585,9.46120453125,36,34,"{'type': 'note_on', 'time': 5, 'note': 36, 'velocity': 34, 'channel': 9}",-15,6600,55,-0.02155171875,4,8,hiphop/groove6
4,9,42,0:190,note_on,0,6699,9.62499759375,42,127,"{'type': 'note_on', 'time': 0, 'note': 22, 'velocity': 127, 'channel': 9}",-21,6720,56,-0.030172406250000002,4,9,hiphop/groove6
4,10,42,0:193,note_on,0,6811,9.785917093750001,42,56,"{'type': 'note_on', 'time': 0, 'note': 42, 'velocity': 56, 'channel': 9}",-29,6840,57,-0.04166665625,4,10,hiphop/groove6
4,10,36,0:194,note_on,4,6815,9.79166421875,36,27,"{'type': 'note_on', 'time': 4, 'note': 36, 'velocity': 27, 'channel': 9}",-25,6840,57,-0.035919531250000004,4,10,hiphop/groove6
4,11,36,0:197,note_on,39,6925,9.949710156250001,36,45,"{'type': 'note_on', 'time': 39, 'note': 36, 'velocity': 45, 'channel': 9}",-35,6960,58,-0.050287343750000005,4,11,hiphop/groove6
4,11,42,0:199,note_on,0,6931,9.958330843750002,42,127,"{'type': 'note_on', 'time': 0, 'note': 22, 'velocity': 127, 'channel': 9}",-29,6960,58,-0.04166665625,4,11,hiphop/groove6
4,12,42,0:203,note_on,0,7048,10.12643425,42,41,"{'type': 'note_on', 'time': 0, 'note': 42, 'velocity': 41, 'channel': 9}",-32,7080,59,-0.045977000000000004,4,12,hiphop/groove6
4,13,36,0:205,note_on,40,7158,10.284480187500002,36,49,"{'type': 'note_on', 'time': 40, 'note': 36, 'velocity': 49, 'channel': 9}",-42,7200,60,-0.060344812500000004,4,13,hiphop/groove6
4,13,42,0:207,note_on,0,7166,10.295974437500002,42,127,"{'type': 'note_on', 'time': 0, 'note': 22, 'velocity': 127, 'channel': 9}",-34,7200,60,-0.04885056250000001,4,13,hiphop/groove6
4,15,36,0:210,note_on,180,7416,10.65516975,36,46,"{'type': 'note_on', 'time': 180, 'note': 36, 'velocity': 46, 'channel': 9}",-24,7440,62,-0.034482750000000006,4,15,hiphop/groove6
5,1,36,0:212,note_on,185,7672,11.02298575,36,49,"{'type': 'note_on', 'time': 185, 'note': 36, 'velocity': 49, 'channel': 9}",-8,7680,64,-0.011494250000000001,5,1,hiphop/groove6
5,5,38,0:214,note_on,415,8157,11.719824656250001,38,94,"{'type': 'note_on', 'time': 415, 'note': 40, 'velocity': 94, 'channel': 9}",-3,8160,68,-0.004310343750000001,5,5,hiphop/groove6
5,5,42,0:216,note_on,0,8162,11.727008562500002,42,127,"{'type': 'note_on', 'time': 0, 'note': 22, 'velocity': 127, 'channel': 9}",2,8160,68,0.0028735625000000002,5,5,hiphop/groove6
5,6,42,0:220,note_on,0,8278,11.893675187500001,42,40,"{'type': 'note_on', 'time': 0, 'note': 42, 'velocity': 40, 'channel': 9}",-2,8280,69,-0.0028735625000000002,5,6,hiphop/groove6
5,7,42,0:223,note_on,0,8400,12.068962500000001,42,127,"{'type': 'note_on', 'time': 0, 'note': 22, 'velocity': 127, 'channel': 9}",0,8400,70,0.0,5,7,hiphop/groove6
5,8,36,0:225,note_on,43,8513,12.231318781250001,36,37,"{'type': 'note_on', 'time': 43, 'note': 36, 'velocity': 37, 'channel': 9}",-7,8520,71,-0.010057468750000001,5,8,hiphop/groove6
5,8,42,0:227,note_on,0,8519,12.23993946875,42,54,"{'type': 'note_on', 'time': 0, 'note': 42, 'velocity': 54, 'channel': 9}",-1,8520,71,-0.0014367812500000001,5,8,hiphop/groove6
5,9,42,0:231,note_on,0,8634,12.405169312500002,42,127,"{'type': 'note_on', 'time': 0, 'note': 22, 'velocity': 127, 'channel': 9}",-6,8640,72,-0.008620687500000002,5,9,hiphop/groove6
5,10,36,0:233,note_on,42,8746,12.5660888125,36,18,"{'type': 'note_on', 'time': 42, 'note': 36, 'velocity': 18, 'channel': 9}",-14,8760,73,-0.020114937500000003,5,10,hiphop/groove6
5,10,42,0:235,note_on,0,8748,12.568962375000002,42,42,"{'type': 'note_on', 'time': 0, 'note': 42, 'velocity': 42, 'channel': 9}",-12,8760,73,-0.017241375000000003,5,10,hiphop/groove6
5,11,36,0:238,note_on,46,8864,12.735629000000001,36,43,"{'type': 'note_on', 'time': 46, 'note': 36, 'velocity': 43, 'channel': 9}",-16,8880,74,-0.022988500000000002,5,11,hiphop/groove6
5,11,42,0:240,note_on,0,8877,12.75430715625,42,127,"{'type': 'note_on', 'time': 0, 'note': 22, 'velocity': 127, 'channel': 9}",-3,8880,74,-0.004310343750000001,5,11,hiphop/groove6
5,12,42,0:244,note_on,0,8983,12.906605968750002,42,56,"{'type': 'note_on', 'time': 0, 'note': 22, 'velocity': 56, 'channel': 9}",-17,9000,75,-0.024425281250000003,5,12,hiphop/groove6
5,13,42,0:248,note_on,0,9110,13.089077187500001,42,127,"{'type': 'note_on', 'time': 0, 'note': 22, 'velocity': 127, 'channel': 9}",-10,9120,76,-0.0143678125,5,13,hiphop/groove6
5,14,36,0:253,note_on,27,9207,13.22844496875,36,43,"{'type': 'note_on', 'time': 27, 'note': 36, 'velocity': 43, 'channel': 9}",-33,9240,77,-0.04741378125,5,14,hiphop/groove6
5,14,42,0:255,note_on,1,9223,13.251433468750001,42,53,"{'type': 'note_on', 'time': 1, 'note': 42, 'velocity': 53, 'channel': 9}",-17,9240,77,-0.024425281250000003,5,14,hiphop/groove6
5,15,42,0:259,note_on,0,9340,13.419536875,42,127,"{'type': 'note_on', 'time': 0, 'note': 22, 'velocity': 127, 'channel': 9}",-20,9360,78,-0.028735625,5,15,hiphop/groove6
5,16,42,0:263,note_on,0,9456,13.586203500000002,42,42,"{'type': 'note_on', 'time': 0, 'note': 42, 'velocity': 42, 'channel': 9}",-24,9480,79,-0.034482750000000006,5,16,hiphop/groove6
5,16,36,0:262,note_on,0,9456,13.586203500000002,36,23,"{'type': 'note_on', 'time': 0, 'note': 36, 'velocity': 23, 'channel': 9}",-24,9480,79,-0.034482750000000006,5,16,hiphop/groove6
6,1,36,0:266,note_on,51,9577,13.760054031250002,36,48,"{'type': 'note_on', 'time': 51, 'note': 36, 'velocity': 48, 'channel': 9}",-23,9600,80,-0.03304596875,6,1,hiphop/groove6
6,1,42,0:268,note_on,0,9580,13.764364375000001,42,127,"{'type': 'note_on', 'time': 0, 'note': 22, 'velocity': 127, 'channel': 9}",-20,9600,80,-0.028735625,6,1,hiphop/groove6
6,2,42,0:272,note_on,0,9696,13.931031,42,57,"{'type': 'note_on', 'time': 0, 'note': 42, 'velocity': 57, 'channel': 9}",-24,9720,81,-0.034482750000000006,6,2,hiphop/groove6
6,3,42,0:275,note_on,0,9822,14.112065437500002,42,127,"{'type': 'note_on', 'time': 0, 'note': 22, 'velocity': 127, 'channel': 9}",-18,9840,82,-0.0258620625,6,3,hiphop/groove6
6,4,42,0:278,note_on,0,9940,14.281605625000001,42,52,"{'type': 'note_on', 'time': 0, 'note': 42, 'velocity': 52, 'channel': 9}",-20,9960,83,-0.028735625,6,4,hiphop/groove6
6,4,36,0:279,note_on,21,9961,14.311778031250002,36,36,"{'type': 'note_on', 'time': 21, 'note': 36, 'velocity': 36, 'channel': 9}",1,9960,83,0.0014367812500000001,6,4,hiphop/groove6
6,5,42,0:283,note_on,0,10074,14.4741343125,42,127,"{'type': 'note_on', 'time': 0, 'note': 22, 'velocity': 127, 'channel': 9}",-6,10080,84,-0.008620687500000002,6,5,hiphop/groove6
6,6,42,0:290,note_on,0,10193,14.645111281250001,42,36,"{'type': 'note_on', 'time': 0, 'note': 42, 'velocity': 36, 'channel': 9}",-7,10200,85,-0.010057468750000001,6,6,hiphop/groove6
6,7,42,0:293,note_on,0,10319,14.826145718750002,42,127,"{'type': 'note_on', 'time': 0, 'note': 22, 'velocity': 127, 'channel': 9}",-1,10320,86,-0.0014367812500000001,6,7,hiphop/groove6
6,8,36,0:295,note_on,44,10434,14.991375562500002,36,42,"{'type': 'note_on', 'time': 44, 'note': 36, 'velocity': 42, 'channel': 9}",-6,10440,87,-0.008620687500000002,6,8,hiphop/groove6
6,8,42,0:297,note_on,0,10437,14.995685906250001,42,55,"{'type': 'note_on', 'time': 0, 'note': 42, 'velocity': 55, 'channel': 9}",-3,10440,87,-0.004310343750000001,6,8,hiphop/groove6
6,9,42,0:301,note_on,0,10565,15.179593906250002,42,127,"{'type': 'note_on', 'time': 0, 'note': 22, 'velocity': 127, 'channel': 9}",5,10560,88,0.00718390625,6,9,hiphop/groove6
6,10,36,0:303,note_on,23,10659,15.31465134375,36,21,"{'type': 'note_on', 'time': 23, 'note': 36, 'velocity': 21, 'channel': 9}",-21,10680,89,-0.030172406250000002,6,10,hiphop/groove6
6,10,42,0:305,note_on,0,10686,15.353444437500002,42,44,"{'type': 'note_on', 'time': 0, 'note': 42, 'velocity': 44, 'channel': 9}",6,10680,89,0.008620687500000002,6,10,hiphop/groove6
6,11,36,0:308,note_on,17,10773,15.478444406250002,36,48,"{'type': 'note_on', 'time': 17, 'note': 36, 'velocity': 48, 'channel': 9}",-27,10800,90,-0.03879309375,6,11,hiphop/groove6
6,11,42,0:310,note_on,0,10802,15.520111062500002,42,127,"{'type': 'note_on', 'time': 0, 'note': 22, 'velocity': 127, 'channel': 9}",2,10800,90,0.0028735625000000002,6,11,hiphop/groove6
6,13,36,0:313,note_on,156,11029,15.846260406250002,36,52,"{'type': 'note_on', 'time': 156, 'note': 36, 'velocity': 52, 'channel': 9}",-11,11040,92,-0.015804593750000002,6,13,hiphop/groove6
6,15,36,0:315,note_on,177,11277,16.202582156250003,36,45,"{'type': 'note_on', 'time': 177, 'note': 36, 'velocity': 45, 'channel': 9}",-3,11280,94,-0.004310343750000001,6,15,hiphop/groove6
7,1,36,0:317,note_on,162,11509,16.535915406250002,36,49,"{'type': 'note_on', 'time': 162, 'note': 36, 'velocity': 49, 'channel': 9}",-11,11520,96,-0.015804593750000002,7,1,hiphop/groove6
7,5,38,0:319,note_on,415,11994,17.232754312500003,38,101,"{'type': 'note_on', 'time': 415, 'note': 38, 'velocity': 101, 'channel': 9}",-6,12000,100,-0.008620687500000002,7,5,hiphop/groove6
7,5,42,0:321,note_on,0,12005,17.24855890625,42,127,"{'type': 'note_on', 'time': 0, 'note': 22, 'velocity': 127, 'channel': 9}",5,12000,100,0.00718390625,7,5,hiphop/groove6
7,6,42,0:325,note_on,0,12115,17.406604843750003,42,58,"{'type': 'note_on', 'time': 0, 'note': 22, 'velocity': 58, 'channel': 9}",-5,12120,101,-0.00718390625,7,6,hiphop/groove6
7,7,38,0:327,note_on,17,12203,17.533041593750003,38,11,"{'type': 'note_on', 'time': 17, 'note': 38, 'velocity': 11, 'channel': 9}",-37,12240,102,-0.05316090625000001,7,7,hiphop/groove6
7,7,42,0:329,note_on,0,12239,17.584765718750003,42,127,"{'type': 'note_on', 'time': 0, 'note': 22, 'velocity': 127, 'channel': 9}",-1,12240,102,-0.0014367812500000001,7,7,hiphop/groove6
7,8,38,0:332,note_on,31,12340,17.729880625,38,21,"{'type': 'note_on', 'time': 31, 'note': 38, 'velocity': 21, 'channel': 9}",-20,12360,103,-0.028735625,7,8,hiphop/groove6
7,8,36,0:333,note_on,6,12346,17.738501312500002,36,34,"{'type': 'note_on', 'time': 6, 'note': 36, 'velocity': 34, 'channel': 9}",-14,12360,103,-0.020114937500000003,7,8,hiphop/groove6
7,8,42,0:335,note_on,0,12347,17.739938093750002,42,43,"{'type': 'note_on', 'time': 0, 'note': 42, 'velocity': 43, 'channel': 9}",-13,12360,103,-0.01867815625,7,8,hiphop/groove6
7,9,42,0:340,note_on,0,12470,17.916662187500002,42,127,"{'type': 'note_on', 'time': 0, 'note': 22, 'velocity': 127, 'channel': 9}",-10,12480,104,-0.0143678125,7,9,hiphop/groove6
7,10,36,0:342,note_on,38,12579,18.07327134375,36,25,"{'type': 'note_on', 'time': 38, 'note': 36, 'velocity': 25, 'channel': 9}",-21,12600,105,-0.030172406250000002,7,10,hiphop/groove6
7,10,42,0:344,note_on,0,12588,18.086202375000003,42,46,"{'type': 'note_on', 'time': 0, 'note': 42, 'velocity': 46, 'channel': 9}",-12,12600,105,-0.017241375000000003,7,10,hiphop/groove6
7,11,36,0:347,note_on,39,12698,18.2442483125,36,51,"{'type': 'note_on', 'time': 39, 'note': 36, 'velocity': 51, 'channel': 9}",-22,12720,106,-0.031609187500000004,7,11,hiphop/groove6
7,11,42,0:349,note_on,0,12707,18.25717934375,42,127,"{'type': 'note_on', 'time': 0, 'note': 22, 'velocity': 127, 'channel': 9}",-13,12720,106,-0.01867815625,7,11,hiphop/groove6
7,12,42,0:353,note_on,0,12819,18.418098843750002,42,40,"{'type': 'note_on', 'time': 0, 'note': 42, 'velocity': 40, 'channel': 9}",-21,12840,107,-0.030172406250000002,7,12,hiphop/groove6
7,13,38,0:355,note_on,38,12928,18.574708,38,81,"{'type': 'note_on', 'time': 38, 'note': 38, 'velocity': 81, 'channel': 9}",-32,12960,108,-0.045977000000000004,7,13,hiphop/groove6
7,13,42,0:357,note_on,0,12941,18.593386156250002,42,127,"{'type': 'note_on', 'time': 0, 'note': 22, 'velocity': 127, 'channel': 9}",-19,12960,108,-0.027298843750000003,7,13,hiphop/groove6
7,14,36,0:360,note_on,38,13050,18.7499953125,36,49,"{'type': 'note_on', 'time': 38, 'note': 36, 'velocity': 49, 'channel': 9}",-30,13080,109,-0.0431034375,7,14,hiphop/groove6
7,14,42,0:362,note_on,0,13056,18.758616,42,46,"{'type': 'note_on', 'time': 0, 'note': 42, 'velocity': 46, 'channel': 9}",-24,13080,109,-0.034482750000000006,7,14,hiphop/groove6
7,15,42,0:366,note_on,0,13176,18.93102975,42,127,"{'type': 'note_on', 'time': 0, 'note': 22, 'velocity': 127, 'channel': 9}",-24,13200,110,-0.034482750000000006,7,15,hiphop/groove6
7,16,42,0:369,note_on,0,13293,19.09913315625,42,45,"{'type': 'note_on', 'time': 0, 'note': 42, 'velocity': 45, 'channel': 9}",-27,13320,111,-0.03879309375,7,16,hiphop/groove6
7,16,36,0:370,note_on,1,13294,19.1005699375,36,28,"{'type': 'note_on', 'time': 1, 'note': 36, 'velocity': 28, 'channel': 9}",-26,13320,111,-0.0373563125,7,16,hiphop/groove6
8,1,36,0:373,note_on,50,13414,19.272983687500002,36,47,"{'type': 'note_on', 'time': 50, 'note': 36, 'velocity': 47, 'channel': 9}",-26,13440,112,-0.0373563125,8,1,hiphop/groove6
8,1,42,0:375,note_on,0,13420,19.281604375,42,127,"{'type': 'note_on', 'time': 0, 'note': 22, 'velocity': 127, 'channel': 9}",-20,13440,112,-0.028735625,8,1,hiphop/groove6
8,2,42,0:379,note_on,0,13542,19.4568916875,42,41,"{'type': 'note_on', 'time': 0, 'note': 42, 'velocity': 41, 'channel': 9}",-18,13560,113,-0.0258620625,8,2,hiphop/groove6
8,3,42,0:382,note_on,0,13653,19.616374406250003,42,127,"{'type': 'note_on', 'time': 0, 'note': 22, 'velocity': 127, 'channel': 9}",-27,13680,114,-0.03879309375,8,3,hiphop/groove6
8,4,36,0:384,note_on,35,13759,19.768673218750003,36,34,"{'type': 'note_on', 'time': 35, 'note': 36, 'velocity': 34, 'channel': 9}",-41,13800,115,-0.058908031250000006,8,4,hiphop/groove6
8,4,42,0:386,note_on,0,13779,19.797408843750002,42,49,"{'type': 'note_on', 'time': 0, 'note': 42, 'velocity': 49, 'channel': 9}",-21,13800,115,-0.030172406250000002,8,4,hiphop/groove6
8,5,38,0:389,note_on,43,13892,19.959765125,38,79,"{'type': 'note_on', 'time': 43, 'note': 38, 'velocity': 79, 'channel': 9}",-28,13920,116,-0.040229875000000005,8,5,hiphop/groove6
8,5,42,0:391,note_on,0,13900,19.971259375000002,42,127,"{'type': 'note_on', 'time': 0, 'note': 22, 'velocity': 127, 'channel': 9}",-20,13920,116,-0.028735625,8,5,hiphop/groove6
8,6,42,0:395,note_on,0,14016,20.137926,42,44,"{'type': 'note_on', 'time': 0, 'note': 42, 'velocity': 44, 'channel': 9}",-24,14040,117,-0.034482750000000006,8,6,hiphop/groove6
8,7,42,0:398,note_on,0,14143,20.320397218750003,42,127,"{'type': 'note_on', 'time': 0, 'note': 22, 'velocity': 127, 'channel': 9}",-17,14160,118,-0.024425281250000003,8,7,hiphop/groove6
8,8,42,0:401,note_on,0,14264,20.494247750000003,42,44,"{'type': 'note_on', 'time': 0, 'note': 42, 'velocity': 44, 'channel': 9}",-16,14280,119,-0.022988500000000002,8,8,hiphop/groove6
8,8,36,0:402,note_on,10,14274,20.5086155625,36,36,"{'type': 'note_on', 'time': 10, 'note': 36, 'velocity': 36, 'channel': 9}",-6,14280,119,-0.008620687500000002,8,8,hiphop/groove6
8,9,42,0:406,note_on,0,14382,20.6637879375,42,127,"{'type': 'note_on', 'time': 0, 'note': 42, 'velocity': 127, 'channel': 9}",-18,14400,120,-0.0258620625,8,9,hiphop/groove6
8,10,36,0:408,note_on,42,14494,20.824707437500003,36,25,"{'type': 'note_on', 'time': 42, 'note': 36, 'velocity': 25, 'channel': 9}",-26,14520,121,-0.0373563125,8,10,hiphop/groove6
8,11,36,0:410,note_on,50,14614,20.997121187500003,36,49,"{'type': 'note_on', 'time': 50, 'note': 36, 'velocity': 49, 'channel': 9}",-26,14640,122,-0.0373563125,8,11,hiphop/groove6
8,13,36,0:412,note_on,185,14870,21.3649371875,36,44,"{'type': 'note_on', 'time': 185, 'note': 36, 'velocity': 44, 'channel': 9}",-10,14880,124,-0.0143678125,8,13,hiphop/groove6
8,15,36,0:414,note_on,172,15112,21.71263825,36,51,"{'type': 'note_on', 'time': 172, 'note': 36, 'velocity': 51, 'channel': 9}",-8,15120,126,-0.011494250000000001,8,15,hiphop/groove6
9,1,36,0:420,note_on,16,15357,22.06464965625,36,56,"{'type': 'note_on', 'time': 16, 'note': 36, 'velocity': 56, 'channel': 9}",-3,15360,128,-0.004310343750000001,9,1,hiphop/groove6
9,5,38,0:422,note_on,436,15863,22.79166096875,38,103,"{'type': 'note_on', 'time': 436, 'note': 38, 'velocity': 103, 'channel': 9}",23,15840,132,0.03304596875,9,5,hiphop/groove6
9,5,42,0:425,note_on,0,15873,22.806028781250003,42,110,"{'type': 'note_on', 'time': 0, 'note': 22, 'velocity': 110, 'channel': 9}",33,15840,132,0.04741378125,9,5,hiphop/groove6
9,6,42,0:429,note_on,0,15985,22.96694828125,42,43,"{'type': 'note_on', 'time': 0, 'note': 42, 'velocity': 43, 'channel': 9}",25,15960,133,0.035919531250000004,9,6,hiphop/groove6
9,7,42,0:432,note_on,0,16102,23.135051687500003,42,127,"{'type': 'note_on', 'time': 0, 'note': 22, 'velocity': 127, 'channel': 9}",22,16080,134,0.031609187500000004,9,7,hiphop/groove6
9,8,42,0:435,note_on,0,16216,23.29884475,42,37,"{'type': 'note_on', 'time': 0, 'note': 42, 'velocity': 37, 'channel': 9}",16,16200,135,0.022988500000000002,9,8,hiphop/groove6
9,8,36,0:436,note_on,5,16221,23.306028656250003,36,49,"{'type': 'note_on', 'time': 5, 'note': 36, 'velocity': 49, 'channel': 9}",21,16200,135,0.030172406250000002,9,8,hiphop/groove6
9,9,42,0:440,note_on,0,16324,23.454017125000004,42,125,"{'type': 'note_on', 'time': 0, 'note': 22, 'velocity': 125, 'channel': 9}",4,16320,136,0.0057471250000000005,9,9,hiphop/groove6
9,10,42,0:443,note_on,0,16438,23.6178101875,42,30,"{'type': 'note_on', 'time': 0, 'note': 42, 'velocity': 30, 'channel': 9}",-2,16440,137,-0.0028735625000000002,9,10,hiphop/groove6
9,10,36,0:444,note_on,4,16442,23.6235573125,36,29,"{'type': 'note_on', 'time': 4, 'note': 36, 'velocity': 29, 'channel': 9}",2,16440,137,0.0028735625000000002,9,10,hiphop/groove6
9,11,36,0:447,note_on,41,16553,23.783040031250003,36,54,"{'type': 'note_on', 'time': 41, 'note': 36, 'velocity': 54, 'channel': 9}",-7,16560,138,-0.010057468750000001,9,11,hiphop/groove6
9,11,42,0:449,note_on,0,16560,23.793097500000002,42,127,"{'type': 'note_on', 'time': 0, 'note': 22, 'velocity': 127, 'channel': 9}",0,16560,138,0.0,9,11,hiphop/groove6
9,12,42,0:453,note_on,0,16670,23.9511434375,42,19,"{'type': 'note_on', 'time': 0, 'note': 42, 'velocity': 19, 'channel': 9}",-10,16680,139,-0.0143678125,9,12,hiphop/groove6
9,13,38,0:455,note_on,45,16785,24.116373281250002,38,105,"{'type': 'note_on', 'time': 45, 'note': 38, 'velocity': 105, 'channel': 9}",-15,16800,140,-0.02155171875,9,13,hiphop/groove6
9,13,42,0:457,note_on,0,16791,24.12499396875,42,127,"{'type': 'note_on', 'time': 0, 'note': 22, 'velocity': 127, 'channel': 9}",-9,16800,140,-0.01293103125,9,13,hiphop/groove6
9,14,42,0:461,note_on,0,16905,24.288787031250003,42,32,"{'type': 'note_on', 'time': 0, 'note': 42, 'velocity': 32, 'channel': 9}",-15,16920,141,-0.02155171875,9,14,hiphop/groove6
9,14,36,0:462,note_on,4,16909,24.294534156250002,36,55,"{'type': 'note_on', 'time': 4, 'note': 36, 'velocity': 55, 'channel': 9}",-11,16920,141,-0.015804593750000002,9,14,hiphop/groove6
9,15,38,0:465,note_on,35,17015,24.44683296875,38,12,"{'type': 'note_on', 'time': 35, 'note': 38, 'velocity': 12, 'channel': 9}",-25,17040,142,-0.035919531250000004,9,15,hiphop/groove6
9,15,42,0:467,note_on,0,17020,24.454016875,42,127,"{'type': 'note_on', 'time': 0, 'note': 22, 'velocity': 127, 'channel': 9}",-20,17040,142,-0.028735625,9,15,hiphop/groove6
9,16,42,0:471,note_on,0,17136,24.620683500000002,42,34,"{'type': 'note_on', 'time': 0, 'note': 42, 'velocity': 34, 'channel': 9}",-24,17160,143,-0.034482750000000006,9,16,hiphop/groove6
9,16,36,0:472,note_on,10,17146,24.635051312500003,36,30,"{'type': 'note_on', 'time': 10, 'note': 36, 'velocity': 30, 'channel': 9}",-14,17160,143,-0.020114937500000003,9,16,hiphop/groove6
10,1,36,0:475,note_on,35,17251,24.785913343750003,36,57,"{'type': 'note_on', 'time': 35, 'note': 36, 'velocity': 57, 'channel': 9}",-29,17280,144,-0.04166665625,10,1,hiphop/groove6
10,1,42,0:477,note_on,0,17259,24.797407593750002,42,127,"{'type': 'note_on', 'time': 0, 'note': 22, 'velocity': 127, 'channel': 9}",-21,17280,144,-0.030172406250000002,10,1,hiphop/groove6
10,2,42,0:481,note_on,0,17373,24.961200656250004,42,38,"{'type': 'note_on', 'time': 0, 'note': 42, 'velocity': 38, 'channel': 9}",-27,17400,145,-0.03879309375,10,2,hiphop/groove6
10,3,38,0:483,note_on,22,17465,25.093384531250003,38,11,"{'type': 'note_on', 'time': 22, 'note': 38, 'velocity': 11, 'channel': 9}",-55,17520,146,-0.07902296875,10,3,hiphop/groove6
10,3,42,0:485,note_on,0,17496,25.137924750000003,42,127,"{'type': 'note_on', 'time': 0, 'note': 22, 'velocity': 127, 'channel': 9}",-24,17520,146,-0.034482750000000006,10,3,hiphop/groove6
10,4,42,0:489,note_on,0,17616,25.310338500000004,42,43,"{'type': 'note_on', 'time': 0, 'note': 42, 'velocity': 43, 'channel': 9}",-24,17640,147,-0.034482750000000006,10,4,hiphop/groove6
10,4,36,0:490,note_on,12,17628,25.327579875,36,34,"{'type': 'note_on', 'time': 12, 'note': 36, 'velocity': 34, 'channel': 9}",-12,17640,147,-0.017241375000000003,10,4,hiphop/groove6
10,5,38,0:493,note_on,46,17744,25.494246500000003,38,105,"{'type': 'note_on', 'time': 46, 'note': 40, 'velocity': 105, 'channel': 9}",-16,17760,148,-0.022988500000000002,10,5,hiphop/groove6
10,5,42,0:495,note_on,0,17748,25.499993625000002,42,127,"{'type': 'note_on', 'time': 0, 'note': 22, 'velocity': 127, 'channel': 9}",-12,17760,148,-0.017241375000000003,10,5,hiphop/groove6
10,6,42,0:499,note_on,0,17863,25.665223468750003,42,43,"{'type': 'note_on', 'time': 0, 'note': 42, 'velocity': 43, 'channel': 9}",-17,17880,149,-0.024425281250000003,10,6,hiphop/groove6
10,7,38,0:501,note_on,24,17957,25.800280906250002,38,12,"{'type': 'note_on', 'time': 24, 'note': 38, 'velocity': 12, 'channel': 9}",-43,18000,150,-0.06178159375,10,7,hiphop/groove6
10,7,42,0:503,note_on,0,17993,25.852005031250002,42,127,"{'type': 'note_on', 'time': 0, 'note': 22, 'velocity': 127, 'channel': 9}",-7,18000,150,-0.010057468750000001,10,7,hiphop/groove6
10,8,42,0:507,note_on,0,18108,26.017234875000003,42,43,"{'type': 'note_on', 'time': 0, 'note': 42, 'velocity': 43, 'channel': 9}",-12,18120,151,-0.017241375000000003,10,8,hiphop/groove6
10,8,36,0:508,note_on,7,18115,26.027292343750002,36,43,"{'type': 'note_on', 'time': 7, 'note': 36, 'velocity': 43, 'channel': 9}",-5,18120,151,-0.00718390625,10,8,hiphop/groove6
10,9,42,0:512,note_on,0,18233,26.196832531250003,42,127,"{'type': 'note_on', 'time': 0, 'note': 22, 'velocity': 127, 'channel': 9}",-7,18240,152,-0.010057468750000001,10,9,hiphop/groove6
10,10,42,0:515,note_on,0,18343,26.35487846875,42,46,"{'type': 'note_on', 'time': 0, 'note': 42, 'velocity': 46, 'channel': 9}",-17,18360,153,-0.024425281250000003,10,10,hiphop/groove6
10,10,36,0:516,note_on,11,18354,26.370683062500003,36,24,"{'type': 'note_on', 'time': 11, 'note': 36, 'velocity': 24, 'channel': 9}",-6,18360,153,-0.008620687500000002,10,10,hiphop/groove6
10,11,36,0:519,note_on,40,18465,26.530165781250002,36,54,"{'type': 'note_on', 'time': 40, 'note': 36, 'velocity': 54, 'channel': 9}",-15,18480,154,-0.02155171875,10,11,hiphop/groove6
10,11,42,0:521,note_on,0,18469,26.53591290625,42,127,"{'type': 'note_on', 'time': 0, 'note': 22, 'velocity': 127, 'channel': 9}",-11,18480,154,-0.015804593750000002,10,11,hiphop/groove6
10,13,36,0:524,note_on,164,18704,26.873556500000003,36,57,"{'type': 'note_on', 'time': 164, 'note': 36, 'velocity': 57, 'channel': 9}",-16,18720,156,-0.022988500000000002,10,13,hiphop/groove6
10,15,36,0:526,note_on,173,18947,27.222694343750003,36,53,"{'type': 'note_on', 'time': 173, 'note': 36, 'velocity': 53, 'channel': 9}",-13,18960,158,-0.01867815625,10,15,hiphop/groove6
11,1,36,0:528,note_on,174,19191,27.573268968750003,36,57,"{'type': 'note_on', 'time': 174, 'note': 36, 'velocity': 57, 'channel': 9}",-9,19200,160,-0.01293103125,11,1,hiphop/groove6
11,5,38,0:530,note_on,407,19668,28.258613625000002,38,99,"{'type': 'note_on', 'time': 407, 'note': 40, 'velocity': 99, 'channel': 9}",-12,19680,164,-0.017241375000000003,11,5,hiphop/groove6
11,5,42,0:532,note_on,0,19674,28.2672343125,42,127,"{'type': 'note_on', 'time': 0, 'note': 22, 'velocity': 127, 'channel': 9}",-6,19680,164,-0.008620687500000002,11,5,hiphop/groove6
11,6,42,0:536,note_on,0,19787,28.429590593750003,42,40,"{'type': 'note_on', 'time': 0, 'note': 42, 'velocity': 40, 'channel': 9}",-13,19800,165,-0.01867815625,11,6,hiphop/groove6
11,7,42,0:539,note_on,0,19913,28.610625031250002,42,127,"{'type': 'note_on', 'time': 0, 'note': 22, 'velocity': 127, 'channel': 9}",-7,19920,166,-0.010057468750000001,11,7,hiphop/groove6
11,8,42,0:542,note_on,0,20020,28.764360625000002,42,31,"{'type': 'note_on', 'time': 0, 'note': 42, 'velocity': 31, 'channel': 9}",-20,20040,167,-0.028735625,11,8,hiphop/groove6
11,8,36,0:543,note_on,2,20022,28.7672341875,36,43,"{'type': 'note_on', 'time': 2, 'note': 36, 'velocity': 43, 'channel': 9}",-18,20040,167,-0.0258620625,11,8,hiphop/groove6
11,9,42,0:547,note_on,0,20146,28.9453950625,42,127,"{'type': 'note_on', 'time': 0, 'note': 22, 'velocity': 127, 'channel': 9}",-14,20160,168,-0.020114937500000003,11,9,hiphop/groove6
11,10,36,0:549,note_on,41,20257,29.104877781250003,36,22,"{'type': 'note_on', 'time': 41, 'note': 36, 'velocity': 22, 'channel': 9}",-23,20280,169,-0.03304596875,11,10,hiphop/groove6
11,10,42,0:551,note_on,0,20261,29.110624906250003,42,38,"{'type': 'note_on', 'time': 0, 'note': 42, 'velocity': 38, 'channel': 9}",-19,20280,169,-0.027298843750000003,11,10,hiphop/groove6
11,11,36,0:554,note_on,48,20380,29.281601875000003,36,44,"{'type': 'note_on', 'time': 48, 'note': 36, 'velocity': 44, 'channel': 9}",-20,20400,170,-0.028735625,11,11,hiphop/groove6
11,11,42,0:556,note_on,0,20387,29.291659343750002,42,127,"{'type': 'note_on', 'time': 0, 'note': 22, 'velocity': 127, 'channel': 9}",-13,20400,170,-0.01867815625,11,11,hiphop/groove6
11,12,42,0:560,note_on,0,20497,29.44970528125,42,23,"{'type': 'note_on', 'time': 0, 'note': 42, 'velocity': 23, 'channel': 9}",-23,20520,171,-0.03304596875,11,12,hiphop/groove6
11,13,38,0:562,note_on,52,20620,29.626429375000004,38,109,"{'type': 'note_on', 'time': 52, 'note': 40, 'velocity': 109, 'channel': 9}",-20,20640,172,-0.028735625,11,13,hiphop/groove6
11,13,42,0:564,note_on,0,20625,29.633613281250003,42,127,"{'type': 'note_on', 'time': 0, 'note': 22, 'velocity': 127, 'channel': 9}",-15,20640,172,-0.02155171875,11,13,hiphop/groove6
11,14,36,0:567,note_on,37,20732,29.787348875000003,36,45,"{'type': 'note_on', 'time': 37, 'note': 36, 'velocity': 45, 'channel': 9}",-28,20760,173,-0.040229875000000005,11,14,hiphop/groove6
11,14,42,0:569,note_on,0,20733,29.788785656250003,42,23,"{'type': 'note_on', 'time': 0, 'note': 42, 'velocity': 23, 'channel': 9}",-27,20760,173,-0.03879309375,11,14,hiphop/groove6
11,15,42,0:573,note_on,0,20856,29.965509750000002,42,127,"{'type': 'note_on', 'time': 0, 'note': 22, 'velocity': 127, 'channel': 9}",-24,20880,174,-0.034482750000000006,11,15,hiphop/groove6
11,16,42,0:576,note_on,0,20968,30.12642925,42,37,"{'type': 'note_on', 'time': 0, 'note': 42, 'velocity': 37, 'channel': 9}",-32,21000,175,-0.045977000000000004,11,16,hiphop/groove6
11,16,36,0:577,note_on,9,20977,30.139360281250003,36,18,"{'type': 'note_on', 'time': 9, 'note': 36, 'velocity': 18, 'channel': 9}",-23,21000,175,-0.03304596875,11,16,hiphop/groove6
12,1,36,0:580,note_on,43,21090,30.3017165625,36,53,"{'type': 'note_on', 'time': 43, 'note': 36, 'velocity': 53, 'channel': 9}",-30,21120,176,-0.0431034375,12,1,hiphop/groove6
12,1,42,0:582,note_on,0,21093,30.306026906250004,42,127,"{'type': 'note_on', 'time': 0, 'note': 22, 'velocity': 127, 'channel': 9}",-27,21120,176,-0.03879309375,12,1,hiphop/groove6
12,2,42,0:586,note_on,0,21210,30.4741303125,42,41,"{'type': 'note_on', 'time': 0, 'note': 42, 'velocity': 41, 'channel': 9}",-30,21240,177,-0.0431034375,12,2,hiphop/groove6
12,3,42,0:589,note_on,0,21332,30.649417625,42,127,"{'type': 'note_on', 'time': 0, 'note': 22, 'velocity': 127, 'channel': 9}",-28,21360,178,-0.040229875000000005,12,3,hiphop/groove6
12,4,42,0:592,note_on,0,21457,30.82901528125,42,32,"{'type': 'note_on', 'time': 0, 'note': 42, 'velocity': 32, 'channel': 9}",-23,21480,179,-0.03304596875,12,4,hiphop/groove6
12,5,38,0:594,note_on,57,21584,31.011486500000004,38,96,"{'type': 'note_on', 'time': 57, 'note': 40, 'velocity': 96, 'channel': 9}",-16,21600,180,-0.022988500000000002,12,5,hiphop/groove6
12,5,42,0:596,note_on,0,21588,31.017233625000003,42,127,"{'type': 'note_on', 'time': 0, 'note': 22, 'velocity': 127, 'channel': 9}",-12,21600,180,-0.017241375000000003,12,5,hiphop/groove6
12,6,42,0:600,note_on,0,21708,31.189647375000003,42,32,"{'type': 'note_on', 'time': 0, 'note': 42, 'velocity': 32, 'channel': 9}",-12,21720,181,-0.017241375000000003,12,6,hiphop/groove6
12,7,42,0:603,note_on,0,21832,31.367808250000003,42,127,"{'type': 'note_on', 'time': 0, 'note': 22, 'velocity': 127, 'channel': 9}",-8,21840,182,-0.011494250000000001,12,7,hiphop/groove6
12,8,42,0:606,note_on,0,21945,31.53016453125,42,38,"{'type': 'note_on', 'time': 0, 'note': 42, 'velocity': 38, 'channel': 9}",-15,21960,183,-0.02155171875,12,8,hiphop/groove6
12,8,36,0:607,note_on,4,21949,31.535911656250004,36,40,"{'type': 'note_on', 'time': 4, 'note': 36, 'velocity': 40, 'channel': 9}",-11,21960,183,-0.015804593750000002,12,8,hiphop/groove6
12,9,42,0:611,note_on,0,22070,31.709762187500004,42,127,"{'type': 'note_on', 'time': 0, 'note': 22, 'velocity': 127, 'channel': 9}",-10,22080,184,-0.0143678125,12,9,hiphop/groove6
12,10,36,0:614,note_on,0,22187,31.877865593750002,36,30,"{'type': 'note_on', 'time': 0, 'note': 36, 'velocity': 30, 'channel': 9}",-13,22200,185,-0.01867815625,12,10,hiphop/groove6
12,10,42,0:615,note_on,0,22187,31.877865593750002,42,41,"{'type': 'note_on', 'time': 0, 'note': 42, 'velocity': 41, 'channel': 9}",-13,22200,185,-0.01867815625,12,10,hiphop/groove6
12,11,42,0:619,note_on,0,22309,32.053152906250006,42,127,"{'type': 'note_on', 'time': 0, 'note': 22, 'velocity': 127, 'channel': 9}",-11,22320,186,-0.015804593750000002,12,11,hiphop/groove6
12,11,36,0:620,note_on,4,22313,32.058900031250005,36,56,"{'type': 'note_on', 'time': 4, 'note': 36, 'velocity': 56, 'channel': 9}",-7,22320,186,-0.010057468750000001,12,11,hiphop/groove6
12,13,36,0:623,note_on,167,22550,32.399417187500006,36,52,"{'type': 'note_on', 'time': 167, 'note': 36, 'velocity': 52, 'channel': 9}",-10,22560,188,-0.0143678125,12,13,hiphop/groove6
12,15,36,0:625,note_on,168,22788,32.741371125,36,49,"{'type': 'note_on', 'time': 168, 'note': 36, 'velocity': 49, 'channel': 9}",-12,22800,190,-0.017241375000000003,12,15,hiphop/groove6
13,1,36,0:627,note_on,173,23031,33.09050896875,36,55,"{'type': 'note_on', 'time': 173, 'note': 36, 'velocity': 55, 'channel': 9}",-9,23040,192,-0.01293103125,13,1,hiphop/groove6
13,5,38,0:629,note_on,405,23506,33.772980062500004,38,113,"{'type': 'note_on', 'time': 405, 'note': 38, 'velocity': 113, 'channel': 9}",-14,23520,196,-0.020114937500000003,13,5,hiphop/groove6
13,5,42,0:631,note_on,0,23518,33.7902214375,42,127,"{'type': 'note_on', 'time': 0, 'note': 22, 'velocity': 127, 'channel': 9}",-2,23520,196,-0.0028735625000000002,13,5,hiphop/groove6
13,6,42,0:635,note_on,0,23628,33.948267375,42,38,"{'type': 'note_on', 'time': 0, 'note': 42, 'velocity': 38, 'channel': 9}",-12,23640,197,-0.017241375000000003,13,6,hiphop/groove6
13,7,42,0:638,note_on,0,23751,34.124991468750004,42,127,"{'type': 'note_on', 'time': 0, 'note': 22, 'velocity': 127, 'channel': 9}",-9,23760,198,-0.01293103125,13,7,hiphop/groove6
13,8,42,0:641,note_on,0,23854,34.272979937500004,42,39,"{'type': 'note_on', 'time': 0, 'note': 42, 'velocity': 39, 'channel': 9}",-26,23880,199,-0.0373563125,13,8,hiphop/groove6
13,8,36,0:642,note_on,5,23859,34.28016384375,36,45,"{'type': 'note_on', 'time': 5, 'note': 36, 'velocity': 45, 'channel': 9}",-21,23880,199,-0.030172406250000002,13,8,hiphop/groove6
13,9,38,0:645,note_on,37,23966,34.4338994375,38,7,"{'type': 'note_on', 'time': 37, 'note': 38, 'velocity': 7, 'channel': 9}",-34,24000,200,-0.04885056250000001,13,9,hiphop/groove6
13,9,42,0:647,note_on,0,23979,34.45257759375,42,127,"{'type': 'note_on', 'time': 0, 'note': 22, 'velocity': 127, 'channel': 9}",-21,24000,200,-0.030172406250000002,13,9,hiphop/groove6
13,10,42,0:651,note_on,0,24098,34.623554562500004,42,39,"{'type': 'note_on', 'time': 0, 'note': 42, 'velocity': 39, 'channel': 9}",-22,24120,201,-0.031609187500000004,13,10,hiphop/groove6
13,10,36,0:652,note_on,4,24102,34.6293016875,36,24,"{'type': 'note_on', 'time': 4, 'note': 36, 'velocity': 24, 'channel': 9}",-18,24120,201,-0.0258620625,13,10,hiphop/groove6
13,11,36,0:655,note_on,45,24217,34.79453153125,36,52,"{'type': 'note_on', 'time': 45, 'note': 36, 'velocity': 52, 'channel': 9}",-23,24240,202,-0.03304596875,13,11,hiphop/groove6
13,11,42,0:657,note_on,0,24219,34.79740509375,42,127,"{'type': 'note_on', 'time': 0, 'note': 22, 'velocity': 127, 'channel': 9}",-21,24240,202,-0.030172406250000002,13,11,hiphop/groove6
13,12,42,0:661,note_on,0,24338,34.968382062500005,42,24,"{'type': 'note_on', 'time': 0, 'note': 42, 'velocity': 24, 'channel': 9}",-22,24360,203,-0.031609187500000004,13,12,hiphop/groove6
13,13,42,0:665,note_on,0,24456,35.13792225,42,127,"{'type': 'note_on', 'time': 0, 'note': 22, 'velocity': 127, 'channel': 9}",-24,24480,204,-0.034482750000000006,13,13,hiphop/groove6
13,14,36,0:670,note_on,9,24568,35.29884175,36,43,"{'type': 'note_on', 'time': 9, 'note': 36, 'velocity': 43, 'channel': 9}",-32,24600,205,-0.045977000000000004,13,14,hiphop/groove6
13,14,42,0:672,note_on,0,24569,35.30027853125,42,28,"{'type': 'note_on', 'time': 0, 'note': 42, 'velocity': 28, 'channel': 9}",-31,24600,205,-0.044540218750000006,13,14,hiphop/groove6
13,15,42,0:676,note_on,0,24690,35.474129062500005,42,127,"{'type': 'note_on', 'time': 0, 'note': 22, 'velocity': 127, 'channel': 9}",-30,24720,206,-0.0431034375,13,15,hiphop/groove6
13,16,42,0:679,note_on,0,24797,35.627864656250004,42,30,"{'type': 'note_on', 'time': 0, 'note': 42, 'velocity': 30, 'channel': 9}",-43,24840,207,-0.06178159375,13,16,hiphop/groove6
13,16,36,0:680,note_on,17,24814,35.6522899375,36,23,"{'type': 'note_on', 'time': 17, 'note': 36, 'velocity': 23, 'channel': 9}",-26,24840,207,-0.0373563125,13,16,hiphop/groove6
14,1,42,0:684,note_on,0,24925,35.81177265625,42,127,"{'type': 'note_on', 'time': 0, 'note': 22, 'velocity': 127, 'channel': 9}",-35,24960,208,-0.050287343750000005,14,1,hiphop/groove6
14,1,36,0:685,note_on,2,24927,35.814646218750006,36,44,"{'type': 'note_on', 'time': 2, 'note': 36, 'velocity': 44, 'channel': 9}",-33,24960,208,-0.04741378125,14,1,hiphop/groove6
14,2,42,0:689,note_on,0,25049,35.98993353125,42,44,"{'type': 'note_on', 'time': 0, 'note': 42, 'velocity': 44, 'channel': 9}",-31,25080,209,-0.044540218750000006,14,2,hiphop/groove6
14,3,42,0:692,note_on,0,25172,36.166657625000006,42,127,"{'type': 'note_on', 'time': 0, 'note': 22, 'velocity': 127, 'channel': 9}",-28,25200,210,-0.040229875000000005,14,3,hiphop/groove6
14,4,42,0:695,note_on,0,25292,36.339071375,42,30,"{'type': 'note_on', 'time': 0, 'note': 42, 'velocity': 30, 'channel': 9}",-28,25320,211,-0.040229875000000005,14,4,hiphop/groove6
14,5,38,0:697,note_on,58,25420,36.522979375000006,38,100,"{'type': 'note_on', 'time': 58, 'note': 40, 'velocity': 100, 'channel': 9}",-20,25440,212,-0.028735625,14,5,hiphop/groove6
14,5,42,0:699,note_on,0,25428,36.534473625000004,42,127,"{'type': 'note_on', 'time': 0, 'note': 22, 'velocity': 127, 'channel': 9}",-12,25440,212,-0.017241375000000003,14,5,hiphop/groove6
14,6,42,0:703,note_on,0,25543,36.69970346875,42,33,"{'type': 'note_on', 'time': 0, 'note': 42, 'velocity': 33, 'channel': 9}",-17,25560,213,-0.024425281250000003,14,6,hiphop/groove6
14,7,42,0:706,note_on,0,25671,36.883611468750004,42,127,"{'type': 'note_on', 'time': 0, 'note': 22, 'velocity': 127, 'channel': 9}",-9,25680,214,-0.01293103125,14,7,hiphop/groove6
14,8,38,0:708,note_on,33,25774,37.031599937500005,38,13,"{'type': 'note_on', 'time': 33, 'note': 38, 'velocity': 13, 'channel': 9}",-26,25800,215,-0.0373563125,14,8,hiphop/groove6
14,8,36,0:709,note_on,7,25781,37.04165740625,36,43,"{'type': 'note_on', 'time': 7, 'note': 36, 'velocity': 43, 'channel': 9}",-19,25800,215,-0.027298843750000003,14,8,hiphop/groove6
14,8,42,0:711,note_on,0,25785,37.04740453125,42,36,"{'type': 'note_on', 'time': 0, 'note': 42, 'velocity': 36, 'channel': 9}",-15,25800,215,-0.02155171875,14,8,hiphop/groove6
14,9,42,0:716,note_on,0,25912,37.229875750000005,42,127,"{'type': 'note_on', 'time': 0, 'note': 22, 'velocity': 127, 'channel': 9}",-8,25920,216,-0.011494250000000001,14,9,hiphop/groove6
14,10,36,0:718,note_on,42,26025,37.39223203125,36,22,"{'type': 'note_on', 'time': 42, 'note': 36, 'velocity': 22, 'channel': 9}",-15,26040,217,-0.02155171875,14,10,hiphop/groove6
14,10,42,0:720,note_on,0,26027,37.39510559375,42,38,"{'type': 'note_on', 'time': 0, 'note': 42, 'velocity': 38, 'channel': 9}",-13,26040,217,-0.01867815625,14,10,hiphop/groove6
14,11,36,0:723,note_on,39,26137,37.55315153125,36,45,"{'type': 'note_on', 'time': 39, 'note': 36, 'velocity': 45, 'channel': 9}",-23,26160,218,-0.03304596875,14,11,hiphop/groove6
14,11,42,0:725,note_on,0,26147,37.56751934375,42,127,"{'type': 'note_on', 'time': 0, 'note': 22, 'velocity': 127, 'channel': 9}",-13,26160,218,-0.01867815625,14,11,hiphop/groove6
14,13,36,0:728,note_on,159,26376,37.89654225,36,52,"{'type': 'note_on', 'time': 159, 'note': 36, 'velocity': 52, 'channel': 9}",-24,26400,220,-0.034482750000000006,14,13,hiphop/groove6
14,15,36,0:730,note_on,174,26620,38.247116875,36,50,"{'type': 'note_on', 'time': 174, 'note': 36, 'velocity': 50, 'channel': 9}",-20,26640,222,-0.028735625,14,15,hiphop/groove6
15,1,36,0:732,note_on,174,26864,38.5976915,36,52,"{'type': 'note_on', 'time': 174, 'note': 36, 'velocity': 52, 'channel': 9}",-16,26880,224,-0.022988500000000002,15,1,hiphop/groove6
15,5,38,0:734,note_on,413,27348,39.293093625000004,38,95,"{'type': 'note_on', 'time': 413, 'note': 40, 'velocity': 95, 'channel': 9}",-12,27360,228,-0.017241375000000003,15,5,hiphop/groove6
15,5,42,0:736,note_on,0,27360,39.310335,42,125,"{'type': 'note_on', 'time': 0, 'note': 22, 'velocity': 125, 'channel': 9}",0,27360,228,0.0,15,5,hiphop/groove6
15,6,42,0:740,note_on,0,27467,39.46407059375,42,36,"{'type': 'note_on', 'time': 0, 'note': 42, 'velocity': 36, 'channel': 9}",-13,27480,229,-0.01867815625,15,6,hiphop/groove6
15,7,42,0:743,note_on,0,27595,39.647978593750004,42,127,"{'type': 'note_on', 'time': 0, 'note': 22, 'velocity': 127, 'channel': 9}",-5,27600,230,-0.00718390625,15,7,hiphop/groove6
15,8,42,0:746,note_on,0,27704,39.80458775,42,31,"{'type': 'note_on', 'time': 0, 'note': 42, 'velocity': 31, 'channel': 9}",-16,27720,231,-0.022988500000000002,15,8,hiphop/groove6
15,8,36,0:747,note_on,2,27706,39.8074613125,36,41,"{'type': 'note_on', 'time': 2, 'note': 36, 'velocity': 41, 'channel': 9}",-14,27720,231,-0.020114937500000003,15,8,hiphop/groove6
15,9,42,0:751,note_on,0,27827,39.98131184375001,42,127,"{'type': 'note_on', 'time': 0, 'note': 22, 'velocity': 127, 'channel': 9}",-13,27840,232,-0.01867815625,15,9,hiphop/groove6
15,10,36,0:753,note_on,44,27941,40.145104906250005,36,26,"{'type': 'note_on', 'time': 44, 'note': 36, 'velocity': 26, 'channel': 9}",-19,27960,233,-0.027298843750000003,15,10,hiphop/groove6
15,10,42,0:755,note_on,0,27946,40.152288812500004,42,34,"{'type': 'note_on', 'time': 0, 'note': 42, 'velocity': 34, 'channel': 9}",-14,27960,233,-0.020114937500000003,15,10,hiphop/groove6
15,11,36,0:758,note_on,43,28059,40.31464509375,36,48,"{'type': 'note_on', 'time': 43, 'note': 36, 'velocity': 48, 'channel': 9}",-21,28080,234,-0.030172406250000002,15,11,hiphop/groove6
15,11,42,0:760,note_on,0,28069,40.32901290625,42,127,"{'type': 'note_on', 'time': 0, 'note': 22, 'velocity': 127, 'channel': 9}",-11,28080,234,-0.015804593750000002,15,11,hiphop/groove6
15,12,42,0:764,note_on,0,28178,40.485622062500006,42,24,"{'type': 'note_on', 'time': 0, 'note': 42, 'velocity': 24, 'channel': 9}",-22,28200,235,-0.031609187500000004,15,12,hiphop/groove6
15,13,38,0:766,note_on,48,28297,40.65659903125,38,93,"{'type': 'note_on', 'time': 48, 'note': 40, 'velocity': 93, 'channel': 9}",-23,28320,236,-0.03304596875,15,13,hiphop/groove6
15,13,42,0:768,note_on,0,28305,40.66809328125,42,127,"{'type': 'note_on', 'time': 0, 'note': 22, 'velocity': 127, 'channel': 9}",-15,28320,236,-0.02155171875,15,13,hiphop/groove6
15,14,36,0:771,note_on,37,28412,40.821828875,36,45,"{'type': 'note_on', 'time': 37, 'note': 36, 'velocity': 45, 'channel': 9}",-28,28440,237,-0.040229875000000005,15,14,hiphop/groove6
15,14,42,0:773,note_on,0,28414,40.8247024375,42,21,"{'type': 'note_on', 'time': 0, 'note': 42, 'velocity': 21, 'channel': 9}",-26,28440,237,-0.0373563125,15,14,hiphop/groove6
15,15,42,0:777,note_on,0,28540,41.005736875000004,42,127,"{'type': 'note_on', 'time': 0, 'note': 22, 'velocity': 127, 'channel': 9}",-20,28560,238,-0.028735625,15,15,hiphop/groove6
15,16,42,0:780,note_on,0,28653,41.16809315625,42,44,"{'type': 'note_on', 'time': 0, 'note': 42, 'velocity': 44, 'channel': 9}",-27,28680,239,-0.03879309375,15,16,hiphop/groove6
15,16,36,0:781,note_on,5,28658,41.1752770625,36,24,"{'type': 'note_on', 'time': 5, 'note': 36, 'velocity': 24, 'channel': 9}",-22,28680,239,-0.031609187500000004,15,16,hiphop/groove6
16,1,36,0:784,note_on,50,28778,41.347690812500005,36,49,"{'type': 'note_on', 'time': 50, 'note': 36, 'velocity': 49, 'channel': 9}",-22,28800,240,-0.031609187500000004,16,1,hiphop/groove6
16,1,42,0:786,note_on,0,28781,41.352001156250004,42,127,"{'type': 'note_on', 'time': 0, 'note': 22, 'velocity': 127, 'channel': 9}",-19,28800,240,-0.027298843750000003,16,1,hiphop/groove6
16,2,42,0:790,note_on,0,28902,41.5258516875,42,41,"{'type': 'note_on', 'time': 0, 'note': 42, 'velocity': 41, 'channel': 9}",-18,28920,241,-0.0258620625,16,2,hiphop/groove6
16,3,42,0:793,note_on,0,29019,41.693955093750006,42,127,"{'type': 'note_on', 'time': 0, 'note': 22, 'velocity': 127, 'channel': 9}",-21,29040,242,-0.030172406250000002,16,3,hiphop/groove6
16,4,42,0:796,note_on,0,29150,41.8821734375,42,42,"{'type': 'note_on', 'time': 0, 'note': 42, 'velocity': 42, 'channel': 9}",-10,29160,243,-0.0143678125,16,4,hiphop/groove6
16,5,38,0:798,note_on,50,29270,42.054587187500005,38,95,"{'type': 'note_on', 'time': 50, 'note': 40, 'velocity': 95, 'channel': 9}",-10,29280,244,-0.0143678125,16,5,hiphop/groove6
16,5,42,0:800,note_on,0,29274,42.060334312500004,42,127,"{'type': 'note_on', 'time': 0, 'note': 22, 'velocity': 127, 'channel': 9}",-6,29280,244,-0.008620687500000002,16,5,hiphop/groove6
16,6,42,0:804,note_on,0,29388,42.224127375,42,38,"{'type': 'note_on', 'time': 0, 'note': 42, 'velocity': 38, 'channel': 9}",-12,29400,245,-0.017241375000000003,16,6,hiphop/groove6
16,7,42,0:807,note_on,0,29507,42.395104343750006,42,127,"{'type': 'note_on', 'time': 0, 'note': 22, 'velocity': 127, 'channel': 9}",-13,29520,246,-0.01867815625,16,7,hiphop/groove6
16,7,38,0:808,note_on,14,29521,42.41521928125,38,18,"{'type': 'note_on', 'time': 14, 'note': 38, 'velocity': 18, 'channel': 9}",1,29520,246,0.0014367812500000001,16,7,hiphop/groove6
16,8,42,0:812,note_on,0,29622,42.560334187500004,42,40,"{'type': 'note_on', 'time': 0, 'note': 42, 'velocity': 40, 'channel': 9}",-18,29640,247,-0.0258620625,16,8,hiphop/groove6
16,8,36,0:813,note_on,5,29627,42.56751809375,36,42,"{'type': 'note_on', 'time': 5, 'note': 36, 'velocity': 42, 'channel': 9}",-13,29640,247,-0.01867815625,16,8,hiphop/groove6
16,8,38,0:816,note_on,2,29699,42.67096634375,38,12,"{'type': 'note_on', 'time': 2, 'note': 38, 'velocity': 12, 'channel': 9}",59,29640,247,0.08477009375000001,16,8,hiphop/groove6
16,9,38,0:817,note_on,34,29733,42.71981690625,38,7,"{'type': 'note_on', 'time': 34, 'note': 38, 'velocity': 7, 'channel': 9}",-27,29760,248,-0.03879309375,16,9,hiphop/groove6
16,9,42,0:820,note_on,0,29741,42.73131115625,42,127,"{'type': 'note_on', 'time': 0, 'note': 22, 'velocity': 127, 'channel': 9}",-19,29760,248,-0.027298843750000003,16,9,hiphop/groove6
16,10,42,0:824,note_on,0,29848,42.88504675,42,37,"{'type': 'note_on', 'time': 0, 'note': 42, 'velocity': 37, 'channel': 9}",-32,29880,249,-0.045977000000000004,16,10,hiphop/groove6
16,10,36,0:825,note_on,12,29860,42.902288125000005,36,21,"{'type': 'note_on', 'time': 12, 'note': 36, 'velocity': 21, 'channel': 9}",-20,29880,249,-0.028735625,16,10,hiphop/groove6
16,11,36,0:828,note_on,47,29977,43.07039153125,36,48,"{'type': 'note_on', 'time': 47, 'note': 36, 'velocity': 48, 'channel': 9}",-23,30000,250,-0.03304596875,16,11,hiphop/groove6
16,11,42,0:830,note_on,0,29979,43.07326509375,42,127,"{'type': 'note_on', 'time': 0, 'note': 22, 'velocity': 127, 'channel': 9}",-21,30000,250,-0.030172406250000002,16,11,hiphop/groove6
16,12,42,0:834,note_on,0,30103,43.251425968750006,42,30,"{'type': 'note_on', 'time': 0, 'note': 42, 'velocity': 30, 'channel': 9}",-17,30120,251,-0.024425281250000003,16,12,hiphop/groove6
16,13,38,0:836,note_on,52,30225,43.42671328125,38,103,"{'type': 'note_on', 'time': 52, 'note': 38, 'velocity': 103, 'channel': 9}",-15,30240,252,-0.02155171875,16,13,hiphop/groove6
16,13,42,0:838,note_on,0,30232,43.43677075,42,127,"{'type': 'note_on', 'time': 0, 'note': 22, 'velocity': 127, 'channel': 9}",-8,30240,252,-0.011494250000000001,16,13,hiphop/groove6
16,15,36,0:841,note_on,139,30441,43.73705803125,36,29,"{'type': 'note_on', 'time': 139, 'note': 36, 'velocity': 29, 'channel': 9}",-39,30480,254,-0.056034468750000004,16,15,hiphop/groove6
