﻿Pitch,Roland Mapping,GM Mapping,MapToName,MapToNote
36,Kick,Bass Drum 1,Bass ,36
38,Snare (Head),Acoustic Snare,Snare ,38
40,Snare (Rim),Electric Snare,Snare ,38
37,Snare X-Stick,Side Stick,Snare ,38
48,Tom 1,Hi-Mid Tom,High Tom ,50
50,Tom 1 (Rim),High Tom,High Tom ,50
45,Tom 2,Low Tom,Low-Mid Tom ,47
47,Tom 2 (Rim),Low-Mid Tom,Low-Mid Tom ,47
43,Tom 3 (Head),High Floor Tom,High Floor Tom ,43
58,Tom 3 (Rim),Vibraslap,High Floor Tom ,43
46,HH Open (Bow),Open Hi-Hat,Open Hi-Hat ,46
26,HH Open (Edge),N/A,Open Hi-Hat ,46
42,HH Closed (Bow),Closed Hi-Hat,Closed Hi-Hat ,42
22,HH Closed (Edge),N/A,Closed Hi-Hat ,42
44,HH Pedal,Pedal Hi-Hat,Closed Hi-Hat ,42
49,Crash 1 (Bow),Crash Cymbal 1,Crash Cymbal ,49
55,Crash 1 (Edge),Splash Cymbal,Crash Cymbal ,49
57,Crash 2 (Bow),Crash Cymbal 2,Crash Cymbal ,49
52,Crash 2 (Edge),Chinese Cymbal,Crash Cymbal ,49
51,Ride (Bow),Ride Cymbal 1,Ride Cymbal ,51
59,Ride (Edge),Ride Cymbal 2,Ride Cymbal ,51
53,Ride (Bell),Ride Bell,Ride Cymbal ,51
